timestamp,regiao,unidade,consumo_mwh,capacidade_mwh,prioridade,custo_rs_mwh
2026-01-01 00:00,Centro-Oeste,CE-01,75.13,90.73,2,277.72
2026-01-01 00:00,Centro-Oeste,CE-02,88.64,119.55,2,224.13
2026-01-01 00:00,Nordeste,NO-01,78.44,107.04,1,214.92
2026-01-01 00:00,Nordeste,NO-02,78.6,109.02,3,199.05
2026-01-01 00:00,Norte,NO-01,89.4,118.62,5,208.53
2026-01-01 00:00,Norte,NO-02,60.48,88.36,1,189.77
2026-01-01 00:00,Sudeste,SU-01,75.97,88.06,5,284.61
2026-01-01 00:00,Sudeste,SU-02,85.77,100.5,2,275.84
2026-01-01 00:00,Sul,SU-01,94.39,116.75,2,254.0
2026-01-01 00:00,Sul,SU-02,75.21,91.57,3,268.21
2026-01-01 01:00,Centro-Oeste,CE-01,70.05,88.73,2,259.99
2026-01-01 01:00,Centro-Oeste,CE-02,81.58,124.53,2,173.18
2026-01-01 01:00,Nordeste,NO-01,79.63,104.94,1,245.69
2026-01-01 01:00,Nordeste,NO-02,74.88,102.94,3,205.47
2026-01-01 01:00,Norte,NO-01,83.19,117.48,5,207.87
2026-01-01 01:00,Norte,NO-02,59.86,89.23,1,171.87
2026-01-01 01:00,Sudeste,SU-01,70.43,89.4,5,251.65
2026-01-01 01:00,Sudeste,SU-02,83.4,100.41,2,270.74
2026-01-01 01:00,Sul,SU-01,95.02,117.66,2,248.04
2026-01-01 01:00,Sul,SU-02,78.06,91.89,3,278.0
2026-01-01 02:00,Centro-Oeste,CE-01,65.92,87.28,2,220.18
2026-01-01 02:00,Centro-Oeste,CE-02,78.48,119.45,2,180.01
2026-01-01 02:00,Nordeste,NO-01,73.77,105.51,1,196.97
2026-01-01 02:00,Nordeste,NO-02,75.31,106.49,3,201.32
2026-01-01 02:00,Norte,NO-01,80.43,119.81,5,187.16
2026-01-01 02:00,Norte,NO-02,59.25,88.51,1,186.54
2026-01-01 02:00,Sudeste,SU-01,66.15,87.69,5,225.93
2026-01-01 02:00,Sudeste,SU-02,79.73,104.85,2,227.96
2026-01-01 02:00,Sul,SU-01,93.21,119.09,2,247.41
2026-01-01 02:00,Sul,SU-02,74.73,92.0,3,253.18
2026-01-01 03:00,Centro-Oeste,CE-01,58.9,91.43,2,182.49
2026-01-01 03:00,Centro-Oeste,CE-02,73.65,124.0,2,140.44
2026-01-01 03:00,Nordeste,NO-01,74.65,108.22,1,202.85
2026-01-01 03:00,Nordeste,NO-02,66.8,106.43,3,174.88
2026-01-01 03:00,Norte,NO-01,80.16,118.89,5,187.26
2026-01-01 03:00,Norte,NO-02,53.45,91.14,1,140.49
2026-01-01 03:00,Sudeste,SU-01,63.57,90.16,5,198.26
2026-01-01 03:00,Sudeste,SU-02,74.15,102.93,2,202.89
2026-01-01 03:00,Sul,SU-01,86.76,117.75,2,197.18
2026-01-01 03:00,Sul,SU-02,69.39,93.49,3,230.28
2026-01-01 04:00,Centro-Oeste,CE-01,54.93,91.28,2,143.28
2026-01-01 04:00,Centro-Oeste,CE-02,68.71,119.61,2,156.25
2026-01-01 04:00,Nordeste,NO-01,71.13,108.71,1,180.75
2026-01-01 04:00,Nordeste,NO-02,67.0,111.3,3,141.52
2026-01-01 04:00,Norte,NO-01,75.39,124.05,5,147.45
2026-01-01 04:00,Norte,NO-02,51.49,87.04,1,151.92
2026-01-01 04:00,Sudeste,SU-01,60.82,95.57,5,181.3
2026-01-01 04:00,Sudeste,SU-02,70.7,101.2,2,198.32
2026-01-01 04:00,Sul,SU-01,83.59,120.31,2,191.78
2026-01-01 04:00,Sul,SU-02,66.95,94.81,3,199.58
2026-01-01 05:00,Centro-Oeste,CE-01,54.26,92.29,2,157.54
2026-01-01 05:00,Centro-Oeste,CE-02,67.52,124.18,2,149.57
2026-01-01 05:00,Nordeste,NO-01,69.58,110.53,1,161.48
2026-01-01 05:00,Nordeste,NO-02,61.36,112.26,3,155.83
2026-01-01 05:00,Norte,NO-01,74.09,128.88,5,152.05
2026-01-01 05:00,Norte,NO-02,50.19,93.78,1,152.58
2026-01-01 05:00,Sudeste,SU-01,60.35,89.86,5,186.52
2026-01-01 05:00,Sudeste,SU-02,68.16,105.88,2,180.84
2026-01-01 05:00,Sul,SU-01,80.87,118.89,2,182.99
2026-01-01 05:00,Sul,SU-02,66.3,93.82,3,196.28
2026-01-01 06:00,Centro-Oeste,CE-01,54.2,94.1,2,147.96
2026-01-01 06:00,Centro-Oeste,CE-02,67.3,123.7,2,150.24
2026-01-01 06:00,Nordeste,NO-01,71.96,112.13,1,149.74
2026-01-01 06:00,Nordeste,NO-02,64.72,113.78,3,152.91
2026-01-01 06:00,Norte,NO-01,70.15,124.82,5,159.81
2026-01-01 06:00,Norte,NO-02,51.14,91.16,1,143.61
2026-01-01 06:00,Sudeste,SU-01,60.52,94.74,5,179.35
2026-01-01 06:00,Sudeste,SU-02,71.65,103.84,2,182.47
2026-01-01 06:00,Sul,SU-01,82.32,129.66,2,171.91
2026-01-01 06:00,Sul,SU-02,61.92,97.24,3,163.31
2026-01-01 07:00,Centro-Oeste,CE-01,50.22,93.18,2,151.01
2026-01-01 07:00,Centro-Oeste,CE-02,62.5,133.72,2,150.88
2026-01-01 07:00,Nordeste,NO-01,67.04,113.4,1,141.24
2026-01-01 07:00,Nordeste,NO-02,62.87,114.87,3,136.18
2026-01-01 07:00,Norte,NO-01,79.99,128.85,5,157.27
2026-01-01 07:00,Norte,NO-02,51.49,95.47,1,144.95
2026-01-01 07:00,Sudeste,SU-01,60.53,97.27,5,158.43
2026-01-01 07:00,Sudeste,SU-02,68.4,111.17,2,154.6
2026-01-01 07:00,Sul,SU-01,76.5,123.88,2,165.09
2026-01-01 07:00,Sul,SU-02,65.24,99.17,3,179.0
2026-01-01 08:00,Centro-Oeste,CE-01,48.0,96.88,2,146.44
2026-01-01 08:00,Centro-Oeste,CE-02,61.32,130.66,2,131.15
2026-01-01 08:00,Nordeste,NO-01,67.07,114.46,1,144.82
2026-01-01 08:00,Nordeste,NO-02,63.48,118.58,3,156.71
2026-01-01 08:00,Norte,NO-01,73.41,133.36,5,145.47
2026-01-01 08:00,Norte,NO-02,52.25,94.53,1,150.93
2026-01-01 08:00,Sudeste,SU-01,58.06,98.69,5,134.61
2026-01-01 08:00,Sudeste,SU-02,72.3,108.79,2,183.12
2026-01-01 08:00,Sul,SU-01,76.57,128.31,2,148.96
2026-01-01 08:00,Sul,SU-02,59.92,96.42,3,168.98
2026-01-01 09:00,Centro-Oeste,CE-01,52.37,100.19,2,158.74
2026-01-01 09:00,Centro-Oeste,CE-02,62.03,133.21,2,147.45
2026-01-01 09:00,Nordeste,NO-01,69.12,112.62,1,167.74
2026-01-01 09:00,Nordeste,NO-02,66.76,117.9,3,153.14
2026-01-01 09:00,Norte,NO-01,72.39,127.24,5,157.08
2026-01-01 09:00,Norte,NO-02,55.38,98.27,1,154.81
2026-01-01 09:00,Sudeste,SU-01,67.74,98.79,5,195.28
2026-01-01 09:00,Sudeste,SU-02,74.64,112.48,2,177.03
2026-01-01 09:00,Sul,SU-01,75.62,127.57,2,137.87
2026-01-01 09:00,Sul,SU-02,61.05,100.2,3,167.52
2026-01-01 10:00,Centro-Oeste,CE-01,55.54,95.99,2,151.38
2026-01-01 10:00,Centro-Oeste,CE-02,62.02,132.81,2,140.15
2026-01-01 10:00,Nordeste,NO-01,66.69,113.26,1,151.84
2026-01-01 10:00,Nordeste,NO-02,65.44,118.67,3,159.27
2026-01-01 10:00,Norte,NO-01,79.96,130.75,5,141.66
2026-01-01 10:00,Norte,NO-02,57.03,98.19,1,163.02
2026-01-01 10:00,Sudeste,SU-01,68.11,98.78,5,198.14
2026-01-01 10:00,Sudeste,SU-02,81.81,113.93,2,210.02
2026-01-01 10:00,Sul,SU-01,79.15,132.72,2,161.34
2026-01-01 10:00,Sul,SU-02,67.3,101.07,3,171.1
2026-01-01 11:00,Centro-Oeste,CE-01,52.43,97.28,2,153.48
2026-01-01 11:00,Centro-Oeste,CE-02,67.13,133.0,2,151.41
2026-01-01 11:00,Nordeste,NO-01,68.73,119.6,1,156.06
2026-01-01 11:00,Nordeste,NO-02,70.08,127.02,3,157.34
2026-01-01 11:00,Norte,NO-01,81.99,135.08,5,145.66
2026-01-01 11:00,Norte,NO-02,61.43,100.64,1,154.16
2026-01-01 11:00,Sudeste,SU-01,69.78,102.88,5,181.16
2026-01-01 11:00,Sudeste,SU-02,79.94,115.66,2,193.2
2026-01-01 11:00,Sul,SU-01,82.84,134.58,2,161.38
2026-01-01 11:00,Sul,SU-02,62.66,101.61,3,146.79
2026-01-01 12:00,Centro-Oeste,CE-01,59.17,98.12,2,145.63
2026-01-01 12:00,Centro-Oeste,CE-02,72.42,136.65,2,152.33
2026-01-01 12:00,Nordeste,NO-01,77.77,114.3,1,193.73
2026-01-01 12:00,Nordeste,NO-02,69.31,118.78,3,141.78
2026-01-01 12:00,Norte,NO-01,88.21,133.29,5,181.54
2026-01-01 12:00,Norte,NO-02,60.48,99.34,1,162.55
2026-01-01 12:00,Sudeste,SU-01,73.34,100.97,5,215.92
2026-01-01 12:00,Sudeste,SU-02,84.78,111.78,2,235.08
2026-01-01 12:00,Sul,SU-01,83.72,132.65,2,167.05
2026-01-01 12:00,Sul,SU-02,68.57,102.35,3,199.64
2026-01-01 13:00,Centro-Oeste,CE-01,60.9,98.41,2,160.27
2026-01-01 13:00,Centro-Oeste,CE-02,78.76,133.13,2,137.17
2026-01-01 13:00,Nordeste,NO-01,77.0,119.39,1,179.53
2026-01-01 13:00,Nordeste,NO-02,75.41,118.67,3,165.6
2026-01-01 13:00,Norte,NO-01,97.85,132.05,5,223.02
2026-01-01 13:00,Norte,NO-02,67.29,96.61,1,181.17
2026-01-01 13:00,Sudeste,SU-01,75.92,102.09,5,237.01
2026-01-01 13:00,Sudeste,SU-02,85.9,116.39,2,211.25
2026-01-01 13:00,Sul,SU-01,91.19,135.51,2,190.95
2026-01-01 13:00,Sul,SU-02,73.76,102.63,3,196.12
2026-01-01 14:00,Centro-Oeste,CE-01,64.07,96.73,2,192.4
2026-01-01 14:00,Centro-Oeste,CE-02,81.98,134.52,2,153.5
2026-01-01 14:00,Nordeste,NO-01,78.72,115.31,1,179.83
2026-01-01 14:00,Nordeste,NO-02,77.04,114.58,3,172.93
2026-01-01 14:00,Norte,NO-01,92.35,131.44,5,197.77
2026-01-01 14:00,Norte,NO-02,66.96,96.28,1,182.87
2026-01-01 14:00,Sudeste,SU-01,82.13,100.06,5,247.82
2026-01-01 14:00,Sudeste,SU-02,91.78,111.78,2,263.59
2026-01-01 14:00,Sul,SU-01,90.29,136.4,2,188.85
2026-01-01 14:00,Sul,SU-02,73.61,103.12,3,214.48
2026-01-01 15:00,Centro-Oeste,CE-01,67.3,96.42,2,197.99
2026-01-01 15:00,Centro-Oeste,CE-02,83.7,130.42,2,182.98
2026-01-01 15:00,Nordeste,NO-01,89.63,118.44,1,219.06
2026-01-01 15:00,Nordeste,NO-02,80.94,117.92,3,181.43
2026-01-01 15:00,Norte,NO-01,97.33,128.64,5,231.88
2026-01-01 15:00,Norte,NO-02,73.39,95.12,1,234.43
2026-01-01 15:00,Sudeste,SU-01,83.11,101.18,5,275.05
2026-01-01 15:00,Sudeste,SU-02,96.77,110.84,2,275.49
2026-01-01 15:00,Sul,SU-01,94.93,128.09,2,230.3
2026-01-01 15:00,Sul,SU-02,71.13,100.24,3,195.64
2026-01-01 16:00,Centro-Oeste,CE-01,73.91,97.17,2,250.48
2026-01-01 16:00,Centro-Oeste,CE-02,88.7,133.2,2,185.59
2026-01-01 16:00,Nordeste,NO-01,87.91,107.71,1,264.34
2026-01-01 16:00,Nordeste,NO-02,83.29,120.15,3,193.52
2026-01-01 16:00,Norte,NO-01,103.07,126.85,5,249.02
2026-01-01 16:00,Norte,NO-02,72.41,94.07,1,244.64
2026-01-01 16:00,Sudeste,SU-01,88.54,96.2,5,318.04
2026-01-01 16:00,Sudeste,SU-02,100.67,109.77,2,305.47
2026-01-01 16:00,Sul,SU-01,99.33,129.75,2,232.51
2026-01-01 16:00,Sul,SU-02,76.19,101.37,3,227.92
2026-01-01 17:00,Centro-Oeste,CE-01,73.02,97.97,2,227.5
2026-01-01 17:00,Centro-Oeste,CE-02,95.78,130.34,2,232.03
2026-01-01 17:00,Nordeste,NO-01,91.54,110.65,1,266.65
2026-01-01 17:00,Nordeste,NO-02,89.92,114.02,3,253.44
2026-01-01 17:00,Norte,NO-01,106.23,128.77,5,262.91
2026-01-01 17:00,Norte,NO-02,74.98,95.91,1,235.16
2026-01-01 17:00,Sudeste,SU-01,87.22,96.88,5,303.65
2026-01-01 17:00,Sudeste,SU-02,103.32,109.11,2,322.36
2026-01-01 17:00,Sul,SU-01,94.85,129.52,2,221.85
2026-01-01 17:00,Sul,SU-02,83.28,97.39,3,277.77
2026-01-01 18:00,Centro-Oeste,CE-01,78.03,92.9,2,276.18
2026-01-01 18:00,Centro-Oeste,CE-02,89.89,129.27,2,183.68
2026-01-01 18:00,Nordeste,NO-01,90.12,108.96,1,262.19
2026-01-01 18:00,Nordeste,NO-02,83.02,112.97,3,219.69
2026-01-01 18:00,Norte,NO-01,101.93,119.18,5,270.97
2026-01-01 18:00,Norte,NO-02,75.01,93.77,1,253.2
2026-01-01 18:00,Sudeste,SU-01,89.36,94.62,5,320.05
2026-01-01 18:00,Sudeste,SU-02,108.35,111.05,2,334.44
2026-01-01 18:00,Sul,SU-01,97.12,126.09,2,249.17
2026-01-01 18:00,Sul,SU-02,80.75,98.37,3,255.98
2026-01-01 19:00,Centro-Oeste,CE-01,77.68,91.48,2,274.89
2026-01-01 19:00,Centro-Oeste,CE-02,94.63,126.24,2,216.01
2026-01-01 19:00,Nordeste,NO-01,92.33,111.82,1,265.57
2026-01-01 19:00,Nordeste,NO-02,87.62,112.89,3,234.08
2026-01-01 19:00,Norte,NO-01,102.26,125.55,5,265.53
2026-01-01 19:00,Norte,NO-02,73.17,91.36,1,247.59
2026-01-01 19:00,Sudeste,SU-01,89.89,91.3,5,340.02
2026-01-01 19:00,Sudeste,SU-02,103.55,105.41,2,349.07
2026-01-01 19:00,Sul,SU-01,107.78,124.75,2,280.78
2026-01-01 19:00,Sul,SU-02,85.77,99.62,3,275.92
2026-01-01 20:00,Centro-Oeste,CE-01,75.68,91.14,2,253.65
2026-01-01 20:00,Centro-Oeste,CE-02,93.99,128.45,2,216.58
2026-01-01 20:00,Nordeste,NO-01,90.56,109.21,1,267.81
2026-01-01 20:00,Nordeste,NO-02,90.3,109.32,3,255.69
2026-01-01 20:00,Norte,NO-01,107.65,121.81,5,276.5
2026-01-01 20:00,Norte,NO-02,67.87,90.15,1,227.09
2026-01-01 20:00,Sudeste,SU-01,93.12,92.49,5,358.14
2026-01-01 20:00,Sudeste,SU-02,101.36,105.75,2,344.24
2026-01-01 20:00,Sul,SU-01,107.13,119.38,2,294.78
2026-01-01 20:00,Sul,SU-02,84.24,93.74,3,295.01
2026-01-01 21:00,Centro-Oeste,CE-01,78.6,89.28,2,282.04
2026-01-01 21:00,Centro-Oeste,CE-02,92.11,118.59,2,223.44
2026-01-01 21:00,Nordeste,NO-01,90.31,107.46,1,278.42
2026-01-01 21:00,Nordeste,NO-02,87.82,105.88,3,235.81
2026-01-01 21:00,Norte,NO-01,98.45,121.07,5,266.14
2026-01-01 21:00,Norte,NO-02,72.69,87.44,1,258.92
2026-01-01 21:00,Sudeste,SU-01,86.16,94.06,5,311.05
2026-01-01 21:00,Sudeste,SU-02,98.39,108.42,2,293.88
2026-01-01 21:00,Sul,SU-01,105.93,118.14,2,295.67
2026-01-01 21:00,Sul,SU-02,82.71,94.78,3,293.85
2026-01-01 22:00,Centro-Oeste,CE-01,78.36,85.73,2,297.16
2026-01-01 22:00,Centro-Oeste,CE-02,100.43,120.42,2,271.35
2026-01-01 22:00,Nordeste,NO-01,88.53,107.77,1,260.56
2026-01-01 22:00,Nordeste,NO-02,87.11,103.66,3,283.41
2026-01-01 22:00,Norte,NO-01,100.3,118.55,5,266.9
2026-01-01 22:00,Norte,NO-02,66.66,87.73,1,240.35
2026-01-01 22:00,Sudeste,SU-01,78.47,91.81,5,281.74
2026-01-01 22:00,Sudeste,SU-02,93.7,102.01,2,294.48
2026-01-01 22:00,Sul,SU-01,104.81,112.13,2,315.93
2026-01-01 22:00,Sul,SU-02,82.63,95.35,3,281.07
2026-01-01 23:00,Centro-Oeste,CE-01,68.56,88.01,2,236.05
2026-01-01 23:00,Centro-Oeste,CE-02,90.75,122.67,2,242.14
2026-01-01 23:00,Nordeste,NO-01,84.56,102.07,1,254.51
2026-01-01 23:00,Nordeste,NO-02,81.03,104.88,3,236.13
2026-01-01 23:00,Norte,NO-01,93.43,112.73,5,258.45
2026-01-01 23:00,Norte,NO-02,66.56,87.42,1,241.63
2026-01-01 23:00,Sudeste,SU-01,80.19,86.62,5,311.48
2026-01-01 23:00,Sudeste,SU-02,90.88,99.83,2,298.81
2026-01-01 23:00,Sul,SU-01,100.66,114.46,2,295.2
2026-01-01 23:00,Sul,SU-02,81.96,93.57,3,289.9
2026-01-02 00:00,Centro-Oeste,CE-01,72.89,85.84,2,277.51
2026-01-02 00:00,Centro-Oeste,CE-02,94.82,118.99,2,259.6
2026-01-02 00:00,Nordeste,NO-01,89.09,100.41,1,294.52
2026-01-02 00:00,Nordeste,NO-02,79.41,105.02,3,218.03
2026-01-02 00:00,Norte,NO-01,93.46,118.67,5,250.94
2026-01-02 00:00,Norte,NO-02,61.61,88.23,1,206.21
2026-01-02 00:00,Sudeste,SU-01,75.23,90.82,5,261.01
2026-01-02 00:00,Sudeste,SU-02,85.54,101.55,2,262.17
2026-01-02 00:00,Sul,SU-01,97.81,117.94,2,281.09
2026-01-02 00:00,Sul,SU-02,78.37,88.85,3,299.07
2026-01-02 01:00,Centro-Oeste,CE-01,67.92,85.04,2,259.92
2026-01-02 01:00,Centro-Oeste,CE-02,79.34,123.85,2,174.17
2026-01-02 01:00,Nordeste,NO-01,79.94,103.0,1,229.99
2026-01-02 01:00,Nordeste,NO-02,76.77,107.01,3,212.15
2026-01-02 01:00,Norte,NO-01,79.95,118.5,5,172.82
2026-01-02 01:00,Norte,NO-02,60.07,89.95,1,182.26
2026-01-02 01:00,Sudeste,SU-01,72.48,88.04,5,251.68
2026-01-02 01:00,Sudeste,SU-02,82.23,98.79,2,265.53
2026-01-02 01:00,Sul,SU-01,93.19,113.95,2,249.74
2026-01-02 01:00,Sul,SU-02,76.71,93.67,3,261.74
2026-01-02 02:00,Centro-Oeste,CE-01,63.18,90.1,2,195.55
2026-01-02 02:00,Centro-Oeste,CE-02,80.74,126.84,2,183.1
2026-01-02 02:00,Nordeste,NO-01,78.57,103.65,1,229.54
2026-01-02 02:00,Nordeste,NO-02,71.56,104.79,3,189.33
2026-01-02 02:00,Norte,NO-01,77.85,119.15,5,174.28
2026-01-02 02:00,Norte,NO-02,56.09,88.11,1,174.09
2026-01-02 02:00,Sudeste,SU-01,65.1,93.72,5,195.66
2026-01-02 02:00,Sudeste,SU-02,76.97,100.7,2,239.6
2026-01-02 02:00,Sul,SU-01,93.3,116.26,2,244.14
2026-01-02 02:00,Sul,SU-02,71.21,92.0,3,218.7
2026-01-02 03:00,Centro-Oeste,CE-01,59.34,87.48,2,178.4
2026-01-02 03:00,Centro-Oeste,CE-02,71.59,118.0,2,158.09
2026-01-02 03:00,Nordeste,NO-01,72.7,104.93,1,197.41
2026-01-02 03:00,Nordeste,NO-02,65.67,110.33,3,149.17
2026-01-02 03:00,Norte,NO-01,78.05,122.97,5,159.78
2026-01-02 03:00,Norte,NO-02,57.41,86.93,1,183.15
2026-01-02 03:00,Sudeste,SU-01,63.05,93.25,5,168.08
2026-01-02 03:00,Sudeste,SU-02,75.89,102.38,2,203.4
2026-01-02 03:00,Sul,SU-01,92.15,121.66,2,233.32
2026-01-02 03:00,Sul,SU-02,69.46,93.78,3,225.42
2026-01-02 04:00,Centro-Oeste,CE-01,54.23,91.01,2,155.7
2026-01-02 04:00,Centro-Oeste,CE-02,73.21,126.35,2,153.16
2026-01-02 04:00,Nordeste,NO-01,70.73,108.54,1,183.32
2026-01-02 04:00,Nordeste,NO-02,67.93,111.0,3,160.67
2026-01-02 04:00,Norte,NO-01,76.03,125.14,5,146.3
2026-01-02 04:00,Norte,NO-02,54.13,92.5,1,142.67
2026-01-02 04:00,Sudeste,SU-01,56.61,93.15,5,161.09
2026-01-02 04:00,Sudeste,SU-02,74.09,105.42,2,195.67
2026-01-02 04:00,Sul,SU-01,88.42,118.81,2,231.89
2026-01-02 04:00,Sul,SU-02,65.78,94.29,3,201.39
2026-01-02 05:00,Centro-Oeste,CE-01,57.2,91.15,2,158.66
2026-01-02 05:00,Centro-Oeste,CE-02,65.36,126.29,2,152.71
2026-01-02 05:00,Nordeste,NO-01,67.7,110.48,1,143.18
2026-01-02 05:00,Nordeste,NO-02,64.52,111.1,3,141.3
2026-01-02 05:00,Norte,NO-01,73.83,122.34,5,159.92
2026-01-02 05:00,Norte,NO-02,50.01,90.85,1,142.84
2026-01-02 05:00,Sudeste,SU-01,60.24,95.69,5,170.91
2026-01-02 05:00,Sudeste,SU-02,70.35,105.15,2,188.34
2026-01-02 05:00,Sul,SU-01,80.01,123.36,2,181.03
2026-01-02 05:00,Sul,SU-02,62.52,98.53,3,172.76
2026-01-02 06:00,Centro-Oeste,CE-01,54.36,93.83,2,148.91
2026-01-02 06:00,Centro-Oeste,CE-02,67.53,124.89,2,150.87
2026-01-02 06:00,Nordeste,NO-01,67.74,109.33,1,160.77
2026-01-02 06:00,Nordeste,NO-02,64.68,108.76,3,139.7
2026-01-02 06:00,Norte,NO-01,70.94,123.65,5,148.16
2026-01-02 06:00,Norte,NO-02,51.02,90.96,1,138.83
2026-01-02 06:00,Sudeste,SU-01,59.95,94.22,5,174.56
2026-01-02 06:00,Sudeste,SU-02,67.64,104.12,2,160.85
2026-01-02 06:00,Sul,SU-01,82.76,129.05,2,176.14
2026-01-02 06:00,Sul,SU-02,59.68,100.48,3,159.63
2026-01-02 07:00,Centro-Oeste,CE-01,49.49,91.74,2,133.32
2026-01-02 07:00,Centro-Oeste,CE-02,63.17,130.56,2,142.91
2026-01-02 07:00,Nordeste,NO-01,64.51,115.9,1,145.17
2026-01-02 07:00,Nordeste,NO-02,63.19,114.36,3,153.27
2026-01-02 07:00,Norte,NO-01,73.77,128.24,5,154.96
2026-01-02 07:00,Norte,NO-02,52.54,94.48,1,152.71
2026-01-02 07:00,Sudeste,SU-01,60.57,97.33,5,157.56
2026-01-02 07:00,Sudeste,SU-02,68.95,114.78,2,155.78
2026-01-02 07:00,Sul,SU-01,75.78,129.75,2,154.57
2026-01-02 07:00,Sul,SU-02,62.45,98.53,3,173.05
2026-01-02 08:00,Centro-Oeste,CE-01,50.63,95.6,2,142.23
2026-01-02 08:00,Centro-Oeste,CE-02,62.85,128.14,2,157.22
2026-01-02 08:00,Nordeste,NO-01,71.12,111.13,1,165.3
2026-01-02 08:00,Nordeste,NO-02,64.73,117.42,3,150.93
2026-01-02 08:00,Norte,NO-01,71.33,127.32,5,154.28
2026-01-02 08:00,Norte,NO-02,55.92,100.07,1,161.71
2026-01-02 08:00,Sudeste,SU-01,58.96,98.3,5,142.58
2026-01-02 08:00,Sudeste,SU-02,74.11,113.24,2,168.63
2026-01-02 08:00,Sul,SU-01,78.47,127.28,2,156.35
2026-01-02 08:00,Sul,SU-02,64.78,101.57,3,171.86
2026-01-02 09:00,Centro-Oeste,CE-01,52.41,97.84,2,137.6
2026-01-02 09:00,Centro-Oeste,CE-02,62.21,132.44,2,144.98
2026-01-02 09:00,Nordeste,NO-01,69.89,120.01,1,150.27
2026-01-02 09:00,Nordeste,NO-02,69.55,121.99,3,154.2
2026-01-02 09:00,Norte,NO-01,73.72,132.21,5,144.38
2026-01-02 09:00,Norte,NO-02,53.18,97.02,1,165.26
2026-01-02 09:00,Sudeste,SU-01,66.49,99.44,5,182.22
2026-01-02 09:00,Sudeste,SU-02,74.92,112.77,2,190.06
2026-01-02 09:00,Sul,SU-01,78.78,128.4,2,162.56
2026-01-02 09:00,Sul,SU-02,62.38,97.51,3,166.42
2026-01-02 10:00,Centro-Oeste,CE-01,53.99,97.11,2,155.04
2026-01-02 10:00,Centro-Oeste,CE-02,63.36,135.86,2,162.13
2026-01-02 10:00,Nordeste,NO-01,69.45,115.97,1,136.25
2026-01-02 10:00,Nordeste,NO-02,72.06,121.42,3,147.28
2026-01-02 10:00,Norte,NO-01,82.93,129.47,5,171.54
2026-01-02 10:00,Norte,NO-02,57.95,95.85,1,151.06
2026-01-02 10:00,Sudeste,SU-01,69.94,102.22,5,179.89
2026-01-02 10:00,Sudeste,SU-02,75.92,115.93,2,183.92
2026-01-02 10:00,Sul,SU-01,82.4,129.55,2,166.63
2026-01-02 10:00,Sul,SU-02,65.18,103.8,3,157.76
2026-01-02 11:00,Centro-Oeste,CE-01,57.2,100.31,2,145.22
2026-01-02 11:00,Centro-Oeste,CE-02,68.2,138.21,2,134.33
2026-01-02 11:00,Nordeste,NO-01,69.35,123.62,1,138.95
2026-01-02 11:00,Nordeste,NO-02,67.5,116.95,3,140.92
2026-01-02 11:00,Norte,NO-01,84.97,137.6,5,159.99
2026-01-02 11:00,Norte,NO-02,60.92,105.5,1,149.59
2026-01-02 11:00,Sudeste,SU-01,72.73,99.8,5,198.44
2026-01-02 11:00,Sudeste,SU-02,79.77,118.03,2,189.41
2026-01-02 11:00,Sul,SU-01,78.73,135.59,2,150.93
2026-01-02 11:00,Sul,SU-02,64.44,102.35,3,181.13
2026-01-02 12:00,Centro-Oeste,CE-01,58.67,98.0,2,155.72
2026-01-02 12:00,Centro-Oeste,CE-02,74.22,136.5,2,152.04
2026-01-02 12:00,Nordeste,NO-01,75.13,119.2,1,169.58
2026-01-02 12:00,Nordeste,NO-02,72.58,118.72,3,167.47
2026-01-02 12:00,Norte,NO-01,88.81,134.86,5,174.07
2026-01-02 12:00,Norte,NO-02,64.21,97.23,1,177.98
2026-01-02 12:00,Sudeste,SU-01,74.86,102.14,5,219.05
2026-01-02 12:00,Sudeste,SU-02,86.19,114.05,2,220.13
2026-01-02 12:00,Sul,SU-01,79.72,132.3,2,142.55
2026-01-02 12:00,Sul,SU-02,65.2,107.02,3,153.72
2026-01-02 13:00,Centro-Oeste,CE-01,64.25,100.18,2,184.41
2026-01-02 13:00,Centro-Oeste,CE-02,72.1,135.59,2,147.53
2026-01-02 13:00,Nordeste,NO-01,79.31,117.39,1,199.03
2026-01-02 13:00,Nordeste,NO-02,73.33,120.36,3,153.16
2026-01-02 13:00,Norte,NO-01,91.06,134.73,5,189.94
2026-01-02 13:00,Norte,NO-02,61.57,97.74,1,163.92
2026-01-02 13:00,Sudeste,SU-01,78.59,103.11,5,227.26
2026-01-02 13:00,Sudeste,SU-02,90.01,113.96,2,250.46
2026-01-02 13:00,Sul,SU-01,85.65,134.88,2,162.99
2026-01-02 13:00,Sul,SU-02,68.72,103.79,3,176.06
2026-01-02 14:00,Centro-Oeste,CE-01,68.01,96.85,2,189.37
2026-01-02 14:00,Centro-Oeste,CE-02,77.02,132.39,2,152.62
2026-01-02 14:00,Nordeste,NO-01,88.23,117.07,1,217.43
2026-01-02 14:00,Nordeste,NO-02,81.92,117.39,3,205.04
2026-01-02 14:00,Norte,NO-01,94.93,132.37,5,206.77
2026-01-02 14:00,Norte,NO-02,71.1,97.77,1,214.98
2026-01-02 14:00,Sudeste,SU-01,78.96,99.74,5,238.61
2026-01-02 14:00,Sudeste,SU-02,92.46,115.99,2,258.38
2026-01-02 14:00,Sul,SU-01,87.7,132.18,2,178.58
2026-01-02 14:00,Sul,SU-02,71.83,101.79,3,202.6
2026-01-02 15:00,Centro-Oeste,CE-01,68.5,97.58,2,186.55
2026-01-02 15:00,Centro-Oeste,CE-02,86.09,130.19,2,193.74
2026-01-02 15:00,Nordeste,NO-01,81.51,115.22,1,213.21
2026-01-02 15:00,Nordeste,NO-02,84.75,117.22,3,203.22
2026-01-02 15:00,Norte,NO-01,104.59,129.29,5,256.46
2026-01-02 15:00,Norte,NO-02,67.93,99.13,1,196.17
2026-01-02 15:00,Sudeste,SU-01,87.11,99.29,5,285.0
2026-01-02 15:00,Sudeste,SU-02,93.92,117.13,2,263.74
2026-01-02 15:00,Sul,SU-01,92.6,128.11,2,200.36
2026-01-02 15:00,Sul,SU-02,79.44,101.28,3,242.51
2026-01-02 16:00,Centro-Oeste,CE-01,67.53,98.7,2,198.89
2026-01-02 16:00,Centro-Oeste,CE-02,95.23,132.08,2,212.91
2026-01-02 16:00,Nordeste,NO-01,89.27,113.87,1,246.0
2026-01-02 16:00,Nordeste,NO-02,82.67,114.84,3,214.27
2026-01-02 16:00,Norte,NO-01,101.75,129.95,5,235.17
2026-01-02 16:00,Norte,NO-02,74.36,96.17,1,248.5
2026-01-02 16:00,Sudeste,SU-01,87.73,99.63,5,278.39
2026-01-02 16:00,Sudeste,SU-02,102.06,113.65,2,300.64
2026-01-02 16:00,Sul,SU-01,98.25,125.9,2,253.9
2026-01-02 16:00,Sul,SU-02,78.59,98.64,3,242.48
2026-01-02 17:00,Centro-Oeste,CE-01,76.13,92.39,2,265.29
2026-01-02 17:00,Centro-Oeste,CE-02,91.68,128.61,2,210.48
2026-01-02 17:00,Nordeste,NO-01,90.91,113.22,1,256.23
2026-01-02 17:00,Nordeste,NO-02,87.62,115.67,3,224.64
2026-01-02 17:00,Norte,NO-01,106.11,128.49,5,266.47
2026-01-02 17:00,Norte,NO-02,72.95,93.88,1,236.96
2026-01-02 17:00,Sudeste,SU-01,85.59,94.14,5,310.18
2026-01-02 17:00,Sudeste,SU-02,109.38,111.17,2,333.07
2026-01-02 17:00,Sul,SU-01,94.7,127.46,2,228.83
2026-01-02 17:00,Sul,SU-02,80.88,100.86,3,258.5
2026-01-02 18:00,Centro-Oeste,CE-01,76.38,93.58,2,267.18
2026-01-02 18:00,Centro-Oeste,CE-02,94.03,129.28,2,212.15
2026-01-02 18:00,Nordeste,NO-01,93.01,111.35,1,261.12
2026-01-02 18:00,Nordeste,NO-02,86.79,115.57,3,211.87
2026-01-02 18:00,Norte,NO-01,107.54,124.3,5,285.36
2026-01-02 18:00,Norte,NO-02,72.94,90.93,1,243.16
2026-01-02 18:00,Sudeste,SU-01,93.63,96.07,5,343.13
2026-01-02 18:00,Sudeste,SU-02,104.08,107.41,2,322.41
2026-01-02 18:00,Sul,SU-01,103.27,126.14,2,259.62
2026-01-02 18:00,Sul,SU-02,79.94,100.69,3,233.6
2026-01-02 19:00,Centro-Oeste,CE-01,76.27,94.64,2,253.82
2026-01-02 19:00,Centro-Oeste,CE-02,95.21,123.65,2,251.49
2026-01-02 19:00,Nordeste,NO-01,92.76,106.89,1,287.0
2026-01-02 19:00,Nordeste,NO-02,83.08,109.88,3,223.9
2026-01-02 19:00,Norte,NO-01,108.1,124.33,5,283.22
2026-01-02 19:00,Norte,NO-02,71.19,93.64,1,226.32
2026-01-02 19:00,Sudeste,SU-01,87.58,94.16,5,316.98
2026-01-02 19:00,Sudeste,SU-02,104.07,107.18,2,334.06
2026-01-02 19:00,Sul,SU-01,108.94,121.22,2,315.67
2026-01-02 19:00,Sul,SU-02,85.93,94.0,3,312.15
2026-01-02 20:00,Centro-Oeste,CE-01,76.79,89.83,2,279.12
2026-01-02 20:00,Centro-Oeste,CE-02,97.11,124.34,2,243.64
2026-01-02 20:00,Nordeste,NO-01,90.48,104.94,1,300.03
2026-01-02 20:00,Nordeste,NO-02,84.84,112.69,3,242.99
2026-01-02 20:00,Norte,NO-01,104.13,122.45,5,274.26
2026-01-02 20:00,Norte,NO-02,70.6,89.0,1,236.41
2026-01-02 20:00,Sudeste,SU-01,89.36,93.31,5,315.2
2026-01-02 20:00,Sudeste,SU-02,107.88,106.67,2,349.81
2026-01-02 20:00,Sul,SU-01,105.22,122.1,2,280.59
2026-01-02 20:00,Sul,SU-02,84.06,94.3,3,309.38
2026-01-02 21:00,Centro-Oeste,CE-01,76.4,91.74,2,270.45
2026-01-02 21:00,Centro-Oeste,CE-02,91.42,112.66,2,257.95
2026-01-02 21:00,Nordeste,NO-01,88.99,108.55,1,254.14
2026-01-02 21:00,Nordeste,NO-02,82.71,106.6,3,235.0
2026-01-02 21:00,Norte,NO-01,98.18,119.66,5,248.68
2026-01-02 21:00,Norte,NO-02,69.18,89.55,1,238.76
2026-01-02 21:00,Sudeste,SU-01,85.82,90.22,5,320.95
2026-01-02 21:00,Sudeste,SU-02,99.49,104.37,2,318.99
2026-01-02 21:00,Sul,SU-01,107.47,117.08,2,319.08
2026-01-02 21:00,Sul,SU-02,82.08,93.21,3,300.97
2026-01-02 22:00,Centro-Oeste,CE-01,76.63,88.62,2,275.71
2026-01-02 22:00,Centro-Oeste,CE-02,90.53,121.14,2,224.15
2026-01-02 22:00,Nordeste,NO-01,88.3,107.76,1,250.14
2026-01-02 22:00,Nordeste,NO-02,84.45,105.95,3,253.74
2026-01-02 22:00,Norte,NO-01,94.69,119.03,5,261.9
2026-01-02 22:00,Norte,NO-02,69.02,88.79,1,232.28
2026-01-02 22:00,Sudeste,SU-01,76.81,80.54,5,329.13
2026-01-02 22:00,Sudeste,SU-02,95.46,90.34,2,386.57
2026-01-02 22:00,Sul,SU-01,102.92,116.32,2,278.39
2026-01-02 22:00,Sul,SU-02,82.62,94.84,3,292.36
2026-01-02 23:00,Centro-Oeste,CE-01,73.23,89.48,2,255.05
2026-01-02 23:00,Centro-Oeste,CE-02,96.72,119.26,2,273.38
2026-01-02 23:00,Nordeste,NO-01,85.74,107.73,1,243.51
2026-01-02 23:00,Nordeste,NO-02,79.85,106.82,3,225.18
2026-01-02 23:00,Norte,NO-01,92.11,116.99,5,243.09
2026-01-02 23:00,Norte,NO-02,65.31,88.1,1,216.02
2026-01-02 23:00,Sudeste,SU-01,79.83,80.03,5,352.77
2026-01-02 23:00,Sudeste,SU-02,92.57,92.26,2,352.77
2026-01-02 23:00,Sul,SU-01,101.32,116.21,2,285.49
2026-01-02 23:00,Sul,SU-02,78.2,90.46,3,283.72
2026-01-03 00:00,Centro-Oeste,CE-01,66.01,84.71,2,244.71
2026-01-03 00:00,Centro-Oeste,CE-02,80.41,122.05,2,174.85
2026-01-03 00:00,Nordeste,NO-01,77.14,103.93,1,217.09
2026-01-03 00:00,Nordeste,NO-02,70.07,107.08,3,174.0
2026-01-03 00:00,Norte,NO-01,80.24,116.48,5,188.17
2026-01-03 00:00,Norte,NO-02,60.0,90.69,1,187.1
2026-01-03 00:00,Sudeste,SU-01,66.88,77.98,5,290.8
2026-01-03 00:00,Sudeste,SU-02,85.6,87.27,2,328.18
2026-01-03 00:00,Sul,SU-01,91.4,116.58,2,235.96
2026-01-03 00:00,Sul,SU-02,69.96,91.62,3,223.02
2026-01-03 01:00,Centro-Oeste,CE-01,65.44,91.28,2,218.27
2026-01-03 01:00,Centro-Oeste,CE-02,75.48,121.03,2,155.84
2026-01-03 01:00,Nordeste,NO-01,71.62,104.86,1,191.58
2026-01-03 01:00,Nordeste,NO-02,65.04,101.73,3,177.88
2026-01-03 01:00,Norte,NO-01,77.02,118.17,5,173.82
2026-01-03 01:00,Norte,NO-02,56.13,86.98,1,163.1
2026-01-03 01:00,Sudeste,SU-01,62.74,78.58,5,249.41
2026-01-03 01:00,Sudeste,SU-02,75.78,90.88,2,270.27
2026-01-03 01:00,Sul,SU-01,87.34,116.33,2,218.38
2026-01-03 01:00,Sul,SU-02,70.4,89.9,3,238.96
2026-01-03 02:00,Centro-Oeste,CE-01,60.61,88.02,2,180.75
2026-01-03 02:00,Centro-Oeste,CE-02,73.75,116.2,2,166.43
2026-01-03 02:00,Nordeste,NO-01,69.02,106.35,1,173.41
2026-01-03 02:00,Nordeste,NO-02,68.11,107.11,3,169.33
2026-01-03 02:00,Norte,NO-01,72.71,125.83,5,154.85
2026-01-03 02:00,Norte,NO-02,52.74,89.42,1,144.66
2026-01-03 02:00,Sudeste,SU-01,62.26,80.16,5,247.56
2026-01-03 02:00,Sudeste,SU-02,72.89,93.13,2,250.9
2026-01-03 02:00,Sul,SU-01,90.17,122.55,2,208.82
2026-01-03 02:00,Sul,SU-02,69.52,89.45,3,246.53
2026-01-03 03:00,Centro-Oeste,CE-01,58.74,89.22,2,190.25
2026-01-03 03:00,Centro-Oeste,CE-02,68.23,120.23,2,151.44
2026-01-03 03:00,Nordeste,NO-01,67.68,108.03,1,164.35
2026-01-03 03:00,Nordeste,NO-02,64.23,108.1,3,157.21
2026-01-03 03:00,Norte,NO-01,70.19,122.1,5,144.65
2026-01-03 03:00,Norte,NO-02,50.17,90.21,1,145.07
2026-01-03 03:00,Sudeste,SU-01,58.31,79.37,5,224.67
2026-01-03 03:00,Sudeste,SU-02,66.97,89.4,2,222.55
2026-01-03 03:00,Sul,SU-01,81.25,114.42,2,197.39
2026-01-03 03:00,Sul,SU-02,66.56,93.43,3,214.57
2026-01-03 04:00,Centro-Oeste,CE-01,51.69,87.1,2,138.78
2026-01-03 04:00,Centro-Oeste,CE-02,64.22,121.1,2,150.81
2026-01-03 04:00,Nordeste,NO-01,64.41,105.24,1,152.88
2026-01-03 04:00,Nordeste,NO-02,62.89,109.55,3,160.9
2026-01-03 04:00,Norte,NO-01,72.36,120.75,5,144.73
2026-01-03 04:00,Norte,NO-02,49.36,90.31,1,145.0
2026-01-03 04:00,Sudeste,SU-01,58.67,82.3,5,195.99
2026-01-03 04:00,Sudeste,SU-02,64.02,94.38,2,193.97
2026-01-03 04:00,Sul,SU-01,82.62,124.51,2,195.64
2026-01-03 04:00,Sul,SU-02,62.22,92.53,3,202.7
2026-01-03 05:00,Centro-Oeste,CE-01,51.59,92.18,2,155.08
2026-01-03 05:00,Centro-Oeste,CE-02,61.14,126.75,2,142.09
2026-01-03 05:00,Nordeste,NO-01,58.78,106.41,1,150.05
2026-01-03 05:00,Nordeste,NO-02,63.19,108.67,3,143.17
2026-01-03 05:00,Norte,NO-01,68.52,129.29,5,150.88
2026-01-03 05:00,Norte,NO-02,47.3,89.84,1,151.36
2026-01-03 05:00,Sudeste,SU-01,54.77,83.45,5,188.6
2026-01-03 05:00,Sudeste,SU-02,67.68,94.58,2,214.27
2026-01-03 05:00,Sul,SU-01,70.93,121.76,2,145.97
2026-01-03 05:00,Sul,SU-02,59.53,96.17,3,140.72
2026-01-03 06:00,Centro-Oeste,CE-01,49.89,94.41,2,156.81
2026-01-03 06:00,Centro-Oeste,CE-02,62.34,128.41,2,156.89
2026-01-03 06:00,Nordeste,NO-01,62.3,113.06,1,149.87
2026-01-03 06:00,Nordeste,NO-02,59.21,110.69,3,151.88
2026-01-03 06:00,Norte,NO-01,70.87,127.18,5,160.11
2026-01-03 06:00,Norte,NO-02,48.04,92.15,1,150.24
2026-01-03 06:00,Sudeste,SU-01,55.48,84.66,5,173.75
2026-01-03 06:00,Sudeste,SU-02,65.69,91.25,2,192.56
2026-01-03 06:00,Sul,SU-01,70.54,126.26,2,158.33
2026-01-03 06:00,Sul,SU-02,53.98,97.86,3,156.24
2026-01-03 07:00,Centro-Oeste,CE-01,45.81,92.97,2,169.86
2026-01-03 07:00,Centro-Oeste,CE-02,57.77,132.3,2,139.1
2026-01-03 07:00,Nordeste,NO-01,58.13,113.72,1,154.14
2026-01-03 07:00,Nordeste,NO-02,55.75,115.05,3,150.54
2026-01-03 07:00,Norte,NO-01,67.12,130.44,5,164.18
2026-01-03 07:00,Norte,NO-02,47.68,92.44,1,138.71
2026-01-03 07:00,Sudeste,SU-01,56.91,84.71,5,188.3
2026-01-03 07:00,Sudeste,SU-02,64.99,95.84,2,207.03
2026-01-03 07:00,Sul,SU-01,71.17,128.8,2,155.29
2026-01-03 07:00,Sul,SU-02,56.15,100.16,3,150.31
2026-01-03 08:00,Centro-Oeste,CE-01,47.78,97.03,2,163.46
2026-01-03 08:00,Centro-Oeste,CE-02,56.14,126.84,2,151.05
2026-01-03 08:00,Nordeste,NO-01,59.8,115.0,1,137.92
2026-01-03 08:00,Nordeste,NO-02,58.52,116.03,3,151.13
2026-01-03 08:00,Norte,NO-01,72.38,129.21,5,142.22
2026-01-03 08:00,Norte,NO-02,46.49,97.62,1,145.42
2026-01-03 08:00,Sudeste,SU-01,58.66,89.22,5,181.07
2026-01-03 08:00,Sudeste,SU-02,71.55,97.32,2,215.09
2026-01-03 08:00,Sul,SU-01,71.07,127.69,2,140.41
2026-01-03 08:00,Sul,SU-02,56.44,101.45,3,147.84
2026-01-03 09:00,Centro-Oeste,CE-01,45.39,99.92,2,151.15
2026-01-03 09:00,Centro-Oeste,CE-02,59.88,130.48,2,153.33
2026-01-03 09:00,Nordeste,NO-01,60.42,115.83,1,153.58
2026-01-03 09:00,Nordeste,NO-02,57.88,118.43,3,148.77
2026-01-03 09:00,Norte,NO-01,71.36,130.45,5,154.45
2026-01-03 09:00,Norte,NO-02,51.83,102.04,1,137.04
2026-01-03 09:00,Sudeste,SU-01,60.08,101.19,5,146.8
2026-01-03 09:00,Sudeste,SU-02,65.67,109.59,2,152.85
2026-01-03 09:00,Sul,SU-01,70.55,133.9,2,142.64
2026-01-03 09:00,Sul,SU-02,56.1,98.95,3,149.43
2026-01-03 10:00,Centro-Oeste,CE-01,51.79,99.16,2,145.2
2026-01-03 10:00,Centro-Oeste,CE-02,56.11,133.69,2,152.44
2026-01-03 10:00,Nordeste,NO-01,66.18,117.88,1,147.21
2026-01-03 10:00,Nordeste,NO-02,65.16,120.44,3,154.17
2026-01-03 10:00,Norte,NO-01,73.38,130.24,5,151.29
2026-01-03 10:00,Norte,NO-02,53.11,96.8,1,157.14
2026-01-03 10:00,Sudeste,SU-01,64.21,99.33,5,166.63
2026-01-03 10:00,Sudeste,SU-02,72.84,111.53,2,162.11
2026-01-03 10:00,Sul,SU-01,69.91,129.38,2,164.54
2026-01-03 10:00,Sul,SU-02,56.57,99.94,3,140.95
2026-01-03 11:00,Centro-Oeste,CE-01,49.17,101.81,2,159.58
2026-01-03 11:00,Centro-Oeste,CE-02,66.16,132.35,2,146.79
2026-01-03 11:00,Nordeste,NO-01,67.9,118.56,1,143.41
2026-01-03 11:00,Nordeste,NO-02,66.7,120.63,3,159.77
2026-01-03 11:00,Norte,NO-01,78.99,132.32,5,144.21
2026-01-03 11:00,Norte,NO-02,54.74,99.78,1,144.79
2026-01-03 11:00,Sudeste,SU-01,66.59,99.24,5,197.35
2026-01-03 11:00,Sudeste,SU-02,76.83,114.61,2,190.03
2026-01-03 11:00,Sul,SU-01,74.57,128.81,2,142.66
2026-01-03 11:00,Sul,SU-02,57.38,101.34,3,142.88
2026-01-03 12:00,Centro-Oeste,CE-01,53.14,96.73,2,147.29
2026-01-03 12:00,Centro-Oeste,CE-02,66.78,136.3,2,140.75
2026-01-03 12:00,Nordeste,NO-01,69.95,119.57,1,158.38
2026-01-03 12:00,Nordeste,NO-02,67.02,122.47,3,148.58
2026-01-03 12:00,Norte,NO-01,79.53,133.64,5,161.87
2026-01-03 12:00,Norte,NO-02,58.23,100.27,1,141.91
2026-01-03 12:00,Sudeste,SU-01,69.85,100.91,5,207.47
2026-01-03 12:00,Sudeste,SU-02,80.37,116.35,2,197.58
2026-01-03 12:00,Sul,SU-01,78.04,129.78,2,156.5
2026-01-03 12:00,Sul,SU-02,62.35,103.96,3,146.48
2026-01-03 13:00,Centro-Oeste,CE-01,57.76,97.46,2,146.75
2026-01-03 13:00,Centro-Oeste,CE-02,69.58,139.74,2,149.81
2026-01-03 13:00,Nordeste,NO-01,70.88,117.95,1,146.63
2026-01-03 13:00,Nordeste,NO-02,66.42,120.86,3,144.69
2026-01-03 13:00,Norte,NO-01,81.47,135.06,5,152.22
2026-01-03 13:00,Norte,NO-02,55.88,97.79,1,149.5
2026-01-03 13:00,Sudeste,SU-01,72.88,101.56,5,211.66
2026-01-03 13:00,Sudeste,SU-02,86.51,115.39,2,212.56
2026-01-03 13:00,Sul,SU-01,81.87,128.32,2,160.15
2026-01-03 13:00,Sul,SU-02,64.47,102.24,3,166.51
2026-01-03 14:00,Centro-Oeste,CE-01,62.36,96.93,2,174.69
2026-01-03 14:00,Centro-Oeste,CE-02,72.26,132.65,2,158.41
2026-01-03 14:00,Nordeste,NO-01,77.09,118.84,1,170.13
2026-01-03 14:00,Nordeste,NO-02,69.0,118.03,3,160.4
2026-01-03 14:00,Norte,NO-01,85.24,139.19,5,157.67
2026-01-03 14:00,Norte,NO-02,61.47,94.45,1,175.5
2026-01-03 14:00,Sudeste,SU-01,74.58,101.53,5,212.92
2026-01-03 14:00,Sudeste,SU-02,88.76,111.44,2,249.46
2026-01-03 14:00,Sul,SU-01,89.18,130.38,2,203.45
2026-01-03 14:00,Sul,SU-02,63.75,106.55,3,162.67
2026-01-03 15:00,Centro-Oeste,CE-01,62.39,98.63,2,152.12
2026-01-03 15:00,Centro-Oeste,CE-02,74.57,136.01,2,147.28
2026-01-03 15:00,Nordeste,NO-01,79.02,116.1,1,193.36
2026-01-03 15:00,Nordeste,NO-02,73.02,120.4,3,154.56
2026-01-03 15:00,Norte,NO-01,89.47,132.3,5,199.79
2026-01-03 15:00,Norte,NO-02,65.09,95.99,1,201.85
2026-01-03 15:00,Sudeste,SU-01,77.74,100.98,5,230.93
2026-01-03 15:00,Sudeste,SU-02,89.3,112.8,2,242.56
2026-01-03 15:00,Sul,SU-01,86.31,127.43,2,185.41
2026-01-03 15:00,Sul,SU-02,69.77,102.9,3,201.28
2026-01-03 16:00,Centro-Oeste,CE-01,66.1,97.06,2,199.15
2026-01-03 16:00,Centro-Oeste,CE-02,84.1,129.77,2,165.22
2026-01-03 16:00,Nordeste,NO-01,82.39,114.99,1,208.49
2026-01-03 16:00,Nordeste,NO-02,78.85,116.6,3,194.29
2026-01-03 16:00,Norte,NO-01,99.0,124.88,5,237.19
2026-01-03 16:00,Norte,NO-02,65.72,90.14,1,226.04
2026-01-03 16:00,Sudeste,SU-01,88.76,101.58,5,299.58
2026-01-03 16:00,Sudeste,SU-02,96.71,111.06,2,284.39
2026-01-03 16:00,Sul,SU-01,89.18,127.89,2,185.94
2026-01-03 16:00,Sul,SU-02,71.85,104.35,3,197.49
2026-01-03 17:00,Centro-Oeste,CE-01,68.45,92.59,2,204.25
2026-01-03 17:00,Centro-Oeste,CE-02,82.92,130.81,2,174.87
2026-01-03 17:00,Nordeste,NO-01,85.07,106.27,1,232.73
2026-01-03 17:00,Nordeste,NO-02,77.3,110.45,3,209.49
2026-01-03 17:00,Norte,NO-01,104.75,126.92,5,254.17
2026-01-03 17:00,Norte,NO-02,68.4,94.04,1,206.4
2026-01-03 17:00,Sudeste,SU-01,98.1,98.19,5,354.96
2026-01-03 17:00,Sudeste,SU-02,117.78,104.67,2,409.89
2026-01-03 17:00,Sul,SU-01,89.4,125.24,2,206.23
2026-01-03 17:00,Sul,SU-02,72.02,100.95,3,202.58
2026-01-03 18:00,Centro-Oeste,CE-01,70.99,92.93,2,230.62
2026-01-03 18:00,Centro-Oeste,CE-02,89.58,124.35,2,208.58
2026-01-03 18:00,Nordeste,NO-01,81.54,109.96,1,217.87
2026-01-03 18:00,Nordeste,NO-02,79.34,112.01,3,215.85
2026-01-03 18:00,Norte,NO-01,104.96,125.91,5,266.31
2026-01-03 18:00,Norte,NO-02,76.52,93.96,1,241.74
2026-01-03 18:00,Sudeste,SU-01,108.58,94.6,5,421.34
2026-01-03 18:00,Sudeste,SU-02,113.98,109.03,2,374.59
2026-01-03 18:00,Sul,SU-01,96.69,125.12,2,252.75
2026-01-03 18:00,Sul,SU-02,74.53,100.45,3,225.73
2026-01-03 19:00,Centro-Oeste,CE-01,73.02,91.65,2,241.39
2026-01-03 19:00,Centro-Oeste,CE-02,87.77,122.54,2,210.09
2026-01-03 19:00,Nordeste,NO-01,85.31,108.06,1,237.33
2026-01-03 19:00,Nordeste,NO-02,79.75,114.33,3,188.38
2026-01-03 19:00,Norte,NO-01,103.4,126.8,5,273.13
2026-01-03 19:00,Norte,NO-02,75.46,94.31,1,261.73
2026-01-03 19:00,Sudeste,SU-01,107.25,93.52,5,431.49
2026-01-03 19:00,Sudeste,SU-02,119.28,106.08,2,405.83
2026-01-03 19:00,Sul,SU-01,93.41,124.19,2,232.83
2026-01-03 19:00,Sul,SU-02,78.66,97.53,3,254.92
2026-01-03 20:00,Centro-Oeste,CE-01,70.36,90.69,2,235.01
2026-01-03 20:00,Centro-Oeste,CE-02,81.46,126.3,2,169.89
2026-01-03 20:00,Nordeste,NO-01,82.76,105.89,1,242.47
2026-01-03 20:00,Nordeste,NO-02,81.11,109.6,3,221.5
2026-01-03 20:00,Norte,NO-01,106.73,126.43,5,259.69
2026-01-03 20:00,Norte,NO-02,71.98,87.39,1,259.27
2026-01-03 20:00,Sudeste,SU-01,98.28,94.79,5,370.46
2026-01-03 20:00,Sudeste,SU-02,111.75,103.59,2,391.52
2026-01-03 20:00,Sul,SU-01,92.54,120.6,2,229.16
2026-01-03 20:00,Sul,SU-02,76.52,90.91,3,274.31
2026-01-03 21:00,Centro-Oeste,CE-01,72.35,93.49,2,229.28
2026-01-03 21:00,Centro-Oeste,CE-02,96.03,120.97,2,246.74
2026-01-03 21:00,Nordeste,NO-01,85.15,107.41,1,251.48
2026-01-03 21:00,Nordeste,NO-02,78.78,108.2,3,214.03
2026-01-03 21:00,Norte,NO-01,101.57,119.17,5,281.5
2026-01-03 21:00,Norte,NO-02,72.29,88.46,1,258.23
2026-01-03 21:00,Sudeste,SU-01,85.06,88.9,5,341.41
2026-01-03 21:00,Sudeste,SU-02,97.69,103.96,2,305.19
2026-01-03 21:00,Sul,SU-01,95.63,119.45,2,243.97
2026-01-03 21:00,Sul,SU-02,77.6,94.27,3,266.47
2026-01-03 22:00,Centro-Oeste,CE-01,71.59,88.8,2,260.08
2026-01-03 22:00,Centro-Oeste,CE-02,86.93,121.41,2,206.64
2026-01-03 22:00,Nordeste,NO-01,82.66,104.89,1,229.15
2026-01-03 22:00,Nordeste,NO-02,76.87,105.96,3,214.48
2026-01-03 22:00,Norte,NO-01,102.09,124.43,5,244.46
2026-01-03 22:00,Norte,NO-02,73.69,90.86,1,258.85
2026-01-03 22:00,Sudeste,SU-01,77.22,88.63,5,288.12
2026-01-03 22:00,Sudeste,SU-02,86.25,100.7,2,274.88
2026-01-03 22:00,Sul,SU-01,93.17,116.75,2,246.26
2026-01-03 22:00,Sul,SU-02,74.0,91.81,3,253.99
2026-01-03 23:00,Centro-Oeste,CE-01,68.23,88.06,2,231.61
2026-01-03 23:00,Centro-Oeste,CE-02,85.72,116.41,2,213.34
2026-01-03 23:00,Nordeste,NO-01,75.62,103.05,1,220.95
2026-01-03 23:00,Nordeste,NO-02,72.72,105.7,3,194.41
2026-01-03 23:00,Norte,NO-01,96.79,119.8,5,251.13
2026-01-03 23:00,Norte,NO-02,73.74,86.3,1,268.82
2026-01-03 23:00,Sudeste,SU-01,68.31,87.69,5,226.14
2026-01-03 23:00,Sudeste,SU-02,85.54,101.3,2,280.03
2026-01-03 23:00,Sul,SU-01,90.88,118.67,2,250.77
2026-01-03 23:00,Sul,SU-02,72.83,89.96,3,232.68
2026-01-04 00:00,Centro-Oeste,CE-01,66.33,90.59,2,210.04
2026-01-04 00:00,Centro-Oeste,CE-02,81.9,115.15,2,209.23
2026-01-04 00:00,Nordeste,NO-01,76.89,105.17,1,223.65
2026-01-04 00:00,Nordeste,NO-02,71.97,106.34,3,186.57
2026-01-04 00:00,Norte,NO-01,97.13,118.14,5,264.13
2026-01-04 00:00,Norte,NO-02,71.59,86.44,1,256.21
2026-01-04 00:00,Sudeste,SU-01,68.78,91.78,5,226.83
2026-01-04 00:00,Sudeste,SU-02,80.29,101.46,2,256.15
2026-01-04 00:00,Sul,SU-01,90.88,120.65,2,223.18
2026-01-04 00:00,Sul,SU-02,74.09,94.89,3,237.96
2026-01-04 01:00,Centro-Oeste,CE-01,64.95,89.21,2,207.02
2026-01-04 01:00,Centro-Oeste,CE-02,74.66,124.35,2,151.94
2026-01-04 01:00,Nordeste,NO-01,71.86,104.36,1,196.44
2026-01-04 01:00,Nordeste,NO-02,68.75,108.16,3,173.13
2026-01-04 01:00,Norte,NO-01,95.48,121.73,5,231.66
2026-01-04 01:00,Norte,NO-02,66.84,87.94,1,218.8
2026-01-04 01:00,Sudeste,SU-01,64.29,91.64,5,202.56
2026-01-04 01:00,Sudeste,SU-02,74.29,99.28,2,224.58
2026-01-04 01:00,Sul,SU-01,90.51,118.59,2,230.52
2026-01-04 01:00,Sul,SU-02,73.04,90.66,3,261.92
2026-01-04 02:00,Centro-Oeste,CE-01,58.32,91.29,2,163.89
2026-01-04 02:00,Centro-Oeste,CE-02,71.47,119.74,2,146.19
2026-01-04 02:00,Nordeste,NO-01,69.66,104.17,1,170.96
2026-01-04 02:00,Nordeste,NO-02,68.6,106.59,3,165.87
2026-01-04 02:00,Norte,NO-01,93.17,117.5,5,236.01
2026-01-04 02:00,Norte,NO-02,66.26,88.07,1,230.84
2026-01-04 02:00,Sudeste,SU-01,58.22,88.38,5,175.68
2026-01-04 02:00,Sudeste,SU-02,70.03,103.74,2,188.19
2026-01-04 02:00,Sul,SU-01,83.74,120.92,2,199.75
2026-01-04 02:00,Sul,SU-02,65.12,89.34,3,211.91
2026-01-04 03:00,Centro-Oeste,CE-01,57.28,87.27,2,184.15
2026-01-04 03:00,Centro-Oeste,CE-02,68.37,127.03,2,161.69
2026-01-04 03:00,Nordeste,NO-01,67.17,107.8,1,146.58
2026-01-04 03:00,Nordeste,NO-02,62.78,108.73,3,150.07
2026-01-04 03:00,Norte,NO-01,85.99,118.37,5,220.47
2026-01-04 03:00,Norte,NO-02,64.32,87.33,1,210.68
2026-01-04 03:00,Sudeste,SU-01,58.98,92.63,5,180.76
2026-01-04 03:00,Sudeste,SU-02,71.94,103.46,2,194.97
2026-01-04 03:00,Sul,SU-01,82.67,119.86,2,189.66
2026-01-04 03:00,Sul,SU-02,63.12,88.95,3,210.13
2026-01-04 04:00,Centro-Oeste,CE-01,55.76,91.04,2,154.09
2026-01-04 04:00,Centro-Oeste,CE-02,65.31,121.49,2,150.34
2026-01-04 04:00,Nordeste,NO-01,64.7,109.05,1,155.13
2026-01-04 04:00,Nordeste,NO-02,56.19,108.42,3,145.77
2026-01-04 04:00,Norte,NO-01,86.99,123.32,5,200.91
2026-01-04 04:00,Norte,NO-02,62.02,91.88,1,182.33
2026-01-04 04:00,Sudeste,SU-01,54.36,91.43,5,146.25
2026-01-04 04:00,Sudeste,SU-02,64.71,104.72,2,152.57
2026-01-04 04:00,Sul,SU-01,78.87,122.05,2,182.36
2026-01-04 04:00,Sul,SU-02,63.35,94.3,3,175.14
2026-01-04 05:00,Centro-Oeste,CE-01,55.07,92.59,2,158.45
2026-01-04 05:00,Centro-Oeste,CE-02,68.6,122.34,2,152.25
2026-01-04 05:00,Nordeste,NO-01,64.04,108.57,1,154.44
2026-01-04 05:00,Nordeste,NO-02,58.49,107.55,3,165.25
2026-01-04 05:00,Norte,NO-01,90.75,118.84,5,224.62
2026-01-04 05:00,Norte,NO-02,59.77,92.24,1,170.64
2026-01-04 05:00,Sudeste,SU-01,53.35,94.78,5,161.25
2026-01-04 05:00,Sudeste,SU-02,61.83,107.46,2,144.54
2026-01-04 05:00,Sul,SU-01,73.95,121.99,2,166.73
2026-01-04 05:00,Sul,SU-02,59.46,97.24,3,157.94
2026-01-04 06:00,Centro-Oeste,CE-01,52.32,93.25,2,143.27
2026-01-04 06:00,Centro-Oeste,CE-02,67.01,127.81,2,130.52
2026-01-04 06:00,Nordeste,NO-01,63.15,112.69,1,146.25
2026-01-04 06:00,Nordeste,NO-02,59.35,117.78,3,138.45
2026-01-04 06:00,Norte,NO-01,82.98,126.61,5,181.15
2026-01-04 06:00,Norte,NO-02,60.48,92.21,1,174.83
2026-01-04 06:00,Sudeste,SU-01,51.88,95.23,5,163.52
2026-01-04 06:00,Sudeste,SU-02,63.87,105.55,2,154.38
2026-01-04 06:00,Sul,SU-01,73.73,120.66,2,145.31
2026-01-04 06:00,Sul,SU-02,57.6,95.96,3,167.08
2026-01-04 07:00,Centro-Oeste,CE-01,56.16,94.53,2,144.11
2026-01-04 07:00,Centro-Oeste,CE-02,70.56,130.83,2,154.17
2026-01-04 07:00,Nordeste,NO-01,61.84,113.23,1,146.88
2026-01-04 07:00,Nordeste,NO-02,59.32,114.08,3,149.96
2026-01-04 07:00,Norte,NO-01,80.9,131.78,5,157.86
2026-01-04 07:00,Norte,NO-02,57.61,98.48,1,144.0
2026-01-04 07:00,Sudeste,SU-01,54.54,97.01,5,143.49
2026-01-04 07:00,Sudeste,SU-02,65.78,109.65,2,145.27
2026-01-04 07:00,Sul,SU-01,73.2,124.83,2,153.16
2026-01-04 07:00,Sul,SU-02,56.54,99.1,3,164.7
2026-01-04 08:00,Centro-Oeste,CE-01,55.92,95.83,2,155.42
2026-01-04 08:00,Centro-Oeste,CE-02,71.74,129.23,2,147.65
2026-01-04 08:00,Nordeste,NO-01,60.36,115.84,1,141.27
2026-01-04 08:00,Nordeste,NO-02,60.68,119.42,3,141.85
2026-01-04 08:00,Norte,NO-01,88.29,130.54,5,189.9
2026-01-04 08:00,Norte,NO-02,64.56,96.48,1,196.17
2026-01-04 08:00,Sudeste,SU-01,57.0,96.52,5,154.67
2026-01-04 08:00,Sudeste,SU-02,64.57,112.82,2,161.21
2026-01-04 08:00,Sul,SU-01,71.62,131.19,2,143.22
2026-01-04 08:00,Sul,SU-02,57.71,99.06,3,158.32
2026-01-04 09:00,Centro-Oeste,CE-01,57.87,93.24,2,152.25
2026-01-04 09:00,Centro-Oeste,CE-02,67.39,138.34,2,154.68
2026-01-04 09:00,Nordeste,NO-01,64.53,112.81,1,148.89
2026-01-04 09:00,Nordeste,NO-02,57.77,121.92,3,143.96
2026-01-04 09:00,Norte,NO-01,89.18,131.91,5,211.81
2026-01-04 09:00,Norte,NO-02,61.88,94.24,1,182.08
2026-01-04 09:00,Sudeste,SU-01,58.34,101.93,5,141.88
2026-01-04 09:00,Sudeste,SU-02,68.52,114.41,2,145.25
2026-01-04 09:00,Sul,SU-01,68.99,127.86,2,166.18
2026-01-04 09:00,Sul,SU-02,56.79,102.36,3,143.95
2026-01-04 10:00,Centro-Oeste,CE-01,65.47,98.78,2,186.78
2026-01-04 10:00,Centro-Oeste,CE-02,77.68,132.55,2,156.59
2026-01-04 10:00,Nordeste,NO-01,64.66,115.89,1,159.51
2026-01-04 10:00,Nordeste,NO-02,57.8,122.23,3,139.2
2026-01-04 10:00,Norte,NO-01,91.6,133.22,5,196.73
2026-01-04 10:00,Norte,NO-02,65.08,101.4,1,153.23
2026-01-04 10:00,Sudeste,SU-01,59.61,100.78,5,151.57
2026-01-04 10:00,Sudeste,SU-02,67.23,115.08,2,157.67
2026-01-04 10:00,Sul,SU-01,74.52,130.55,2,165.18
2026-01-04 10:00,Sul,SU-02,57.73,101.2,3,145.09
2026-01-04 11:00,Centro-Oeste,CE-01,67.57,100.22,2,194.94
2026-01-04 11:00,Centro-Oeste,CE-02,87.11,132.35,2,171.98
2026-01-04 11:00,Nordeste,NO-01,66.62,117.57,1,144.66
2026-01-04 11:00,Nordeste,NO-02,63.68,121.67,3,160.03
2026-01-04 11:00,Norte,NO-01,98.15,133.34,5,214.31
2026-01-04 11:00,Norte,NO-02,71.33,101.1,1,204.6
2026-01-04 11:00,Sudeste,SU-01,62.92,100.25,5,147.97
2026-01-04 11:00,Sudeste,SU-02,76.46,113.83,2,209.02
2026-01-04 11:00,Sul,SU-01,75.08,131.24,2,145.75
2026-01-04 11:00,Sul,SU-02,59.1,103.53,3,150.88
2026-01-04 12:00,Centro-Oeste,CE-01,73.3,101.4,2,216.44
2026-01-04 12:00,Centro-Oeste,CE-02,89.36,135.62,2,168.13
2026-01-04 12:00,Nordeste,NO-01,66.39,118.4,1,145.79
2026-01-04 12:00,Nordeste,NO-02,66.24,120.63,3,146.98
2026-01-04 12:00,Norte,NO-01,102.25,132.33,5,253.54
2026-01-04 12:00,Norte,NO-02,73.26,101.18,1,221.17
2026-01-04 12:00,Sudeste,SU-01,66.13,101.96,5,182.53
2026-01-04 12:00,Sudeste,SU-02,79.71,114.69,2,199.39
2026-01-04 12:00,Sul,SU-01,78.59,133.6,2,172.44
2026-01-04 12:00,Sul,SU-02,61.71,103.95,3,154.43
2026-01-04 13:00,Centro-Oeste,CE-01,79.62,98.6,2,245.12
2026-01-04 13:00,Centro-Oeste,CE-02,97.59,138.69,2,196.15
2026-01-04 13:00,Nordeste,NO-01,75.49,119.43,1,158.99
2026-01-04 13:00,Nordeste,NO-02,68.91,125.3,3,141.52
2026-01-04 13:00,Norte,NO-01,101.7,132.86,5,238.62
2026-01-04 13:00,Norte,NO-02,72.57,99.41,1,210.1
2026-01-04 13:00,Sudeste,SU-01,69.3,102.32,5,187.87
2026-01-04 13:00,Sudeste,SU-02,87.94,110.83,2,242.74
2026-01-04 13:00,Sul,SU-01,83.1,132.14,2,149.02
2026-01-04 13:00,Sul,SU-02,63.91,104.34,3,150.39
2026-01-04 14:00,Centro-Oeste,CE-01,88.46,96.87,2,296.66
2026-01-04 14:00,Centro-Oeste,CE-02,94.16,135.67,2,195.8
2026-01-04 14:00,Nordeste,NO-01,72.45,116.35,1,166.81
2026-01-04 14:00,Nordeste,NO-02,71.92,117.6,3,148.08
2026-01-04 14:00,Norte,NO-01,104.08,132.79,5,240.55
2026-01-04 14:00,Norte,NO-02,78.84,98.7,1,246.52
2026-01-04 14:00,Sudeste,SU-01,73.93,101.67,5,202.67
2026-01-04 14:00,Sudeste,SU-02,83.86,109.72,2,222.42
2026-01-04 14:00,Sul,SU-01,87.49,133.54,2,168.71
2026-01-04 14:00,Sul,SU-02,65.55,98.68,3,174.44
2026-01-04 15:00,Centro-Oeste,CE-01,89.24,94.34,2,318.44
2026-01-04 15:00,Centro-Oeste,CE-02,108.9,135.03,2,241.38
2026-01-04 15:00,Nordeste,NO-01,77.86,119.41,1,173.92
2026-01-04 15:00,Nordeste,NO-02,74.73,120.77,3,150.58
2026-01-04 15:00,Norte,NO-01,106.43,138.59,5,235.5
2026-01-04 15:00,Norte,NO-02,76.54,95.35,1,236.15
2026-01-04 15:00,Sudeste,SU-01,83.97,97.01,5,282.91
2026-01-04 15:00,Sudeste,SU-02,91.08,113.5,2,248.71
2026-01-04 15:00,Sul,SU-01,86.22,131.07,2,176.58
2026-01-04 15:00,Sul,SU-02,68.89,100.07,3,192.18
2026-01-04 16:00,Centro-Oeste,CE-01,98.69,95.91,2,363.31
2026-01-04 16:00,Centro-Oeste,CE-02,115.21,129.87,2,295.55
2026-01-04 16:00,Nordeste,NO-01,79.96,115.27,1,196.35
2026-01-04 16:00,Nordeste,NO-02,75.49,120.71,3,165.89
2026-01-04 16:00,Norte,NO-01,106.52,133.12,5,243.52
2026-01-04 16:00,Norte,NO-02,79.16,97.35,1,255.23
2026-01-04 16:00,Sudeste,SU-01,91.63,96.9,5,317.46
2026-01-04 16:00,Sudeste,SU-02,107.47,110.29,2,325.74
2026-01-04 16:00,Sul,SU-01,90.67,128.02,2,211.51
2026-01-04 16:00,Sul,SU-02,71.59,100.14,3,209.46
2026-01-04 17:00,Centro-Oeste,CE-01,102.85,91.26,2,412.54
2026-01-04 17:00,Centro-Oeste,CE-02,116.24,128.33,2,313.09
2026-01-04 17:00,Nordeste,NO-01,85.5,112.21,1,223.18
2026-01-04 17:00,Nordeste,NO-02,80.34,116.46,3,195.99
2026-01-04 17:00,Norte,NO-01,107.98,133.18,5,262.21
2026-01-04 17:00,Norte,NO-02,76.54,95.22,1,252.97
2026-01-04 17:00,Sudeste,SU-01,96.05,97.7,5,342.81
2026-01-04 17:00,Sudeste,SU-02,111.9,106.86,2,374.85
2026-01-04 17:00,Sul,SU-01,91.81,130.59,2,203.24
2026-01-04 17:00,Sul,SU-02,73.91,99.22,3,221.78
2026-01-04 18:00,Centro-Oeste,CE-01,106.78,90.79,2,433.65
2026-01-04 18:00,Centro-Oeste,CE-02,122.24,128.99,2,314.17
2026-01-04 18:00,Nordeste,NO-01,85.11,111.4,1,235.01
2026-01-04 18:00,Nordeste,NO-02,79.61,112.14,3,200.84
2026-01-04 18:00,Norte,NO-01,113.45,124.82,5,308.71
2026-01-04 18:00,Norte,NO-02,73.99,94.76,1,229.55
2026-01-04 18:00,Sudeste,SU-01,103.51,95.67,5,383.35
2026-01-04 18:00,Sudeste,SU-02,123.21,108.86,2,422.57
2026-01-04 18:00,Sul,SU-01,91.57,120.76,2,240.33
2026-01-04 18:00,Sul,SU-02,70.82,97.98,3,213.19
2026-01-04 19:00,Centro-Oeste,CE-01,100.69,91.76,2,404.21
2026-01-04 19:00,Centro-Oeste,CE-02,124.8,124.53,2,360.61
2026-01-04 19:00,Nordeste,NO-01,84.13,113.4,1,210.8
2026-01-04 19:00,Nordeste,NO-02,84.25,115.62,3,225.3
2026-01-04 19:00,Norte,NO-01,103.57,118.91,5,270.39
2026-01-04 19:00,Norte,NO-02,71.79,93.98,1,219.2
2026-01-04 19:00,Sudeste,SU-01,102.47,95.85,5,389.38
2026-01-04 19:00,Sudeste,SU-02,128.65,104.12,2,464.05
2026-01-04 19:00,Sul,SU-01,101.65,120.82,2,272.35
2026-01-04 19:00,Sul,SU-02,76.35,92.18,3,261.44
2026-01-04 20:00,Centro-Oeste,CE-01,97.79,92.37,2,374.15
2026-01-04 20:00,Centro-Oeste,CE-02,121.81,121.36,2,351.17
2026-01-04 20:00,Nordeste,NO-01,81.28,105.67,1,243.82
2026-01-04 20:00,Nordeste,NO-02,80.41,113.43,3,198.82
2026-01-04 20:00,Norte,NO-01,93.78,121.27,5,233.38
2026-01-04 20:00,Norte,NO-02,70.99,92.77,1,236.94
2026-01-04 20:00,Sudeste,SU-01,107.96,96.6,5,406.32
2026-01-04 20:00,Sudeste,SU-02,127.21,106.14,2,444.14
2026-01-04 20:00,Sul,SU-01,94.28,120.51,2,244.3
2026-01-04 20:00,Sul,SU-02,74.25,92.92,3,246.4
2026-01-04 21:00,Centro-Oeste,CE-01,96.15,88.42,2,381.33
2026-01-04 21:00,Centro-Oeste,CE-02,115.6,122.05,2,324.04
2026-01-04 21:00,Nordeste,NO-01,79.2,105.52,1,212.24
2026-01-04 21:00,Nordeste,NO-02,80.54,106.99,3,235.4
2026-01-04 21:00,Norte,NO-01,91.35,118.64,5,233.21
2026-01-04 21:00,Norte,NO-02,65.06,84.87,1,218.88
2026-01-04 21:00,Sudeste,SU-01,107.43,90.04,5,444.81
2026-01-04 21:00,Sudeste,SU-02,124.17,102.1,2,469.24
2026-01-04 21:00,Sul,SU-01,99.96,116.47,2,272.59
2026-01-04 21:00,Sul,SU-02,71.17,90.26,3,245.08
2026-01-04 22:00,Centro-Oeste,CE-01,97.52,87.76,2,410.24
2026-01-04 22:00,Centro-Oeste,CE-02,117.87,120.77,2,324.31
2026-01-04 22:00,Nordeste,NO-01,82.73,104.55,1,234.35
2026-01-04 22:00,Nordeste,NO-02,74.51,107.97,3,191.19
2026-01-04 22:00,Norte,NO-01,88.95,120.56,5,214.5
2026-01-04 22:00,Norte,NO-02,61.13,86.25,1,195.04
2026-01-04 22:00,Sudeste,SU-01,102.11,90.17,5,420.36
2026-01-04 22:00,Sudeste,SU-02,121.1,102.74,2,434.38
2026-01-04 22:00,Sul,SU-01,98.72,116.11,2,267.77
2026-01-04 22:00,Sul,SU-02,78.46,95.59,3,270.01
2026-01-04 23:00,Centro-Oeste,CE-01,91.14,87.51,2,378.75
2026-01-04 23:00,Centro-Oeste,CE-02,111.79,120.52,2,311.06
2026-01-04 23:00,Nordeste,NO-01,80.85,103.74,1,232.24
2026-01-04 23:00,Nordeste,NO-02,74.38,105.08,3,200.35
2026-01-04 23:00,Norte,NO-01,92.64,115.3,5,255.48
2026-01-04 23:00,Norte,NO-02,65.89,88.67,1,215.41
2026-01-04 23:00,Sudeste,SU-01,90.53,87.42,5,361.41
2026-01-04 23:00,Sudeste,SU-02,110.58,95.78,2,438.69
2026-01-04 23:00,Sul,SU-01,94.59,117.47,2,249.63
2026-01-04 23:00,Sul,SU-02,74.29,90.13,3,272.85
2026-01-05 00:00,Centro-Oeste,CE-01,93.44,87.09,2,377.92
2026-01-05 00:00,Centro-Oeste,CE-02,112.98,118.61,2,321.67
2026-01-05 00:00,Nordeste,NO-01,90.63,104.42,1,285.69
2026-01-05 00:00,Nordeste,NO-02,82.61,106.74,3,242.85
2026-01-05 00:00,Norte,NO-01,84.88,113.81,5,217.59
2026-01-05 00:00,Norte,NO-02,62.94,87.84,1,192.09
2026-01-05 00:00,Sudeste,SU-01,97.0,87.5,5,408.25
2026-01-05 00:00,Sudeste,SU-02,117.22,101.99,2,427.98
2026-01-05 00:00,Sul,SU-01,98.78,120.74,2,249.52
2026-01-05 00:00,Sul,SU-02,73.83,89.7,3,252.71
2026-01-05 01:00,Centro-Oeste,CE-01,83.28,86.56,2,341.79
2026-01-05 01:00,Centro-Oeste,CE-02,100.65,120.25,2,280.69
2026-01-05 01:00,Nordeste,NO-01,100.36,101.87,1,358.61
2026-01-05 01:00,Nordeste,NO-02,95.03,106.26,3,296.34
2026-01-05 01:00,Norte,NO-01,86.12,117.74,5,221.89
2026-01-05 01:00,Norte,NO-02,60.55,88.09,1,189.25
2026-01-05 01:00,Sudeste,SU-01,86.59,92.84,5,324.13
2026-01-05 01:00,Sudeste,SU-02,103.6,102.93,2,348.9
2026-01-05 01:00,Sul,SU-01,88.11,118.88,2,212.75
2026-01-05 01:00,Sul,SU-02,73.44,93.59,3,241.84
2026-01-05 02:00,Centro-Oeste,CE-01,79.15,86.07,2,297.92
2026-01-05 02:00,Centro-Oeste,CE-02,91.45,122.16,2,242.44
2026-01-05 02:00,Nordeste,NO-01,108.39,105.12,1,349.41
2026-01-05 02:00,Nordeste,NO-02,100.65,111.65,3,298.92
2026-01-05 02:00,Norte,NO-01,83.9,115.15,5,211.93
2026-01-05 02:00,Norte,NO-02,57.48,89.52,1,170.69
2026-01-05 02:00,Sudeste,SU-01,77.49,92.31,5,281.08
2026-01-05 02:00,Sudeste,SU-02,93.68,102.64,2,300.01
2026-01-05 02:00,Sul,SU-01,94.76,117.62,2,256.4
2026-01-05 02:00,Sul,SU-02,72.34,92.9,3,230.55
2026-01-05 03:00,Centro-Oeste,CE-01,72.7,89.29,2,259.57
2026-01-05 03:00,Centro-Oeste,CE-02,87.21,122.8,2,208.12
2026-01-05 03:00,Nordeste,NO-01,105.19,105.01,1,359.48
2026-01-05 03:00,Nordeste,NO-02,96.74,107.86,3,286.37
2026-01-05 03:00,Norte,NO-01,79.68,117.54,5,186.08
2026-01-05 03:00,Norte,NO-02,56.23,90.51,1,169.34
2026-01-05 03:00,Sudeste,SU-01,73.4,91.29,5,255.11
2026-01-05 03:00,Sudeste,SU-02,87.19,99.24,2,285.33
2026-01-05 03:00,Sul,SU-01,83.6,121.17,2,191.37
2026-01-05 03:00,Sul,SU-02,70.12,92.86,3,225.89
2026-01-05 04:00,Centro-Oeste,CE-01,62.4,89.78,2,191.87
2026-01-05 04:00,Centro-Oeste,CE-02,78.62,122.99,2,156.76
2026-01-05 04:00,Nordeste,NO-01,94.9,105.74,1,294.0
2026-01-05 04:00,Nordeste,NO-02,89.76,109.28,3,262.52
2026-01-05 04:00,Norte,NO-01,73.81,121.22,5,160.35
2026-01-05 04:00,Norte,NO-02,56.04,88.59,1,161.27
2026-01-05 04:00,Sudeste,SU-01,62.91,91.89,5,205.75
2026-01-05 04:00,Sudeste,SU-02,75.3,103.47,2,225.18
2026-01-05 04:00,Sul,SU-01,84.56,119.16,2,195.09
2026-01-05 04:00,Sul,SU-02,68.21,93.09,3,205.26
2026-01-05 05:00,Centro-Oeste,CE-01,54.42,91.34,2,167.23
2026-01-05 05:00,Centro-Oeste,CE-02,71.51,120.83,2,144.42
2026-01-05 05:00,Nordeste,NO-01,79.74,107.11,1,233.4
2026-01-05 05:00,Nordeste,NO-02,80.71,109.87,3,210.12
2026-01-05 05:00,Norte,NO-01,73.84,126.99,5,154.45
2026-01-05 05:00,Norte,NO-02,51.29,92.89,1,147.0
2026-01-05 05:00,Sudeste,SU-01,57.28,94.78,5,155.59
2026-01-05 05:00,Sudeste,SU-02,68.03,107.3,2,164.65
2026-01-05 05:00,Sul,SU-01,78.16,123.72,2,161.12
2026-01-05 05:00,Sul,SU-02,65.34,95.98,3,195.29
2026-01-05 06:00,Centro-Oeste,CE-01,51.61,95.03,2,158.44
2026-01-05 06:00,Centro-Oeste,CE-02,63.09,125.77,2,144.27
2026-01-05 06:00,Nordeste,NO-01,77.34,113.19,1,184.26
2026-01-05 06:00,Nordeste,NO-02,70.55,110.72,3,156.52
2026-01-05 06:00,Norte,NO-01,73.88,126.51,5,145.63
2026-01-05 06:00,Norte,NO-02,52.9,93.58,1,153.1
2026-01-05 06:00,Sudeste,SU-01,60.66,93.2,5,151.69
2026-01-05 06:00,Sudeste,SU-02,68.47,109.08,2,162.48
2026-01-05 06:00,Sul,SU-01,76.78,121.83,2,162.33
2026-01-05 06:00,Sul,SU-02,60.74,95.65,3,170.23
2026-01-05 07:00,Centro-Oeste,CE-01,52.67,95.61,2,164.02
2026-01-05 07:00,Centro-Oeste,CE-02,65.08,130.11,2,157.22
2026-01-05 07:00,Nordeste,NO-01,67.08,113.76,1,149.09
2026-01-05 07:00,Nordeste,NO-02,64.05,118.02,3,156.02
2026-01-05 07:00,Norte,NO-01,72.25,128.81,5,141.0
2026-01-05 07:00,Norte,NO-02,49.87,94.22,1,155.23
2026-01-05 07:00,Sudeste,SU-01,59.03,94.75,5,171.62
2026-01-05 07:00,Sudeste,SU-02,69.72,106.25,2,170.6
2026-01-05 07:00,Sul,SU-01,75.78,129.93,2,158.24
2026-01-05 07:00,Sul,SU-02,59.64,96.87,3,162.62
2026-01-05 08:00,Centro-Oeste,CE-01,50.18,96.67,2,152.97
2026-01-05 08:00,Centro-Oeste,CE-02,64.2,129.83,2,156.71
2026-01-05 08:00,Nordeste,NO-01,62.14,113.89,1,145.51
2026-01-05 08:00,Nordeste,NO-02,65.28,115.18,3,141.53
2026-01-05 08:00,Norte,NO-01,76.05,128.75,5,135.76
2026-01-05 08:00,Norte,NO-02,52.1,94.37,1,152.38
2026-01-05 08:00,Sudeste,SU-01,61.7,95.64,5,186.27
2026-01-05 08:00,Sudeste,SU-02,74.75,108.61,2,192.79
2026-01-05 08:00,Sul,SU-01,78.83,128.82,2,151.11
2026-01-05 08:00,Sul,SU-02,60.14,100.93,3,150.4
2026-01-05 09:00,Centro-Oeste,CE-01,50.75,98.27,2,153.42
2026-01-05 09:00,Centro-Oeste,CE-02,61.22,128.58,2,152.53
2026-01-05 09:00,Nordeste,NO-01,69.5,112.64,1,161.62
2026-01-05 09:00,Nordeste,NO-02,64.86,115.38,3,157.08
2026-01-05 09:00,Norte,NO-01,77.66,136.87,5,159.1
2026-01-05 09:00,Norte,NO-02,53.39,97.84,1,151.53
2026-01-05 09:00,Sudeste,SU-01,64.56,95.8,5,182.59
2026-01-05 09:00,Sudeste,SU-02,74.39,112.36,2,184.78
2026-01-05 09:00,Sul,SU-01,80.46,129.62,2,161.48
2026-01-05 09:00,Sul,SU-02,61.42,99.94,3,157.89
2026-01-05 10:00,Centro-Oeste,CE-01,55.12,94.81,2,145.55
2026-01-05 10:00,Centro-Oeste,CE-02,63.41,136.79,2,136.39
2026-01-05 10:00,Nordeste,NO-01,69.95,122.18,1,162.09
2026-01-05 10:00,Nordeste,NO-02,63.76,117.38,3,147.65
2026-01-05 10:00,Norte,NO-01,82.9,136.49,5,168.46
2026-01-05 10:00,Norte,NO-02,57.68,100.37,1,147.76
2026-01-05 10:00,Sudeste,SU-01,68.57,96.52,5,204.02
2026-01-05 10:00,Sudeste,SU-02,80.81,113.04,2,216.47
2026-01-05 10:00,Sul,SU-01,76.91,135.63,2,145.31
2026-01-05 10:00,Sul,SU-02,60.4,106.62,3,157.35
2026-01-05 11:00,Centro-Oeste,CE-01,56.5,99.54,2,158.0
2026-01-05 11:00,Centro-Oeste,CE-02,71.54,137.06,2,159.01
2026-01-05 11:00,Nordeste,NO-01,71.05,115.23,1,156.84
2026-01-05 11:00,Nordeste,NO-02,68.38,119.88,3,140.0
2026-01-05 11:00,Norte,NO-01,84.29,132.87,5,170.63
2026-01-05 11:00,Norte,NO-02,57.87,103.27,1,151.21
2026-01-05 11:00,Sudeste,SU-01,68.93,102.44,5,187.38
2026-01-05 11:00,Sudeste,SU-02,84.24,111.31,2,224.65
2026-01-05 11:00,Sul,SU-01,78.13,130.62,2,154.47
2026-01-05 11:00,Sul,SU-02,67.67,102.85,3,171.98
2026-01-05 12:00,Centro-Oeste,CE-01,58.63,100.19,2,149.88
2026-01-05 12:00,Centro-Oeste,CE-02,76.57,135.09,2,147.65
2026-01-05 12:00,Nordeste,NO-01,76.21,119.82,1,161.0
2026-01-05 12:00,Nordeste,NO-02,74.84,124.2,3,154.16
2026-01-05 12:00,Norte,NO-01,82.85,133.13,5,156.59
2026-01-05 12:00,Norte,NO-02,60.72,99.46,1,157.36
2026-01-05 12:00,Sudeste,SU-01,71.0,100.9,5,206.1
2026-01-05 12:00,Sudeste,SU-02,84.47,116.28,2,230.93
2026-01-05 12:00,Sul,SU-01,79.55,131.98,2,145.28
2026-01-05 12:00,Sul,SU-02,68.25,103.52,3,187.03
2026-01-05 13:00,Centro-Oeste,CE-01,63.56,97.45,2,172.88
2026-01-05 13:00,Centro-Oeste,CE-02,70.09,133.96,2,135.42
2026-01-05 13:00,Nordeste,NO-01,79.74,117.2,1,190.05
2026-01-05 13:00,Nordeste,NO-02,78.71,117.58,3,195.44
2026-01-05 13:00,Norte,NO-01,98.55,136.87,5,223.68
2026-01-05 13:00,Norte,NO-02,67.26,99.24,1,199.54
2026-01-05 13:00,Sudeste,SU-01,77.26,100.02,5,242.05
2026-01-05 13:00,Sudeste,SU-02,92.94,116.53,2,243.72
2026-01-05 13:00,Sul,SU-01,86.72,133.23,2,184.66
2026-01-05 13:00,Sul,SU-02,69.57,101.48,3,192.94
2026-01-05 14:00,Centro-Oeste,CE-01,65.6,93.8,2,211.39
2026-01-05 14:00,Centro-Oeste,CE-02,76.1,127.35,2,158.42
2026-01-05 14:00,Nordeste,NO-01,83.99,113.35,1,221.33
2026-01-05 14:00,Nordeste,NO-02,77.46,118.11,3,168.4
2026-01-05 14:00,Norte,NO-01,99.14,133.06,5,234.37
2026-01-05 14:00,Norte,NO-02,69.92,97.32,1,205.4
2026-01-05 14:00,Sudeste,SU-01,79.62,98.97,5,253.24
2026-01-05 14:00,Sudeste,SU-02,97.34,114.6,2,266.85
2026-01-05 14:00,Sul,SU-01,92.49,131.61,2,194.86
2026-01-05 14:00,Sul,SU-02,76.88,100.2,3,246.67
2026-01-05 15:00,Centro-Oeste,CE-01,72.41,94.21,2,228.14
2026-01-05 15:00,Centro-Oeste,CE-02,82.76,126.92,2,181.4
2026-01-05 15:00,Nordeste,NO-01,84.43,115.58,1,220.89
2026-01-05 15:00,Nordeste,NO-02,79.06,112.55,3,202.06
2026-01-05 15:00,Norte,NO-01,96.82,135.46,5,198.93
2026-01-05 15:00,Norte,NO-02,72.3,97.49,1,221.01
2026-01-05 15:00,Sudeste,SU-01,88.42,97.18,5,301.34
2026-01-05 15:00,Sudeste,SU-02,98.88,109.09,2,313.34
2026-01-05 15:00,Sul,SU-01,95.31,133.08,2,199.23
2026-01-05 15:00,Sul,SU-02,77.59,100.49,3,228.88
2026-01-05 16:00,Centro-Oeste,CE-01,70.54,94.49,2,213.36
2026-01-05 16:00,Centro-Oeste,CE-02,90.86,130.05,2,197.18
2026-01-05 16:00,Nordeste,NO-01,81.95,112.17,1,205.81
2026-01-05 16:00,Nordeste,NO-02,87.09,117.22,3,229.11
2026-01-05 16:00,Norte,NO-01,102.3,126.0,5,259.65
2026-01-05 16:00,Norte,NO-02,73.81,91.02,1,258.55
2026-01-05 16:00,Sudeste,SU-01,87.37,97.38,5,305.95
2026-01-05 16:00,Sudeste,SU-02,99.91,111.16,2,302.39
2026-01-05 16:00,Sul,SU-01,101.96,130.59,2,235.68
2026-01-05 16:00,Sul,SU-02,86.07,102.39,3,266.97
2026-01-05 17:00,Centro-Oeste,CE-01,72.5,97.09,2,231.97
2026-01-05 17:00,Centro-Oeste,CE-02,97.08,127.24,2,233.83
2026-01-05 17:00,Nordeste,NO-01,94.18,116.03,1,258.73
2026-01-05 17:00,Nordeste,NO-02,87.12,117.28,3,234.7
2026-01-05 17:00,Norte,NO-01,106.97,130.22,5,271.34
2026-01-05 17:00,Norte,NO-02,74.0,93.2,1,249.01
2026-01-05 17:00,Sudeste,SU-01,87.67,94.31,5,311.74
2026-01-05 17:00,Sudeste,SU-02,103.76,109.22,2,338.41
2026-01-05 17:00,Sul,SU-01,104.17,123.55,2,268.86
2026-01-05 17:00,Sul,SU-02,81.44,96.77,3,259.55
2026-01-05 18:00,Centro-Oeste,CE-01,76.77,92.76,2,268.43
2026-01-05 18:00,Centro-Oeste,CE-02,94.05,127.27,2,221.87
2026-01-05 18:00,Nordeste,NO-01,89.48,112.43,1,239.8
2026-01-05 18:00,Nordeste,NO-02,85.22,114.65,3,225.86
2026-01-05 18:00,Norte,NO-01,103.34,124.4,5,284.23
2026-01-05 18:00,Norte,NO-02,74.24,97.03,1,234.39
2026-01-05 18:00,Sudeste,SU-01,91.94,95.09,5,329.31
2026-01-05 18:00,Sudeste,SU-02,102.27,106.65,2,328.88
2026-01-05 18:00,Sul,SU-01,102.59,122.37,2,272.94
2026-01-05 18:00,Sul,SU-02,82.04,96.05,3,292.93
2026-01-05 19:00,Centro-Oeste,CE-01,79.66,88.89,2,301.92
2026-01-05 19:00,Centro-Oeste,CE-02,98.97,124.26,2,244.92
2026-01-05 19:00,Nordeste,NO-01,87.35,111.45,1,238.53
2026-01-05 19:00,Nordeste,NO-02,90.21,112.0,3,263.6
2026-01-05 19:00,Norte,NO-01,107.14,125.26,5,268.25
2026-01-05 19:00,Norte,NO-02,75.13,93.98,1,243.47
2026-01-05 19:00,Sudeste,SU-01,84.97,94.97,5,283.73
2026-01-05 19:00,Sudeste,SU-02,97.0,106.1,2,303.45
2026-01-05 19:00,Sul,SU-01,100.28,118.82,2,274.1
2026-01-05 19:00,Sul,SU-02,81.98,97.04,3,262.46
2026-01-05 20:00,Centro-Oeste,CE-01,77.82,90.86,2,288.09
2026-01-05 20:00,Centro-Oeste,CE-02,100.78,124.47,2,265.13
2026-01-05 20:00,Nordeste,NO-01,88.4,107.62,1,270.37
2026-01-05 20:00,Nordeste,NO-02,85.39,109.39,3,242.55
2026-01-05 20:00,Norte,NO-01,96.62,121.03,5,241.45
2026-01-05 20:00,Norte,NO-02,71.38,87.92,1,277.77
2026-01-05 20:00,Sudeste,SU-01,90.2,92.69,5,333.0
2026-01-05 20:00,Sudeste,SU-02,100.2,104.46,2,330.99
2026-01-05 20:00,Sul,SU-01,108.42,125.86,2,281.35
2026-01-05 20:00,Sul,SU-02,81.21,92.77,3,280.1
2026-01-05 21:00,Centro-Oeste,CE-01,79.9,90.28,2,298.41
2026-01-05 21:00,Centro-Oeste,CE-02,101.34,124.62,2,270.03
2026-01-05 21:00,Nordeste,NO-01,91.31,106.15,1,262.18
2026-01-05 21:00,Nordeste,NO-02,86.49,111.57,3,240.95
2026-01-05 21:00,Norte,NO-01,100.79,119.7,5,276.24
2026-01-05 21:00,Norte,NO-02,71.83,90.63,1,247.31
2026-01-05 21:00,Sudeste,SU-01,83.95,89.83,5,317.33
2026-01-05 21:00,Sudeste,SU-02,104.09,103.84,2,351.06
2026-01-05 21:00,Sul,SU-01,105.63,120.18,2,296.11
2026-01-05 21:00,Sul,SU-02,84.22,91.25,3,310.98
2026-01-05 22:00,Centro-Oeste,CE-01,75.17,85.8,2,277.18
2026-01-05 22:00,Centro-Oeste,CE-02,95.88,119.22,2,245.25
2026-01-05 22:00,Nordeste,NO-01,88.97,108.08,1,263.1
2026-01-05 22:00,Nordeste,NO-02,80.01,106.76,3,211.71
2026-01-05 22:00,Norte,NO-01,100.79,120.08,5,260.68
2026-01-05 22:00,Norte,NO-02,64.69,88.97,1,214.59
2026-01-05 22:00,Sudeste,SU-01,84.93,89.51,5,323.53
2026-01-05 22:00,Sudeste,SU-02,93.74,102.87,2,291.13
2026-01-05 22:00,Sul,SU-01,106.21,119.48,2,297.12
2026-01-05 22:00,Sul,SU-02,84.43,92.35,3,301.34
2026-01-05 23:00,Centro-Oeste,CE-01,80.74,86.28,2,335.1
2026-01-05 23:00,Centro-Oeste,CE-02,87.83,120.28,2,209.85
2026-01-05 23:00,Nordeste,NO-01,83.93,104.24,1,260.76
2026-01-05 23:00,Nordeste,NO-02,78.78,104.25,3,210.51
2026-01-05 23:00,Norte,NO-01,94.68,120.95,5,244.26
2026-01-05 23:00,Norte,NO-02,65.8,88.08,1,224.64
2026-01-05 23:00,Sudeste,SU-01,76.96,89.3,5,280.95
2026-01-05 23:00,Sudeste,SU-02,87.7,103.85,2,273.69
2026-01-05 23:00,Sul,SU-01,105.27,118.16,2,290.29
2026-01-05 23:00,Sul,SU-02,80.37,91.72,3,281.68
2026-01-06 00:00,Centro-Oeste,CE-01,71.45,88.61,2,253.81
2026-01-06 00:00,Centro-Oeste,CE-02,85.46,120.3,2,194.74
2026-01-06 00:00,Nordeste,NO-01,80.5,100.52,1,247.54
2026-01-06 00:00,Nordeste,NO-02,76.49,102.94,3,217.78
2026-01-06 00:00,Norte,NO-01,89.69,119.51,5,224.41
2026-01-06 00:00,Norte,NO-02,65.72,90.8,1,220.47
2026-01-06 00:00,Sudeste,SU-01,72.28,88.4,5,264.09
2026-01-06 00:00,Sudeste,SU-02,89.64,99.21,2,317.47
2026-01-06 00:00,Sul,SU-01,96.89,120.99,2,259.0
2026-01-06 00:00,Sul,SU-02,78.94,90.34,3,300.51
2026-01-06 01:00,Centro-Oeste,CE-01,68.6,89.73,2,231.97
2026-01-06 01:00,Centro-Oeste,CE-02,85.21,119.96,2,189.14
2026-01-06 01:00,Nordeste,NO-01,82.41,109.96,1,220.01
2026-01-06 01:00,Nordeste,NO-02,74.7,104.91,3,203.84
2026-01-06 01:00,Norte,NO-01,89.51,116.73,5,238.27
2026-01-06 01:00,Norte,NO-02,61.25,87.94,1,199.21
2026-01-06 01:00,Sudeste,SU-01,74.05,85.24,5,293.05
2026-01-06 01:00,Sudeste,SU-02,84.52,100.36,2,259.98
2026-01-06 01:00,Sul,SU-01,93.59,115.96,2,256.03
2026-01-06 01:00,Sul,SU-02,77.18,92.5,3,277.39
2026-01-06 02:00,Centro-Oeste,CE-01,68.77,89.57,2,237.77
2026-01-06 02:00,Centro-Oeste,CE-02,80.28,123.32,2,181.63
2026-01-06 02:00,Nordeste,NO-01,77.1,103.28,1,220.44
2026-01-06 02:00,Nordeste,NO-02,69.46,108.69,3,173.13
2026-01-06 02:00,Norte,NO-01,79.6,118.33,5,196.15
2026-01-06 02:00,Norte,NO-02,57.18,89.84,1,152.53
2026-01-06 02:00,Sudeste,SU-01,66.34,89.35,5,220.91
2026-01-06 02:00,Sudeste,SU-02,75.29,102.35,2,222.41
2026-01-06 02:00,Sul,SU-01,92.23,117.5,2,227.42
2026-01-06 02:00,Sul,SU-02,70.25,93.58,3,226.74
2026-01-06 03:00,Centro-Oeste,CE-01,60.29,88.41,2,207.28
2026-01-06 03:00,Centro-Oeste,CE-02,72.81,125.15,2,143.04
2026-01-06 03:00,Nordeste,NO-01,70.6,104.29,1,187.79
2026-01-06 03:00,Nordeste,NO-02,70.72,109.57,3,157.54
2026-01-06 03:00,Norte,NO-01,77.83,117.08,5,182.31
2026-01-06 03:00,Norte,NO-02,54.22,87.05,1,159.6
2026-01-06 03:00,Sudeste,SU-01,65.34,91.21,5,204.61
2026-01-06 03:00,Sudeste,SU-02,75.37,104.02,2,216.08
2026-01-06 03:00,Sul,SU-01,88.44,120.46,2,239.61
2026-01-06 03:00,Sul,SU-02,66.28,93.48,3,218.42
2026-01-06 04:00,Centro-Oeste,CE-01,56.72,90.11,2,160.51
2026-01-06 04:00,Centro-Oeste,CE-02,73.14,117.89,2,162.54
2026-01-06 04:00,Nordeste,NO-01,73.9,107.58,1,191.5
2026-01-06 04:00,Nordeste,NO-02,66.7,108.27,3,147.31
2026-01-06 04:00,Norte,NO-01,72.02,123.75,5,149.31
2026-01-06 04:00,Norte,NO-02,53.16,91.62,1,142.06
2026-01-06 04:00,Sudeste,SU-01,57.7,92.58,5,167.47
2026-01-06 04:00,Sudeste,SU-02,69.14,107.87,2,185.03
2026-01-06 04:00,Sul,SU-01,85.1,122.13,2,198.57
2026-01-06 04:00,Sul,SU-02,66.17,93.01,3,219.01
2026-01-06 05:00,Centro-Oeste,CE-01,55.92,94.7,2,148.21
2026-01-06 05:00,Centro-Oeste,CE-02,67.57,122.72,2,147.55
2026-01-06 05:00,Nordeste,NO-01,68.25,107.41,1,181.9
2026-01-06 05:00,Nordeste,NO-02,67.58,113.33,3,140.69
2026-01-06 05:00,Norte,NO-01,72.01,121.24,5,150.28
2026-01-06 05:00,Norte,NO-02,52.43,92.86,1,146.83
2026-01-06 05:00,Sudeste,SU-01,57.92,90.3,5,172.12
2026-01-06 05:00,Sudeste,SU-02,65.15,105.35,2,155.24
2026-01-06 05:00,Sul,SU-01,80.41,123.58,2,166.53
2026-01-06 05:00,Sul,SU-02,66.46,94.99,3,196.75
2026-01-06 06:00,Centro-Oeste,CE-01,53.33,92.43,2,156.77
2026-01-06 06:00,Centro-Oeste,CE-02,62.17,129.56,2,160.74
2026-01-06 06:00,Nordeste,NO-01,70.65,113.59,1,157.85
2026-01-06 06:00,Nordeste,NO-02,66.92,110.25,3,158.15
2026-01-06 06:00,Norte,NO-01,73.45,128.64,5,133.81
2026-01-06 06:00,Norte,NO-02,52.35,93.36,1,147.7
2026-01-06 06:00,Sudeste,SU-01,61.92,98.83,5,157.02
2026-01-06 06:00,Sudeste,SU-02,71.34,109.49,2,177.04
2026-01-06 06:00,Sul,SU-01,84.13,129.79,2,184.73
2026-01-06 06:00,Sul,SU-02,62.84,96.19,3,166.96
2026-01-06 07:00,Centro-Oeste,CE-01,51.85,95.2,2,162.68
2026-01-06 07:00,Centro-Oeste,CE-02,63.51,126.44,2,144.22
2026-01-06 07:00,Nordeste,NO-01,67.01,108.94,1,160.12
2026-01-06 07:00,Nordeste,NO-02,58.98,110.74,3,158.04
2026-01-06 07:00,Norte,NO-01,71.85,129.79,5,146.83
2026-01-06 07:00,Norte,NO-02,53.24,91.65,1,159.95
2026-01-06 07:00,Sudeste,SU-01,57.86,98.61,5,140.49
2026-01-06 07:00,Sudeste,SU-02,66.67,107.46,2,154.1
2026-01-06 07:00,Sul,SU-01,76.19,132.94,2,142.67
2026-01-06 07:00,Sul,SU-02,62.35,97.45,3,164.76
2026-01-06 08:00,Centro-Oeste,CE-01,50.56,95.69,2,140.31
2026-01-06 08:00,Centro-Oeste,CE-02,62.21,129.06,2,155.02
2026-01-06 08:00,Nordeste,NO-01,69.37,115.23,1,147.81
2026-01-06 08:00,Nordeste,NO-02,64.98,118.94,3,143.54
2026-01-06 08:00,Norte,NO-01,74.77,129.23,5,158.63
2026-01-06 08:00,Norte,NO-02,53.05,93.58,1,158.1
2026-01-06 08:00,Sudeste,SU-01,61.28,98.46,5,155.04
2026-01-06 08:00,Sudeste,SU-02,71.89,110.9,2,168.17
2026-01-06 08:00,Sul,SU-01,82.01,125.91,2,181.64
2026-01-06 08:00,Sul,SU-02,61.2,100.68,3,142.04
2026-01-06 09:00,Centro-Oeste,CE-01,48.22,96.62,2,153.33
2026-01-06 09:00,Centro-Oeste,CE-02,63.98,134.64,2,145.92
2026-01-06 09:00,Nordeste,NO-01,66.35,114.97,1,160.52
2026-01-06 09:00,Nordeste,NO-02,63.18,117.44,3,161.39
2026-01-06 09:00,Norte,NO-01,78.91,132.49,5,146.72
2026-01-06 09:00,Norte,NO-02,52.16,99.84,1,154.85
2026-01-06 09:00,Sudeste,SU-01,62.72,101.07,5,160.46
2026-01-06 09:00,Sudeste,SU-02,76.66,113.92,2,197.57
2026-01-06 09:00,Sul,SU-01,81.37,128.15,2,165.1
2026-01-06 09:00,Sul,SU-02,60.72,101.62,3,137.89
2026-01-06 10:00,Centro-Oeste,CE-01,53.54,95.62,2,151.29
2026-01-06 10:00,Centro-Oeste,CE-02,65.29,135.52,2,156.85
2026-01-06 10:00,Nordeste,NO-01,69.36,116.56,1,162.26
2026-01-06 10:00,Nordeste,NO-02,64.07,118.82,3,150.26
2026-01-06 10:00,Norte,NO-01,81.46,127.43,5,164.95
2026-01-06 10:00,Norte,NO-02,58.63,99.52,1,145.1
2026-01-06 10:00,Sudeste,SU-01,66.04,102.56,5,170.34
2026-01-06 10:00,Sudeste,SU-02,77.31,114.66,2,190.37
2026-01-06 10:00,Sul,SU-01,79.73,129.74,2,160.38
2026-01-06 10:00,Sul,SU-02,62.31,98.65,3,173.17
2026-01-06 11:00,Centro-Oeste,CE-01,52.26,99.84,2,144.65
2026-01-06 11:00,Centro-Oeste,CE-02,68.27,134.88,2,154.48
2026-01-06 11:00,Nordeste,NO-01,70.31,112.65,1,158.24
2026-01-06 11:00,Nordeste,NO-02,66.68,115.84,3,151.49
2026-01-06 11:00,Norte,NO-01,88.35,134.8,5,171.45
2026-01-06 11:00,Norte,NO-02,61.03,99.85,1,157.06
2026-01-06 11:00,Sudeste,SU-01,70.11,101.18,5,200.4
2026-01-06 11:00,Sudeste,SU-02,86.79,116.31,2,226.78
2026-01-06 11:00,Sul,SU-01,84.62,128.0,2,182.72
2026-01-06 11:00,Sul,SU-02,65.04,103.6,3,154.02
2026-01-06 12:00,Centro-Oeste,CE-01,56.35,101.27,2,158.25
2026-01-06 12:00,Centro-Oeste,CE-02,69.85,135.36,2,155.0
2026-01-06 12:00,Nordeste,NO-01,75.59,117.37,1,183.07
2026-01-06 12:00,Nordeste,NO-02,74.51,117.09,3,175.11
2026-01-06 12:00,Norte,NO-01,87.49,129.72,5,174.2
2026-01-06 12:00,Norte,NO-02,61.71,94.35,1,178.48
2026-01-06 12:00,Sudeste,SU-01,70.65,101.93,5,193.7
2026-01-06 12:00,Sudeste,SU-02,87.4,118.26,2,230.27
2026-01-06 12:00,Sul,SU-01,85.82,131.86,2,184.13
2026-01-06 12:00,Sul,SU-02,65.05,103.13,3,175.15
2026-01-06 13:00,Centro-Oeste,CE-01,61.97,98.37,2,158.64
2026-01-06 13:00,Centro-Oeste,CE-02,73.78,131.35,2,155.09
2026-01-06 13:00,Nordeste,NO-01,78.02,117.8,1,182.52
2026-01-06 13:00,Nordeste,NO-02,72.13,121.3,3,149.32
2026-01-06 13:00,Norte,NO-01,89.8,138.48,5,161.95
2026-01-06 13:00,Norte,NO-02,65.65,97.57,1,184.23
2026-01-06 13:00,Sudeste,SU-01,78.69,99.8,5,248.59
2026-01-06 13:00,Sudeste,SU-02,93.33,114.74,2,265.27
2026-01-06 13:00,Sul,SU-01,90.41,133.18,2,183.16
2026-01-06 13:00,Sul,SU-02,71.54,100.84,3,205.04
2026-01-06 14:00,Centro-Oeste,CE-01,67.08,97.47,2,204.39
2026-01-06 14:00,Centro-Oeste,CE-02,77.12,132.71,2,158.25
2026-01-06 14:00,Nordeste,NO-01,82.57,114.69,1,217.98
2026-01-06 14:00,Nordeste,NO-02,79.08,119.97,3,178.43
2026-01-06 14:00,Norte,NO-01,95.03,131.95,5,210.09
2026-01-06 14:00,Norte,NO-02,66.05,97.81,1,189.45
2026-01-06 14:00,Sudeste,SU-01,79.51,102.57,5,228.09
2026-01-06 14:00,Sudeste,SU-02,99.81,110.93,2,300.84
2026-01-06 14:00,Sul,SU-01,89.42,134.41,2,180.39
2026-01-06 14:00,Sul,SU-02,73.76,101.52,3,209.62
2026-01-06 15:00,Centro-Oeste,CE-01,68.8,95.72,2,212.72
2026-01-06 15:00,Centro-Oeste,CE-02,86.92,130.46,2,189.44
2026-01-06 15:00,Nordeste,NO-01,88.4,111.9,1,239.93
2026-01-06 15:00,Nordeste,NO-02,80.02,122.46,3,182.83
2026-01-06 15:00,Norte,NO-01,102.02,127.58,5,244.11
2026-01-06 15:00,Norte,NO-02,71.66,96.61,1,221.16
2026-01-06 15:00,Sudeste,SU-01,81.62,99.4,5,252.65
2026-01-06 15:00,Sudeste,SU-02,93.07,114.03,2,250.46
2026-01-06 15:00,Sul,SU-01,100.71,130.55,2,233.41
2026-01-06 15:00,Sul,SU-02,74.05,99.75,3,221.13
2026-01-06 16:00,Centro-Oeste,CE-01,73.46,94.29,2,241.32
2026-01-06 16:00,Centro-Oeste,CE-02,93.81,129.89,2,220.13
2026-01-06 16:00,Nordeste,NO-01,85.86,112.97,1,218.37
2026-01-06 16:00,Nordeste,NO-02,82.73,116.15,3,197.17
2026-01-06 16:00,Norte,NO-01,106.81,131.09,5,255.9
2026-01-06 16:00,Norte,NO-02,75.12,92.78,1,269.16
2026-01-06 16:00,Sudeste,SU-01,79.28,99.01,5,247.0
2026-01-06 16:00,Sudeste,SU-02,101.51,110.55,2,318.92
2026-01-06 16:00,Sul,SU-01,98.97,128.64,2,247.87
2026-01-06 16:00,Sul,SU-02,81.43,102.3,3,243.59
2026-01-06 17:00,Centro-Oeste,CE-01,71.68,94.31,2,226.11
2026-01-06 17:00,Centro-Oeste,CE-02,93.49,127.19,2,230.41
2026-01-06 17:00,Nordeste,NO-01,97.58,113.59,1,278.65
2026-01-06 17:00,Nordeste,NO-02,85.44,117.4,3,215.27
2026-01-06 17:00,Norte,NO-01,101.16,126.53,5,249.29
2026-01-06 17:00,Norte,NO-02,74.13,94.99,1,238.27
2026-01-06 17:00,Sudeste,SU-01,90.39,97.08,5,310.94
2026-01-06 17:00,Sudeste,SU-02,98.1,107.8,2,305.35
2026-01-06 17:00,Sul,SU-01,93.2,128.96,2,213.93
2026-01-06 17:00,Sul,SU-02,78.08,100.98,3,241.15
2026-01-06 18:00,Centro-Oeste,CE-01,78.04,93.12,2,277.91
2026-01-06 18:00,Centro-Oeste,CE-02,92.95,131.02,2,204.37
2026-01-06 18:00,Nordeste,NO-01,96.07,110.89,1,282.97
2026-01-06 18:00,Nordeste,NO-02,85.72,116.63,3,202.25
2026-01-06 18:00,Norte,NO-01,104.4,125.36,5,280.86
2026-01-06 18:00,Norte,NO-02,71.99,92.16,1,247.24
2026-01-06 18:00,Sudeste,SU-01,88.08,91.35,5,329.0
2026-01-06 18:00,Sudeste,SU-02,105.51,107.31,2,356.69
2026-01-06 18:00,Sul,SU-01,103.63,125.12,2,258.65
2026-01-06 18:00,Sul,SU-02,85.51,96.46,3,290.59
2026-01-06 19:00,Centro-Oeste,CE-01,79.86,93.41,2,263.66
2026-01-06 19:00,Centro-Oeste,CE-02,93.32,127.02,2,239.47
2026-01-06 19:00,Nordeste,NO-01,96.68,107.53,1,290.49
2026-01-06 19:00,Nordeste,NO-02,87.67,110.1,3,258.6
2026-01-06 19:00,Norte,NO-01,103.31,122.74,5,266.3
2026-01-06 19:00,Norte,NO-02,77.41,88.7,1,280.45
2026-01-06 19:00,Sudeste,SU-01,89.73,92.95,5,335.53
2026-01-06 19:00,Sudeste,SU-02,95.73,104.36,2,304.79
2026-01-06 19:00,Sul,SU-01,105.45,123.66,2,255.79
2026-01-06 19:00,Sul,SU-02,83.31,98.64,3,271.44
2026-01-06 20:00,Centro-Oeste,CE-01,78.98,92.95,2,266.35
2026-01-06 20:00,Centro-Oeste,CE-02,97.17,121.96,2,231.07
2026-01-06 20:00,Nordeste,NO-01,93.05,106.4,1,291.46
2026-01-06 20:00,Nordeste,NO-02,90.36,105.32,3,281.32
2026-01-06 20:00,Norte,NO-01,109.05,118.97,5,317.19
2026-01-06 20:00,Norte,NO-02,77.94,88.51,1,281.84
2026-01-06 20:00,Sudeste,SU-01,90.4,92.38,5,351.84
2026-01-06 20:00,Sudeste,SU-02,104.04,103.98,2,345.78
2026-01-06 20:00,Sul,SU-01,100.26,126.02,2,254.23
2026-01-06 20:00,Sul,SU-02,83.36,95.81,3,282.65
2026-01-06 21:00,Centro-Oeste,CE-01,77.8,89.26,2,285.64
2026-01-06 21:00,Centro-Oeste,CE-02,94.98,122.84,2,244.77
2026-01-06 21:00,Nordeste,NO-01,86.98,102.1,1,290.84
2026-01-06 21:00,Nordeste,NO-02,93.49,113.62,3,270.19
2026-01-06 21:00,Norte,NO-01,103.89,122.75,5,263.34
2026-01-06 21:00,Norte,NO-02,67.19,90.87,1,222.55
2026-01-06 21:00,Sudeste,SU-01,88.89,93.87,5,314.05
2026-01-06 21:00,Sudeste,SU-02,97.97,105.08,2,305.48
2026-01-06 21:00,Sul,SU-01,107.72,124.08,2,287.61
2026-01-06 21:00,Sul,SU-02,85.48,92.52,3,325.58
2026-01-06 22:00,Centro-Oeste,CE-01,76.7,89.66,2,289.77
2026-01-06 22:00,Centro-Oeste,CE-02,95.56,118.15,2,247.35
2026-01-06 22:00,Nordeste,NO-01,91.31,106.67,1,279.58
2026-01-06 22:00,Nordeste,NO-02,83.1,105.34,3,245.47
2026-01-06 22:00,Norte,NO-01,95.7,116.92,5,278.18
2026-01-06 22:00,Norte,NO-02,66.14,88.77,1,212.58
2026-01-06 22:00,Sudeste,SU-01,80.51,91.31,5,285.21
2026-01-06 22:00,Sudeste,SU-02,95.88,99.1,2,327.52
2026-01-06 22:00,Sul,SU-01,99.77,118.02,2,274.39
2026-01-06 22:00,Sul,SU-02,84.12,88.74,3,317.41
2026-01-06 23:00,Centro-Oeste,CE-01,76.45,86.04,2,292.97
2026-01-06 23:00,Centro-Oeste,CE-02,92.45,116.24,2,244.84
2026-01-06 23:00,Nordeste,NO-01,84.8,106.38,1,241.02
2026-01-06 23:00,Nordeste,NO-02,79.96,106.61,3,220.72
2026-01-06 23:00,Norte,NO-01,89.47,115.41,5,247.34
2026-01-06 23:00,Norte,NO-02,68.57,84.72,1,247.05
2026-01-06 23:00,Sudeste,SU-01,79.22,89.6,5,297.13
2026-01-06 23:00,Sudeste,SU-02,91.16,106.27,2,276.72
2026-01-06 23:00,Sul,SU-01,102.27,123.61,2,280.44
2026-01-06 23:00,Sul,SU-02,84.02,90.77,3,301.64
2026-01-07 00:00,Centro-Oeste,CE-01,71.75,87.01,2,254.72
2026-01-07 00:00,Centro-Oeste,CE-02,88.56,120.74,2,231.25
2026-01-07 00:00,Nordeste,NO-01,80.52,103.8,1,238.37
2026-01-07 00:00,Nordeste,NO-02,77.3,107.3,3,209.16
2026-01-07 00:00,Norte,NO-01,87.35,119.13,5,214.7
2026-01-07 00:00,Norte,NO-02,58.78,89.23,1,163.76
2026-01-07 00:00,Sudeste,SU-01,75.04,85.1,5,290.74
2026-01-07 00:00,Sudeste,SU-02,84.77,101.59,2,288.06
2026-01-07 00:00,Sul,SU-01,99.51,113.77,2,276.58
2026-01-07 00:00,Sul,SU-02,74.51,94.26,3,254.94
2026-01-07 01:00,Centro-Oeste,CE-01,66.84,89.51,2,223.65
2026-01-07 01:00,Centro-Oeste,CE-02,84.14,124.36,2,181.07
2026-01-07 01:00,Nordeste,NO-01,77.97,102.54,1,230.9
2026-01-07 01:00,Nordeste,NO-02,68.95,112.65,3,172.87
2026-01-07 01:00,Norte,NO-01,85.91,124.14,5,185.08
2026-01-07 01:00,Norte,NO-02,64.6,86.2,1,221.53
2026-01-07 01:00,Sudeste,SU-01,70.18,85.3,5,270.84
2026-01-07 01:00,Sudeste,SU-02,83.41,102.44,2,255.87
2026-01-07 01:00,Sul,SU-01,89.25,115.91,2,237.73
2026-01-07 01:00,Sul,SU-02,70.7,90.35,3,237.68
2026-01-07 02:00,Centro-Oeste,CE-01,65.42,88.67,2,224.57
2026-01-07 02:00,Centro-Oeste,CE-02,81.72,118.91,2,191.16
2026-01-07 02:00,Nordeste,NO-01,74.54,104.88,1,204.09
2026-01-07 02:00,Nordeste,NO-02,72.52,108.74,3,181.91
2026-01-07 02:00,Norte,NO-01,83.36,121.85,5,188.69
2026-01-07 02:00,Norte,NO-02,56.83,87.81,1,169.42
2026-01-07 02:00,Sudeste,SU-01,70.24,90.3,5,232.21
2026-01-07 02:00,Sudeste,SU-02,76.19,102.61,2,232.64
2026-01-07 02:00,Sul,SU-01,87.98,115.95,2,225.85
2026-01-07 02:00,Sul,SU-02,72.28,93.64,3,228.74
2026-01-07 03:00,Centro-Oeste,CE-01,60.06,89.24,2,185.4
2026-01-07 03:00,Centro-Oeste,CE-02,77.42,124.31,2,165.96
2026-01-07 03:00,Nordeste,NO-01,72.9,104.29,1,191.92
2026-01-07 03:00,Nordeste,NO-02,68.68,105.96,3,188.26
2026-01-07 03:00,Norte,NO-01,78.33,120.19,5,181.67
2026-01-07 03:00,Norte,NO-02,53.05,89.56,1,147.01
2026-01-07 03:00,Sudeste,SU-01,64.39,89.21,5,206.12
2026-01-07 03:00,Sudeste,SU-02,68.78,104.76,2,168.94
2026-01-07 03:00,Sul,SU-01,86.36,117.69,2,230.88
2026-01-07 03:00,Sul,SU-02,68.3,94.46,3,211.38
2026-01-07 04:00,Centro-Oeste,CE-01,57.5,90.77,2,181.59
2026-01-07 04:00,Centro-Oeste,CE-02,72.24,123.57,2,143.37
2026-01-07 04:00,Nordeste,NO-01,71.52,109.28,1,163.07
2026-01-07 04:00,Nordeste,NO-02,65.29,111.16,3,140.39
2026-01-07 04:00,Norte,NO-01,75.2,122.07,5,161.19
2026-01-07 04:00,Norte,NO-02,51.48,91.67,1,162.59
2026-01-07 04:00,Sudeste,SU-01,62.94,95.82,5,174.6
2026-01-07 04:00,Sudeste,SU-02,71.76,107.47,2,186.26
2026-01-07 04:00,Sul,SU-01,82.87,116.38,2,190.47
2026-01-07 04:00,Sul,SU-02,65.72,92.95,3,200.07
2026-01-07 05:00,Centro-Oeste,CE-01,55.4,92.64,2,141.24
2026-01-07 05:00,Centro-Oeste,CE-02,69.09,124.93,2,152.22
2026-01-07 05:00,Nordeste,NO-01,69.78,112.34,1,160.04
2026-01-07 05:00,Nordeste,NO-02,62.81,111.4,3,141.02
2026-01-07 05:00,Norte,NO-01,75.84,127.63,5,151.48
2026-01-07 05:00,Norte,NO-02,53.22,93.94,1,143.43
2026-01-07 05:00,Sudeste,SU-01,58.72,90.05,5,172.6
2026-01-07 05:00,Sudeste,SU-02,72.35,106.06,2,192.96
2026-01-07 05:00,Sul,SU-01,79.27,123.05,2,173.21
2026-01-07 05:00,Sul,SU-02,64.52,95.19,3,183.8
2026-01-07 06:00,Centro-Oeste,CE-01,52.69,94.23,2,150.15
2026-01-07 06:00,Centro-Oeste,CE-02,64.75,129.69,2,145.72
2026-01-07 06:00,Nordeste,NO-01,67.54,109.01,1,175.76
2026-01-07 06:00,Nordeste,NO-02,62.87,111.19,3,150.29
2026-01-07 06:00,Norte,NO-01,69.81,123.13,5,151.76
2026-01-07 06:00,Norte,NO-02,52.18,88.8,1,140.8
2026-01-07 06:00,Sudeste,SU-01,59.3,91.94,5,164.54
2026-01-07 06:00,Sudeste,SU-02,68.87,106.45,2,173.98
2026-01-07 06:00,Sul,SU-01,77.91,125.84,2,169.49
2026-01-07 06:00,Sul,SU-02,62.62,99.31,3,156.98
2026-01-07 07:00,Centro-Oeste,CE-01,53.24,92.3,2,138.99
2026-01-07 07:00,Centro-Oeste,CE-02,65.51,127.86,2,150.13
2026-01-07 07:00,Nordeste,NO-01,63.94,115.9,1,149.53
2026-01-07 07:00,Nordeste,NO-02,62.8,113.62,3,149.73
2026-01-07 07:00,Norte,NO-01,75.37,126.09,5,148.32
2026-01-07 07:00,Norte,NO-02,52.76,96.85,1,142.23
2026-01-07 07:00,Sudeste,SU-01,58.6,98.8,5,136.34
2026-01-07 07:00,Sudeste,SU-02,72.56,108.6,2,176.44
2026-01-07 07:00,Sul,SU-01,78.96,126.26,2,152.03
2026-01-07 07:00,Sul,SU-02,62.56,100.09,3,148.67
2026-01-07 08:00,Centro-Oeste,CE-01,51.29,93.77,2,159.34
2026-01-07 08:00,Centro-Oeste,CE-02,62.97,131.89,2,135.94
2026-01-07 08:00,Nordeste,NO-01,68.34,115.21,1,151.86
2026-01-07 08:00,Nordeste,NO-02,67.14,116.98,3,150.18
2026-01-07 08:00,Norte,NO-01,73.73,128.88,5,144.26
2026-01-07 08:00,Norte,NO-02,52.99,98.52,1,151.68
2026-01-07 08:00,Sudeste,SU-01,62.11,99.76,5,170.95
2026-01-07 08:00,Sudeste,SU-02,70.96,108.96,2,160.98
2026-01-07 08:00,Sul,SU-01,77.4,129.78,2,148.65
2026-01-07 08:00,Sul,SU-02,60.82,101.39,3,155.6
2026-01-07 09:00,Centro-Oeste,CE-01,54.11,98.43,2,153.31
2026-01-07 09:00,Centro-Oeste,CE-02,63.14,132.24,2,165.52
2026-01-07 09:00,Nordeste,NO-01,71.16,114.45,1,167.86
2026-01-07 09:00,Nordeste,NO-02,68.0,121.25,3,148.7
2026-01-07 09:00,Norte,NO-01,73.93,133.88,5,129.88
2026-01-07 09:00,Norte,NO-02,51.95,97.99,1,153.52
2026-01-07 09:00,Sudeste,SU-01,64.14,100.82,5,163.15
2026-01-07 09:00,Sudeste,SU-02,72.6,118.32,2,159.86
2026-01-07 09:00,Sul,SU-01,78.5,128.72,2,160.64
2026-01-07 09:00,Sul,SU-02,62.74,100.78,3,160.9
2026-01-07 10:00,Centro-Oeste,CE-01,53.62,98.33,2,140.95
2026-01-07 10:00,Centro-Oeste,CE-02,66.21,135.16,2,141.82
2026-01-07 10:00,Nordeste,NO-01,70.48,115.87,1,159.85
2026-01-07 10:00,Nordeste,NO-02,65.71,111.21,3,136.6
2026-01-07 10:00,Norte,NO-01,78.24,131.8,5,158.44
2026-01-07 10:00,Norte,NO-02,56.38,95.38,1,148.81
2026-01-07 10:00,Sudeste,SU-01,67.37,98.7,5,203.66
2026-01-07 10:00,Sudeste,SU-02,77.2,116.81,2,180.12
2026-01-07 10:00,Sul,SU-01,80.97,131.28,2,158.26
2026-01-07 10:00,Sul,SU-02,64.82,100.33,3,168.91
2026-01-07 11:00,Centro-Oeste,CE-01,59.31,101.08,2,148.51
2026-01-07 11:00,Centro-Oeste,CE-02,65.57,134.74,2,143.98
2026-01-07 11:00,Nordeste,NO-01,73.28,116.53,1,159.72
2026-01-07 11:00,Nordeste,NO-02,64.95,116.17,3,162.04
2026-01-07 11:00,Norte,NO-01,81.31,131.14,5,156.64
2026-01-07 11:00,Norte,NO-02,58.04,95.14,1,168.59
2026-01-07 11:00,Sudeste,SU-01,68.02,99.79,5,195.06
2026-01-07 11:00,Sudeste,SU-02,84.04,111.58,2,212.62
2026-01-07 11:00,Sul,SU-01,86.79,134.59,2,165.41
2026-01-07 11:00,Sul,SU-02,66.5,102.81,3,172.93
2026-01-07 12:00,Centro-Oeste,CE-01,61.16,99.04,2,161.58
2026-01-07 12:00,Centro-Oeste,CE-02,73.41,132.7,2,159.72
2026-01-07 12:00,Nordeste,NO-01,78.54,116.57,1,177.79
2026-01-07 12:00,Nordeste,NO-02,65.79,118.82,3,151.83
2026-01-07 12:00,Norte,NO-01,88.53,134.82,5,179.76
2026-01-07 12:00,Norte,NO-02,62.95,100.39,1,166.84
2026-01-07 12:00,Sudeste,SU-01,76.95,101.84,5,225.59
2026-01-07 12:00,Sudeste,SU-02,89.94,114.02,2,244.11
2026-01-07 12:00,Sul,SU-01,85.96,131.18,2,168.45
2026-01-07 12:00,Sul,SU-02,64.95,102.41,3,159.72
2026-01-07 13:00,Centro-Oeste,CE-01,60.55,99.88,2,161.4
2026-01-07 13:00,Centro-Oeste,CE-02,73.01,129.9,2,167.39
2026-01-07 13:00,Nordeste,NO-01,78.42,120.46,1,179.8
2026-01-07 13:00,Nordeste,NO-02,76.58,118.09,3,186.99
2026-01-07 13:00,Norte,NO-01,91.57,133.33,5,183.34
2026-01-07 13:00,Norte,NO-02,66.01,96.73,1,182.86
2026-01-07 13:00,Sudeste,SU-01,76.78,100.84,5,229.51
2026-01-07 13:00,Sudeste,SU-02,92.49,113.73,2,272.55
2026-01-07 13:00,Sul,SU-01,90.19,129.41,2,187.92
2026-01-07 13:00,Sul,SU-02,65.98,102.38,3,164.72
2026-01-07 14:00,Centro-Oeste,CE-01,68.54,95.58,2,205.03
2026-01-07 14:00,Centro-Oeste,CE-02,77.93,136.76,2,154.1
2026-01-07 14:00,Nordeste,NO-01,79.21,115.06,1,185.77
2026-01-07 14:00,Nordeste,NO-02,77.5,114.89,3,186.65
2026-01-07 14:00,Norte,NO-01,101.45,131.7,5,239.44
2026-01-07 14:00,Norte,NO-02,69.22,101.11,1,196.01
2026-01-07 14:00,Sudeste,SU-01,86.43,100.6,5,287.92
2026-01-07 14:00,Sudeste,SU-02,92.86,114.55,2,262.81
2026-01-07 14:00,Sul,SU-01,91.93,132.56,2,200.34
2026-01-07 14:00,Sul,SU-02,75.87,102.1,3,212.09
2026-01-07 15:00,Centro-Oeste,CE-01,69.65,96.96,2,204.56
2026-01-07 15:00,Centro-Oeste,CE-02,87.36,134.72,2,175.27
2026-01-07 15:00,Nordeste,NO-01,90.23,112.43,1,257.57
2026-01-07 15:00,Nordeste,NO-02,83.46,116.09,3,223.12
2026-01-07 15:00,Norte,NO-01,99.65,128.14,5,238.8
2026-01-07 15:00,Norte,NO-02,72.68,95.11,1,221.57
2026-01-07 15:00,Sudeste,SU-01,86.21,99.67,5,291.53
2026-01-07 15:00,Sudeste,SU-02,97.22,113.95,2,266.39
2026-01-07 15:00,Sul,SU-01,96.62,137.17,2,206.82
2026-01-07 15:00,Sul,SU-02,79.3,103.91,3,216.69
2026-01-07 16:00,Centro-Oeste,CE-01,71.6,98.18,2,216.74
2026-01-07 16:00,Centro-Oeste,CE-02,87.16,134.34,2,170.52
2026-01-07 16:00,Nordeste,NO-01,91.67,114.45,1,255.01
2026-01-07 16:00,Nordeste,NO-02,84.68,119.69,3,199.23
2026-01-07 16:00,Norte,NO-01,101.05,132.62,5,224.86
2026-01-07 16:00,Norte,NO-02,68.86,97.05,1,193.12
2026-01-07 16:00,Sudeste,SU-01,91.02,103.14,5,296.9
2026-01-07 16:00,Sudeste,SU-02,104.0,113.36,2,316.82
2026-01-07 16:00,Sul,SU-01,98.05,130.2,2,234.28
2026-01-07 16:00,Sul,SU-02,82.29,105.37,3,246.94
2026-01-07 17:00,Centro-Oeste,CE-01,71.39,93.54,2,227.12
2026-01-07 17:00,Centro-Oeste,CE-02,93.78,132.94,2,200.18
2026-01-07 17:00,Nordeste,NO-01,89.46,113.23,1,245.05
2026-01-07 17:00,Nordeste,NO-02,85.76,113.4,3,233.0
2026-01-07 17:00,Norte,NO-01,106.98,130.76,5,259.1
2026-01-07 17:00,Norte,NO-02,74.33,95.91,1,228.59
2026-01-07 17:00,Sudeste,SU-01,85.58,93.39,5,328.44
2026-01-07 17:00,Sudeste,SU-02,99.64,108.66,2,312.35
2026-01-07 17:00,Sul,SU-01,98.64,125.03,2,244.55
2026-01-07 17:00,Sul,SU-02,78.35,100.05,3,229.99
2026-01-07 18:00,Centro-Oeste,CE-01,76.35,96.83,2,244.24
2026-01-07 18:00,Centro-Oeste,CE-02,92.04,127.7,2,196.72
2026-01-07 18:00,Nordeste,NO-01,88.04,114.18,1,237.84
2026-01-07 18:00,Nordeste,NO-02,86.81,115.58,3,222.67
2026-01-07 18:00,Norte,NO-01,101.98,126.75,5,241.0
2026-01-07 18:00,Norte,NO-02,69.37,91.6,1,230.13
2026-01-07 18:00,Sudeste,SU-01,94.17,99.19,5,324.31
2026-01-07 18:00,Sudeste,SU-02,103.94,106.89,2,330.96
2026-01-07 18:00,Sul,SU-01,101.68,124.47,2,262.76
2026-01-07 18:00,Sul,SU-02,87.42,97.41,3,295.01
2026-01-07 19:00,Centro-Oeste,CE-01,76.72,94.99,2,254.15
2026-01-07 19:00,Centro-Oeste,CE-02,101.17,122.16,2,252.42
2026-01-07 19:00,Nordeste,NO-01,95.83,109.89,1,280.35
2026-01-07 19:00,Nordeste,NO-02,80.02,113.33,3,201.22
2026-01-07 19:00,Norte,NO-01,107.2,122.93,5,277.54
2026-01-07 19:00,Norte,NO-02,73.85,93.38,1,246.99
2026-01-07 19:00,Sudeste,SU-01,87.15,90.76,5,345.3
2026-01-07 19:00,Sudeste,SU-02,107.37,108.18,2,342.85
2026-01-07 19:00,Sul,SU-01,105.2,125.19,2,273.32
2026-01-07 19:00,Sul,SU-02,82.83,94.31,3,293.39
2026-01-07 20:00,Centro-Oeste,CE-01,78.65,93.62,2,263.41
2026-01-07 20:00,Centro-Oeste,CE-02,98.38,120.31,2,254.3
2026-01-07 20:00,Nordeste,NO-01,94.27,105.9,1,288.35
2026-01-07 20:00,Nordeste,NO-02,89.26,105.43,3,268.83
2026-01-07 20:00,Norte,NO-01,100.62,120.33,5,268.3
2026-01-07 20:00,Norte,NO-02,69.71,89.86,1,237.26
2026-01-07 20:00,Sudeste,SU-01,88.2,93.9,5,320.53
2026-01-07 20:00,Sudeste,SU-02,106.54,104.16,2,366.45
2026-01-07 20:00,Sul,SU-01,104.86,121.72,2,282.38
2026-01-07 20:00,Sul,SU-02,84.7,93.42,3,288.09
2026-01-07 21:00,Centro-Oeste,CE-01,80.17,88.61,2,302.62
2026-01-07 21:00,Centro-Oeste,CE-02,96.01,122.06,2,248.47
2026-01-07 21:00,Nordeste,NO-01,91.52,108.38,1,285.55
2026-01-07 21:00,Nordeste,NO-02,87.77,106.69,3,250.26
2026-01-07 21:00,Norte,NO-01,100.17,120.14,5,277.52
2026-01-07 21:00,Norte,NO-02,70.52,90.27,1,236.4
2026-01-07 21:00,Sudeste,SU-01,84.81,93.4,5,301.74
2026-01-07 21:00,Sudeste,SU-02,105.56,101.31,2,369.93
2026-01-07 21:00,Sul,SU-01,104.07,119.52,2,290.77
2026-01-07 21:00,Sul,SU-02,87.31,94.82,3,320.87
2026-01-07 22:00,Centro-Oeste,CE-01,78.95,82.89,2,323.61
2026-01-07 22:00,Centro-Oeste,CE-02,95.91,119.85,2,252.1
2026-01-07 22:00,Nordeste,NO-01,88.92,103.94,1,281.99
2026-01-07 22:00,Nordeste,NO-02,82.16,104.86,3,240.67
2026-01-07 22:00,Norte,NO-01,100.68,116.32,5,259.24
2026-01-07 22:00,Norte,NO-02,70.43,88.07,1,256.92
2026-01-07 22:00,Sudeste,SU-01,82.97,93.38,5,289.97
2026-01-07 22:00,Sudeste,SU-02,96.95,101.49,2,324.92
2026-01-07 22:00,Sul,SU-01,100.18,121.37,2,269.24
2026-01-07 22:00,Sul,SU-02,79.8,91.69,3,303.92
2026-01-07 23:00,Centro-Oeste,CE-01,75.4,89.27,2,278.58
2026-01-07 23:00,Centro-Oeste,CE-02,94.75,120.61,2,248.65
2026-01-07 23:00,Nordeste,NO-01,86.09,103.01,1,272.56
2026-01-07 23:00,Nordeste,NO-02,80.25,105.52,3,231.09
2026-01-07 23:00,Norte,NO-01,92.31,114.13,5,258.04
2026-01-07 23:00,Norte,NO-02,63.3,90.07,1,202.75
2026-01-07 23:00,Sudeste,SU-01,79.13,87.92,5,311.5
2026-01-07 23:00,Sudeste,SU-02,91.92,99.12,2,311.72
2026-01-07 23:00,Sul,SU-01,96.64,119.46,2,262.39
2026-01-07 23:00,Sul,SU-02,77.88,93.0,3,268.23
2026-01-08 00:00,Centro-Oeste,CE-01,73.15,85.76,2,271.96
2026-01-08 00:00,Centro-Oeste,CE-02,85.29,115.77,2,229.85
2026-01-08 00:00,Nordeste,NO-01,86.42,102.97,1,277.92
2026-01-08 00:00,Nordeste,NO-02,83.35,103.75,3,254.52
2026-01-08 00:00,Norte,NO-01,85.1,120.77,5,209.15
2026-01-08 00:00,Norte,NO-02,58.3,91.33,1,170.06
2026-01-08 00:00,Sudeste,SU-01,71.68,88.15,5,258.02
2026-01-08 00:00,Sudeste,SU-02,91.41,101.26,2,298.52
2026-01-08 00:00,Sul,SU-01,95.94,116.63,2,249.63
2026-01-08 00:00,Sul,SU-02,76.97,94.28,3,262.65
2026-01-08 01:00,Centro-Oeste,CE-01,67.23,85.78,2,226.68
2026-01-08 01:00,Centro-Oeste,CE-02,89.8,118.8,2,222.63
2026-01-08 01:00,Nordeste,NO-01,83.67,110.11,1,224.99
2026-01-08 01:00,Nordeste,NO-02,76.41,107.5,3,211.2
2026-01-08 01:00,Norte,NO-01,84.57,120.45,5,210.81
2026-01-08 01:00,Norte,NO-02,61.91,87.94,1,202.67
2026-01-08 01:00,Sudeste,SU-01,71.25,88.2,5,246.77
2026-01-08 01:00,Sudeste,SU-02,87.28,102.26,2,274.47
2026-01-08 01:00,Sul,SU-01,96.4,121.16,2,255.04
2026-01-08 01:00,Sul,SU-02,76.13,93.59,3,262.73
2026-01-08 02:00,Centro-Oeste,CE-01,63.43,87.93,2,205.63
2026-01-08 02:00,Centro-Oeste,CE-02,79.21,120.23,2,163.95
2026-01-08 02:00,Nordeste,NO-01,72.74,105.33,1,199.57
2026-01-08 02:00,Nordeste,NO-02,67.99,110.55,3,161.58
2026-01-08 02:00,Norte,NO-01,78.7,119.07,5,188.43
2026-01-08 02:00,Norte,NO-02,55.1,87.8,1,171.73
2026-01-08 02:00,Sudeste,SU-01,64.25,90.85,5,197.39
2026-01-08 02:00,Sudeste,SU-02,78.4,103.57,2,230.6
2026-01-08 02:00,Sul,SU-01,90.58,114.26,2,248.96
2026-01-08 02:00,Sul,SU-02,71.51,94.28,3,232.55
2026-01-08 03:00,Centro-Oeste,CE-01,60.06,88.68,2,187.46
2026-01-08 03:00,Centro-Oeste,CE-02,72.22,121.14,2,144.63
2026-01-08 03:00,Nordeste,NO-01,72.23,108.21,1,183.62
2026-01-08 03:00,Nordeste,NO-02,71.72,111.45,3,172.73
2026-01-08 03:00,Norte,NO-01,77.75,118.43,5,181.9
2026-01-08 03:00,Norte,NO-02,57.8,90.07,1,189.42
2026-01-08 03:00,Sudeste,SU-01,62.69,90.92,5,191.45
2026-01-08 03:00,Sudeste,SU-02,70.99,103.39,2,205.85
2026-01-08 03:00,Sul,SU-01,87.66,121.92,2,196.5
2026-01-08 03:00,Sul,SU-02,71.02,98.17,3,219.12
2026-01-08 04:00,Centro-Oeste,CE-01,59.59,92.25,2,173.93
2026-01-08 04:00,Centro-Oeste,CE-02,73.89,126.4,2,149.53
2026-01-08 04:00,Nordeste,NO-01,69.46,109.1,1,164.69
2026-01-08 04:00,Nordeste,NO-02,66.57,107.88,3,155.53
2026-01-08 04:00,Norte,NO-01,77.12,119.74,5,170.32
2026-01-08 04:00,Norte,NO-02,51.37,86.06,1,135.87
2026-01-08 04:00,Sudeste,SU-01,61.04,90.68,5,174.68
2026-01-08 04:00,Sudeste,SU-02,72.71,107.68,2,180.59
2026-01-08 04:00,Sul,SU-01,82.76,125.12,2,173.06
2026-01-08 04:00,Sul,SU-02,68.71,94.18,3,197.23
2026-01-08 05:00,Centro-Oeste,CE-01,54.84,94.87,2,145.37
2026-01-08 05:00,Centro-Oeste,CE-02,67.04,125.78,2,152.05
2026-01-08 05:00,Nordeste,NO-01,65.19,109.58,1,155.56
2026-01-08 05:00,Nordeste,NO-02,64.5,113.15,3,145.5
2026-01-08 05:00,Norte,NO-01,68.93,124.1,5,140.68
2026-01-08 05:00,Norte,NO-02,53.37,89.48,1,142.22
2026-01-08 05:00,Sudeste,SU-01,59.68,94.69,5,159.77
2026-01-08 05:00,Sudeste,SU-02,68.97,105.81,2,174.37
2026-01-08 05:00,Sul,SU-01,85.71,127.62,2,179.1
2026-01-08 05:00,Sul,SU-02,62.87,92.97,3,180.73
2026-01-08 06:00,Centro-Oeste,CE-01,54.99,94.44,2,142.19
2026-01-08 06:00,Centro-Oeste,CE-02,67.59,127.56,2,159.82
2026-01-08 06:00,Nordeste,NO-01,70.78,110.96,1,167.2
2026-01-08 06:00,Nordeste,NO-02,58.84,110.42,3,155.13
2026-01-08 06:00,Norte,NO-01,73.01,122.47,5,143.3
2026-01-08 06:00,Norte,NO-02,50.28,94.45,1,149.01
2026-01-08 06:00,Sudeste,SU-01,57.09,94.52,5,154.08
2026-01-08 06:00,Sudeste,SU-02,70.91,109.77,2,177.18
2026-01-08 06:00,Sul,SU-01,77.23,127.28,2,147.2
2026-01-08 06:00,Sul,SU-02,64.16,97.91,3,183.54
2026-01-08 07:00,Centro-Oeste,CE-01,51.33,94.53,2,137.07
2026-01-08 07:00,Centro-Oeste,CE-02,64.72,125.77,2,152.72
2026-01-08 07:00,Nordeste,NO-01,70.34,112.14,1,155.49
2026-01-08 07:00,Nordeste,NO-02,63.47,108.7,3,153.68
2026-01-08 07:00,Norte,NO-01,71.13,125.07,5,156.22
2026-01-08 07:00,Norte,NO-02,53.64,95.39,1,148.54
2026-01-08 07:00,Sudeste,SU-01,58.52,93.85,5,172.83
2026-01-08 07:00,Sudeste,SU-02,68.02,106.93,2,159.69
2026-01-08 07:00,Sul,SU-01,74.55,126.79,2,157.24
2026-01-08 07:00,Sul,SU-02,62.66,97.71,3,168.58
2026-01-08 08:00,Centro-Oeste,CE-01,51.67,95.92,2,159.26
2026-01-08 08:00,Centro-Oeste,CE-02,62.29,129.96,2,144.34
2026-01-08 08:00,Nordeste,NO-01,70.19,113.11,1,157.01
2026-01-08 08:00,Nordeste,NO-02,63.93,118.39,3,140.45
2026-01-08 08:00,Norte,NO-01,71.66,125.44,5,153.14
2026-01-08 08:00,Norte,NO-02,54.66,93.36,1,154.46
2026-01-08 08:00,Sudeste,SU-01,64.66,97.27,5,175.04
2026-01-08 08:00,Sudeste,SU-02,71.21,107.37,2,180.29
2026-01-08 08:00,Sul,SU-01,76.12,130.25,2,139.52
2026-01-08 08:00,Sul,SU-02,61.55,100.93,3,166.6
2026-01-08 09:00,Centro-Oeste,CE-01,52.11,98.6,2,151.9
2026-01-08 09:00,Centro-Oeste,CE-02,62.82,130.28,2,149.01
2026-01-08 09:00,Nordeste,NO-01,72.82,113.34,1,182.06
2026-01-08 09:00,Nordeste,NO-02,64.95,117.4,3,143.94
2026-01-08 09:00,Norte,NO-01,73.28,131.93,5,135.38
2026-01-08 09:00,Norte,NO-02,56.61,98.36,1,141.8
2026-01-08 09:00,Sudeste,SU-01,64.06,99.35,5,177.66
2026-01-08 09:00,Sudeste,SU-02,74.3,113.89,2,182.71
2026-01-08 09:00,Sul,SU-01,76.61,125.42,2,151.66
2026-01-08 09:00,Sul,SU-02,60.32,103.44,3,153.16
2026-01-08 10:00,Centro-Oeste,CE-01,55.87,99.47,2,147.07
2026-01-08 10:00,Centro-Oeste,CE-02,64.68,133.47,2,158.92
2026-01-08 10:00,Nordeste,NO-01,68.22,117.01,1,152.86
2026-01-08 10:00,Nordeste,NO-02,67.74,120.87,3,161.01
2026-01-08 10:00,Norte,NO-01,79.17,131.19,5,150.61
2026-01-08 10:00,Norte,NO-02,55.39,98.0,1,161.53
2026-01-08 10:00,Sudeste,SU-01,67.8,101.94,5,189.14
2026-01-08 10:00,Sudeste,SU-02,75.01,112.79,2,187.32
2026-01-08 10:00,Sul,SU-01,79.61,128.11,2,155.38
2026-01-08 10:00,Sul,SU-02,65.59,105.28,3,155.65
2026-01-08 11:00,Centro-Oeste,CE-01,52.26,100.9,2,155.44
2026-01-08 11:00,Centro-Oeste,CE-02,67.55,135.24,2,160.11
2026-01-08 11:00,Nordeste,NO-01,75.5,115.63,1,175.19
2026-01-08 11:00,Nordeste,NO-02,66.1,120.22,3,144.71
2026-01-08 11:00,Norte,NO-01,88.71,135.6,5,169.96
2026-01-08 11:00,Norte,NO-02,64.98,98.65,1,172.76
2026-01-08 11:00,Sudeste,SU-01,73.04,99.48,5,204.3
2026-01-08 11:00,Sudeste,SU-02,82.7,114.4,2,220.98
2026-01-08 11:00,Sul,SU-01,83.39,131.88,2,182.19
2026-01-08 11:00,Sul,SU-02,63.38,100.91,3,158.37
2026-01-08 12:00,Centro-Oeste,CE-01,59.47,98.83,2,139.55
2026-01-08 12:00,Centro-Oeste,CE-02,69.0,138.03,2,143.24
2026-01-08 12:00,Nordeste,NO-01,76.34,120.51,1,157.84
2026-01-08 12:00,Nordeste,NO-02,70.04,121.19,3,148.29
2026-01-08 12:00,Norte,NO-01,91.71,137.54,5,174.48
2026-01-08 12:00,Norte,NO-02,61.3,101.26,1,159.62
2026-01-08 12:00,Sudeste,SU-01,70.34,98.02,5,205.2
2026-01-08 12:00,Sudeste,SU-02,86.76,116.67,2,222.18
2026-01-08 12:00,Sul,SU-01,88.43,132.12,2,191.41
2026-01-08 12:00,Sul,SU-02,69.14,100.0,3,213.38
2026-01-08 13:00,Centro-Oeste,CE-01,59.41,100.8,2,148.65
2026-01-08 13:00,Centro-Oeste,CE-02,77.81,138.72,2,144.26
2026-01-08 13:00,Nordeste,NO-01,80.66,117.9,1,173.67
2026-01-08 13:00,Nordeste,NO-02,72.91,121.07,3,151.15
2026-01-08 13:00,Norte,NO-01,93.18,136.28,5,194.55
2026-01-08 13:00,Norte,NO-02,64.06,98.27,1,183.27
2026-01-08 13:00,Sudeste,SU-01,81.04,98.93,5,262.52
2026-01-08 13:00,Sudeste,SU-02,90.11,112.07,2,263.97
2026-01-08 13:00,Sul,SU-01,87.38,133.98,2,170.44
2026-01-08 13:00,Sul,SU-02,68.86,102.8,3,175.33
2026-01-08 14:00,Centro-Oeste,CE-01,66.57,97.01,2,191.5
2026-01-08 14:00,Centro-Oeste,CE-02,78.98,132.8,2,140.81
2026-01-08 14:00,Nordeste,NO-01,79.19,116.63,1,193.97
2026-01-08 14:00,Nordeste,NO-02,77.5,119.78,3,182.33
2026-01-08 14:00,Norte,NO-01,96.56,129.99,5,214.24
2026-01-08 14:00,Norte,NO-02,64.45,97.03,1,180.46
2026-01-08 14:00,Sudeste,SU-01,79.64,101.32,5,247.95
2026-01-08 14:00,Sudeste,SU-02,97.51,114.88,2,254.82
2026-01-08 14:00,Sul,SU-01,97.06,98.91,2,348.01
2026-01-08 14:00,Sul,SU-02,69.69,77.53,3,292.51
2026-01-08 15:00,Centro-Oeste,CE-01,68.61,95.51,2,204.52
2026-01-08 15:00,Centro-Oeste,CE-02,84.05,132.38,2,168.51
2026-01-08 15:00,Nordeste,NO-01,86.54,113.65,1,237.11
2026-01-08 15:00,Nordeste,NO-02,81.68,119.06,3,204.13
2026-01-08 15:00,Norte,NO-01,103.38,134.4,5,235.75
2026-01-08 15:00,Norte,NO-02,69.42,99.93,1,198.82
2026-01-08 15:00,Sudeste,SU-01,85.94,97.4,5,289.76
2026-01-08 15:00,Sudeste,SU-02,106.03,115.58,2,307.41
2026-01-08 15:00,Sul,SU-01,98.54,105.79,2,310.75
2026-01-08 15:00,Sul,SU-02,79.57,74.6,3,374.32
2026-01-08 16:00,Centro-Oeste,CE-01,71.36,92.38,2,237.47
2026-01-08 16:00,Centro-Oeste,CE-02,88.3,133.93,2,185.8
2026-01-08 16:00,Nordeste,NO-01,88.96,117.06,1,229.64
2026-01-08 16:00,Nordeste,NO-02,82.01,119.52,3,187.66
2026-01-08 16:00,Norte,NO-01,106.85,128.58,5,255.53
2026-01-08 16:00,Norte,NO-02,72.28,99.87,1,226.15
2026-01-08 16:00,Sudeste,SU-01,84.64,95.51,5,300.35
2026-01-08 16:00,Sudeste,SU-02,100.78,111.24,2,303.79
2026-01-08 16:00,Sul,SU-01,100.84,99.72,2,345.43
2026-01-08 16:00,Sul,SU-02,75.02,77.08,3,324.19
2026-01-08 17:00,Centro-Oeste,CE-01,76.41,93.81,2,257.36
2026-01-08 17:00,Centro-Oeste,CE-02,94.56,129.17,2,221.38
2026-01-08 17:00,Nordeste,NO-01,85.89,114.65,1,215.92
2026-01-08 17:00,Nordeste,NO-02,85.34,116.38,3,200.44
2026-01-08 17:00,Norte,NO-01,106.74,126.67,5,267.96
2026-01-08 17:00,Norte,NO-02,80.03,95.16,1,264.69
2026-01-08 17:00,Sudeste,SU-01,87.26,99.51,5,279.25
2026-01-08 17:00,Sudeste,SU-02,102.94,110.16,2,318.89
2026-01-08 17:00,Sul,SU-01,98.07,97.81,2,337.76
2026-01-08 17:00,Sul,SU-02,79.73,73.06,3,398.92
2026-01-08 18:00,Centro-Oeste,CE-01,78.37,92.12,2,285.57
2026-01-08 18:00,Centro-Oeste,CE-02,94.71,128.43,2,207.89
2026-01-08 18:00,Nordeste,NO-01,91.5,107.92,1,282.89
2026-01-08 18:00,Nordeste,NO-02,83.25,112.55,3,219.1
2026-01-08 18:00,Norte,NO-01,106.23,131.15,5,254.64
2026-01-08 18:00,Norte,NO-02,78.25,93.61,1,271.49
2026-01-08 18:00,Sudeste,SU-01,87.42,94.99,5,306.98
2026-01-08 18:00,Sudeste,SU-02,104.0,105.03,2,348.48
2026-01-08 18:00,Sul,SU-01,94.76,96.15,2,352.77
2026-01-08 18:00,Sul,SU-02,81.02,74.04,3,402.19
2026-01-08 19:00,Centro-Oeste,CE-01,79.08,92.67,2,293.08
2026-01-08 19:00,Centro-Oeste,CE-02,95.46,127.27,2,219.67
2026-01-08 19:00,Nordeste,NO-01,94.27,108.56,1,278.2
2026-01-08 19:00,Nordeste,NO-02,93.45,111.52,3,270.02
2026-01-08 19:00,Norte,NO-01,105.2,125.61,5,260.26
2026-01-08 19:00,Norte,NO-02,74.58,90.96,1,263.22
2026-01-08 19:00,Sudeste,SU-01,90.65,94.54,5,329.39
2026-01-08 19:00,Sudeste,SU-02,102.3,104.05,2,350.98
2026-01-08 19:00,Sul,SU-01,105.76,93.75,2,405.48
2026-01-08 19:00,Sul,SU-02,83.43,73.09,3,408.07
2026-01-08 20:00,Centro-Oeste,CE-01,75.95,91.36,2,260.98
2026-01-08 20:00,Centro-Oeste,CE-02,93.46,124.05,2,218.48
2026-01-08 20:00,Nordeste,NO-01,92.18,105.72,1,296.05
2026-01-08 20:00,Nordeste,NO-02,86.81,105.65,3,256.17
2026-01-08 20:00,Norte,NO-01,99.92,124.52,5,250.84
2026-01-08 20:00,Norte,NO-02,74.93,91.79,1,250.25
2026-01-08 20:00,Sudeste,SU-01,85.14,91.48,5,331.32
2026-01-08 20:00,Sudeste,SU-02,99.29,104.58,2,315.69
2026-01-08 20:00,Sul,SU-01,99.97,88.22,2,429.5
2026-01-08 20:00,Sul,SU-02,87.46,70.84,3,474.52
2026-01-08 21:00,Centro-Oeste,CE-01,78.62,86.84,2,304.15
2026-01-08 21:00,Centro-Oeste,CE-02,98.73,123.77,2,245.4
2026-01-08 21:00,Nordeste,NO-01,85.81,102.89,1,273.74
2026-01-08 21:00,Nordeste,NO-02,84.43,108.81,3,241.86
2026-01-08 21:00,Norte,NO-01,98.1,118.45,5,253.74
2026-01-08 21:00,Norte,NO-02,67.8,89.87,1,228.1
2026-01-08 21:00,Sudeste,SU-01,86.4,91.22,5,329.0
2026-01-08 21:00,Sudeste,SU-02,97.19,104.83,2,310.67
2026-01-08 21:00,Sul,SU-01,102.8,93.0,2,408.4
2026-01-08 21:00,Sul,SU-02,84.42,69.62,3,458.64
2026-01-08 22:00,Centro-Oeste,CE-01,73.64,89.1,2,258.6
2026-01-08 22:00,Centro-Oeste,CE-02,96.06,116.68,2,253.16
2026-01-08 22:00,Nordeste,NO-01,88.22,106.76,1,265.22
2026-01-08 22:00,Nordeste,NO-02,84.7,109.2,3,237.48
2026-01-08 22:00,Norte,NO-01,97.57,117.69,5,260.05
2026-01-08 22:00,Norte,NO-02,65.24,88.95,1,219.52
2026-01-08 22:00,Sudeste,SU-01,82.08,88.67,5,309.25
2026-01-08 22:00,Sudeste,SU-02,93.09,104.42,2,289.72
2026-01-08 22:00,Sul,SU-01,105.0,95.38,2,397.51
2026-01-08 22:00,Sul,SU-02,84.0,68.55,3,456.85
2026-01-08 23:00,Centro-Oeste,CE-01,76.67,88.69,2,292.0
2026-01-08 23:00,Centro-Oeste,CE-02,94.73,117.91,2,250.87
2026-01-08 23:00,Nordeste,NO-01,84.72,103.15,1,248.69
2026-01-08 23:00,Nordeste,NO-02,80.99,102.73,3,236.84
2026-01-08 23:00,Norte,NO-01,91.58,117.33,5,238.44
2026-01-08 23:00,Norte,NO-02,68.45,90.93,1,237.35
2026-01-08 23:00,Sudeste,SU-01,81.9,90.81,5,298.58
2026-01-08 23:00,Sudeste,SU-02,92.76,100.48,2,310.21
2026-01-08 23:00,Sul,SU-01,99.62,89.69,2,412.62
2026-01-08 23:00,Sul,SU-02,78.97,70.25,3,412.48
2026-01-09 00:00,Centro-Oeste,CE-01,74.77,89.25,2,257.37
2026-01-09 00:00,Centro-Oeste,CE-02,82.75,117.85,2,197.69
2026-01-09 00:00,Nordeste,NO-01,80.64,104.51,1,243.62
2026-01-09 00:00,Nordeste,NO-02,80.31,101.51,3,245.96
2026-01-09 00:00,Norte,NO-01,90.13,113.61,5,243.94
2026-01-09 00:00,Norte,NO-02,66.1,84.54,1,238.4
2026-01-09 00:00,Sudeste,SU-01,75.6,91.58,5,271.33
2026-01-09 00:00,Sudeste,SU-02,85.94,99.5,2,286.85
2026-01-09 00:00,Sul,SU-01,99.92,90.57,2,407.11
2026-01-09 00:00,Sul,SU-02,80.35,72.39,3,407.65
2026-01-09 01:00,Centro-Oeste,CE-01,66.8,86.71,2,240.14
2026-01-09 01:00,Centro-Oeste,CE-02,84.52,120.24,2,200.92
2026-01-09 01:00,Nordeste,NO-01,79.78,102.63,1,243.86
2026-01-09 01:00,Nordeste,NO-02,73.52,109.75,3,191.25
2026-01-09 01:00,Norte,NO-01,86.32,122.62,5,199.17
2026-01-09 01:00,Norte,NO-02,60.59,88.69,1,183.74
2026-01-09 01:00,Sudeste,SU-01,71.82,88.98,5,261.88
2026-01-09 01:00,Sudeste,SU-02,81.32,104.26,2,236.83
2026-01-09 01:00,Sul,SU-01,94.84,116.8,2,250.2
2026-01-09 01:00,Sul,SU-02,76.54,91.88,3,246.55
2026-01-09 02:00,Centro-Oeste,CE-01,64.43,89.54,2,210.48
2026-01-09 02:00,Centro-Oeste,CE-02,76.56,118.49,2,164.17
2026-01-09 02:00,Nordeste,NO-01,76.56,107.07,1,208.0
2026-01-09 02:00,Nordeste,NO-02,67.51,108.26,3,170.67
2026-01-09 02:00,Norte,NO-01,81.29,119.0,5,200.53
2026-01-09 02:00,Norte,NO-02,56.36,90.02,1,159.78
2026-01-09 02:00,Sudeste,SU-01,69.89,87.1,5,244.58
2026-01-09 02:00,Sudeste,SU-02,77.04,99.75,2,236.85
2026-01-09 02:00,Sul,SU-01,89.66,121.1,2,212.93
2026-01-09 02:00,Sul,SU-02,77.32,92.79,3,267.95
2026-01-09 03:00,Centro-Oeste,CE-01,60.71,90.09,2,198.28
2026-01-09 03:00,Centro-Oeste,CE-02,73.75,119.41,2,157.06
2026-01-09 03:00,Nordeste,NO-01,74.2,104.03,1,220.54
2026-01-09 03:00,Nordeste,NO-02,73.36,108.68,3,187.25
2026-01-09 03:00,Norte,NO-01,75.77,119.64,5,174.45
2026-01-09 03:00,Norte,NO-02,52.53,87.96,1,152.47
2026-01-09 03:00,Sudeste,SU-01,61.26,88.52,5,191.88
2026-01-09 03:00,Sudeste,SU-02,75.87,102.67,2,222.0
2026-01-09 03:00,Sul,SU-01,88.56,119.37,2,230.21
2026-01-09 03:00,Sul,SU-02,70.33,94.21,3,222.35
2026-01-09 04:00,Centro-Oeste,CE-01,55.95,92.95,2,148.65
2026-01-09 04:00,Centro-Oeste,CE-02,75.02,121.45,2,159.04
2026-01-09 04:00,Nordeste,NO-01,72.22,105.78,1,186.52
2026-01-09 04:00,Nordeste,NO-02,63.34,111.9,3,140.81
2026-01-09 04:00,Norte,NO-01,75.49,117.88,5,174.32
2026-01-09 04:00,Norte,NO-02,53.65,90.97,1,170.34
2026-01-09 04:00,Sudeste,SU-01,59.41,93.03,5,168.08
2026-01-09 04:00,Sudeste,SU-02,74.6,103.85,2,194.25
2026-01-09 04:00,Sul,SU-01,85.09,116.99,2,208.03
2026-01-09 04:00,Sul,SU-02,66.18,95.82,3,185.09
2026-01-09 05:00,Centro-Oeste,CE-01,54.52,91.83,2,159.0
2026-01-09 05:00,Centro-Oeste,CE-02,65.47,125.11,2,146.5
2026-01-09 05:00,Nordeste,NO-01,65.86,107.25,1,152.72
2026-01-09 05:00,Nordeste,NO-02,63.48,111.72,3,153.3
2026-01-09 05:00,Norte,NO-01,76.51,127.55,5,168.56
2026-01-09 05:00,Norte,NO-02,51.27,94.1,1,154.4
2026-01-09 05:00,Sudeste,SU-01,60.9,94.87,5,169.54
2026-01-09 05:00,Sudeste,SU-02,70.27,105.44,2,175.0
2026-01-09 05:00,Sul,SU-01,81.85,121.22,2,185.58
2026-01-09 05:00,Sul,SU-02,65.67,100.87,3,171.14
2026-01-09 06:00,Centro-Oeste,CE-01,50.05,94.15,2,138.75
2026-01-09 06:00,Centro-Oeste,CE-02,67.13,130.0,2,143.97
2026-01-09 06:00,Nordeste,NO-01,66.23,109.18,1,151.08
2026-01-09 06:00,Nordeste,NO-02,60.43,111.17,3,148.59
2026-01-09 06:00,Norte,NO-01,68.55,128.01,5,148.51
2026-01-09 06:00,Norte,NO-02,53.86,92.85,1,154.41
2026-01-09 06:00,Sudeste,SU-01,59.49,95.88,5,156.05
2026-01-09 06:00,Sudeste,SU-02,70.15,109.24,2,181.13
2026-01-09 06:00,Sul,SU-01,76.16,125.23,2,159.06
2026-01-09 06:00,Sul,SU-02,65.49,97.41,3,191.58
2026-01-09 07:00,Centro-Oeste,CE-01,52.76,95.4,2,151.6
2026-01-09 07:00,Centro-Oeste,CE-02,67.12,127.02,2,148.96
2026-01-09 07:00,Nordeste,NO-01,68.03,109.93,1,167.55
2026-01-09 07:00,Nordeste,NO-02,61.94,114.45,3,149.85
2026-01-09 07:00,Norte,NO-01,70.64,127.8,5,159.76
2026-01-09 07:00,Norte,NO-02,52.07,94.03,1,134.93
2026-01-09 07:00,Sudeste,SU-01,57.6,94.7,5,138.24
2026-01-09 07:00,Sudeste,SU-02,67.5,110.41,2,162.64
2026-01-09 07:00,Sul,SU-01,81.24,130.35,2,165.73
2026-01-09 07:00,Sul,SU-02,58.83,99.75,3,154.53
2026-01-09 08:00,Centro-Oeste,CE-01,52.46,93.6,2,137.23
2026-01-09 08:00,Centro-Oeste,CE-02,68.99,128.37,2,160.82
2026-01-09 08:00,Nordeste,NO-01,70.52,115.34,1,159.4
2026-01-09 08:00,Nordeste,NO-02,65.53,111.61,3,150.56
2026-01-09 08:00,Norte,NO-01,75.99,130.91,5,148.38
2026-01-09 08:00,Norte,NO-02,54.16,96.89,1,155.5
2026-01-09 08:00,Sudeste,SU-01,59.64,99.01,5,139.56
2026-01-09 08:00,Sudeste,SU-02,69.33,113.04,2,149.72
2026-01-09 08:00,Sul,SU-01,77.43,130.47,2,152.37
2026-01-09 08:00,Sul,SU-02,59.19,100.32,3,150.25
2026-01-09 09:00,Centro-Oeste,CE-01,57.61,99.28,2,152.05
2026-01-09 09:00,Centro-Oeste,CE-02,67.75,138.73,2,147.82
2026-01-09 09:00,Nordeste,NO-01,65.43,115.16,1,146.35
2026-01-09 09:00,Nordeste,NO-02,62.34,118.69,3,158.91
2026-01-09 09:00,Norte,NO-01,75.54,131.44,5,144.07
2026-01-09 09:00,Norte,NO-02,54.72,94.16,1,138.22
2026-01-09 09:00,Sudeste,SU-01,65.24,99.05,5,175.47
2026-01-09 09:00,Sudeste,SU-02,76.6,112.2,2,199.77
2026-01-09 09:00,Sul,SU-01,75.25,129.67,2,147.58
2026-01-09 09:00,Sul,SU-02,64.16,99.89,3,178.4
2026-01-09 10:00,Centro-Oeste,CE-01,55.08,87.32,2,167.35
2026-01-09 10:00,Centro-Oeste,CE-02,71.12,113.69,2,162.83
2026-01-09 10:00,Nordeste,NO-01,69.68,117.86,1,141.29
2026-01-09 10:00,Nordeste,NO-02,64.46,120.74,3,146.7
2026-01-09 10:00,Norte,NO-01,80.18,128.69,5,160.22
2026-01-09 10:00,Norte,NO-02,56.71,94.99,1,145.28
2026-01-09 10:00,Sudeste,SU-01,64.32,101.05,5,162.24
2026-01-09 10:00,Sudeste,SU-02,75.06,113.79,2,174.74
2026-01-09 10:00,Sul,SU-01,79.84,132.07,2,150.56
2026-01-09 10:00,Sul,SU-02,59.71,99.52,3,157.13
2026-01-09 11:00,Centro-Oeste,CE-01,64.19,85.67,2,236.14
2026-01-09 11:00,Centro-Oeste,CE-02,78.31,118.09,2,170.47
2026-01-09 11:00,Nordeste,NO-01,72.98,112.39,1,188.27
2026-01-09 11:00,Nordeste,NO-02,63.88,117.85,3,156.47
2026-01-09 11:00,Norte,NO-01,85.87,131.04,5,183.27
2026-01-09 11:00,Norte,NO-02,63.46,99.89,1,173.82
2026-01-09 11:00,Sudeste,SU-01,71.43,99.38,5,218.38
2026-01-09 11:00,Sudeste,SU-02,81.07,114.31,2,205.34
2026-01-09 11:00,Sul,SU-01,84.14,130.88,2,180.91
2026-01-09 11:00,Sul,SU-02,66.81,103.25,3,173.78
2026-01-09 12:00,Centro-Oeste,CE-01,71.22,85.81,2,280.04
2026-01-09 12:00,Centro-Oeste,CE-02,83.74,115.87,2,206.45
2026-01-09 12:00,Nordeste,NO-01,72.07,119.99,1,148.04
2026-01-09 12:00,Nordeste,NO-02,71.25,119.95,3,143.92
2026-01-09 12:00,Norte,NO-01,90.19,134.59,5,195.2
2026-01-09 12:00,Norte,NO-02,60.05,99.06,1,156.22
2026-01-09 12:00,Sudeste,SU-01,79.0,100.12,5,237.98
2026-01-09 12:00,Sudeste,SU-02,84.68,112.15,2,228.22
2026-01-09 12:00,Sul,SU-01,83.06,133.78,2,170.93
2026-01-09 12:00,Sul,SU-02,65.33,102.11,3,171.09
2026-01-09 13:00,Centro-Oeste,CE-01,69.85,85.26,2,268.39
2026-01-09 13:00,Centro-Oeste,CE-02,89.1,119.95,2,218.78
2026-01-09 13:00,Nordeste,NO-01,80.75,115.84,1,203.87
2026-01-09 13:00,Nordeste,NO-02,78.09,119.62,3,180.52
2026-01-09 13:00,Norte,NO-01,94.15,134.73,5,195.81
2026-01-09 13:00,Norte,NO-02,66.05,97.94,1,190.63
2026-01-09 13:00,Sudeste,SU-01,76.79,100.46,5,240.78
2026-01-09 13:00,Sudeste,SU-02,88.15,115.36,2,229.08
2026-01-09 13:00,Sul,SU-01,89.14,130.98,2,187.96
2026-01-09 13:00,Sul,SU-02,70.15,102.61,3,187.26
2026-01-09 14:00,Centro-Oeste,CE-01,83.79,84.79,2,346.42
2026-01-09 14:00,Centro-Oeste,CE-02,97.43,118.15,2,266.13
2026-01-09 14:00,Nordeste,NO-01,81.47,116.8,1,185.15
2026-01-09 14:00,Nordeste,NO-02,76.83,119.93,3,167.93
2026-01-09 14:00,Norte,NO-01,101.08,133.48,5,236.81
2026-01-09 14:00,Norte,NO-02,70.45,97.02,1,205.9
2026-01-09 14:00,Sudeste,SU-01,82.06,99.01,5,256.7
2026-01-09 14:00,Sudeste,SU-02,99.96,116.37,2,285.24
2026-01-09 14:00,Sul,SU-01,92.72,129.01,2,218.46
2026-01-09 14:00,Sul,SU-02,75.76,101.62,3,226.21
2026-01-09 15:00,Centro-Oeste,CE-01,83.86,86.61,2,337.44
2026-01-09 15:00,Centro-Oeste,CE-02,107.53,117.87,2,300.08
2026-01-09 15:00,Nordeste,NO-01,80.48,118.9,1,197.94
2026-01-09 15:00,Nordeste,NO-02,83.26,119.2,3,195.0
2026-01-09 15:00,Norte,NO-01,92.82,129.68,5,203.1
2026-01-09 15:00,Norte,NO-02,69.69,99.92,1,184.62
2026-01-09 15:00,Sudeste,SU-01,83.22,99.6,5,266.79
2026-01-09 15:00,Sudeste,SU-02,99.66,112.98,2,290.36
2026-01-09 15:00,Sul,SU-01,98.76,129.06,2,230.92
2026-01-09 15:00,Sul,SU-02,76.17,97.98,3,233.8
2026-01-09 16:00,Centro-Oeste,CE-01,88.08,82.63,2,391.3
2026-01-09 16:00,Centro-Oeste,CE-02,109.91,118.62,2,320.91
2026-01-09 16:00,Nordeste,NO-01,87.24,115.17,1,231.57
2026-01-09 16:00,Nordeste,NO-02,83.24,115.16,3,200.82
2026-01-09 16:00,Norte,NO-01,103.22,128.78,5,249.49
2026-01-09 16:00,Norte,NO-02,73.38,95.61,1,223.08
2026-01-09 16:00,Sudeste,SU-01,91.62,98.05,5,309.28
2026-01-09 16:00,Sudeste,SU-02,99.32,109.5,2,294.87
2026-01-09 16:00,Sul,SU-01,102.84,126.34,2,252.34
2026-01-09 16:00,Sul,SU-02,77.37,100.89,3,236.18
2026-01-09 17:00,Centro-Oeste,CE-01,93.17,83.72,2,392.97
2026-01-09 17:00,Centro-Oeste,CE-02,116.12,113.25,2,366.73
2026-01-09 17:00,Nordeste,NO-01,83.13,112.21,1,206.2
2026-01-09 17:00,Nordeste,NO-02,84.55,112.5,3,226.97
2026-01-09 17:00,Norte,NO-01,102.68,125.65,5,264.08
2026-01-09 17:00,Norte,NO-02,71.3,96.78,1,213.33
2026-01-09 17:00,Sudeste,SU-01,89.01,95.08,5,317.94
2026-01-09 17:00,Sudeste,SU-02,111.97,109.68,2,355.29
2026-01-09 17:00,Sul,SU-01,104.24,125.58,2,275.41
2026-01-09 17:00,Sul,SU-02,77.87,97.81,3,250.42
2026-01-09 18:00,Centro-Oeste,CE-01,100.1,82.69,2,455.07
2026-01-09 18:00,Centro-Oeste,CE-02,126.91,113.29,2,408.27
2026-01-09 18:00,Nordeste,NO-01,94.28,107.68,1,278.77
2026-01-09 18:00,Nordeste,NO-02,86.51,112.7,3,229.04
2026-01-09 18:00,Norte,NO-01,103.15,127.14,5,257.33
2026-01-09 18:00,Norte,NO-02,72.78,93.48,1,241.04
2026-01-09 18:00,Sudeste,SU-01,89.97,94.33,5,329.35
2026-01-09 18:00,Sudeste,SU-02,103.26,105.71,2,343.63
2026-01-09 18:00,Sul,SU-01,98.58,122.62,2,247.79
2026-01-09 18:00,Sul,SU-02,82.79,97.86,3,278.02
2026-01-09 19:00,Centro-Oeste,CE-01,91.98,89.41,2,373.22
2026-01-09 19:00,Centro-Oeste,CE-02,128.1,130.08,2,342.3
2026-01-09 19:00,Nordeste,NO-01,92.52,112.61,1,267.4
2026-01-09 19:00,Nordeste,NO-02,85.44,113.6,3,228.81
2026-01-09 19:00,Norte,NO-01,109.72,120.89,5,306.27
2026-01-09 19:00,Norte,NO-02,73.79,91.28,1,266.73
2026-01-09 19:00,Sudeste,SU-01,86.91,95.81,5,294.44
2026-01-09 19:00,Sudeste,SU-02,103.7,101.93,2,353.0
2026-01-09 19:00,Sul,SU-01,104.97,125.18,2,258.8
2026-01-09 19:00,Sul,SU-02,82.76,94.96,3,296.01
2026-01-09 20:00,Centro-Oeste,CE-01,98.26,91.96,2,377.21
2026-01-09 20:00,Centro-Oeste,CE-02,124.29,123.21,2,359.55
2026-01-09 20:00,Nordeste,NO-01,97.1,104.7,1,322.12
2026-01-09 20:00,Nordeste,NO-02,86.07,109.89,3,240.47
2026-01-09 20:00,Norte,NO-01,103.57,126.18,5,255.22
2026-01-09 20:00,Norte,NO-02,70.42,91.81,1,230.65
2026-01-09 20:00,Sudeste,SU-01,90.98,91.94,5,338.42
2026-01-09 20:00,Sudeste,SU-02,104.73,102.64,2,367.98
2026-01-09 20:00,Sul,SU-01,104.09,122.29,2,272.7
2026-01-09 20:00,Sul,SU-02,84.67,94.72,3,280.4
2026-01-09 21:00,Centro-Oeste,CE-01,93.48,91.06,2,364.17
2026-01-09 21:00,Centro-Oeste,CE-02,124.56,117.34,2,383.24
2026-01-09 21:00,Nordeste,NO-01,89.21,106.45,1,261.16
2026-01-09 21:00,Nordeste,NO-02,87.27,110.4,3,255.02
2026-01-09 21:00,Norte,NO-01,103.44,127.57,5,241.55
2026-01-09 21:00,Norte,NO-02,76.55,90.59,1,269.51
2026-01-09 21:00,Sudeste,SU-01,84.59,89.76,5,317.57
2026-01-09 21:00,Sudeste,SU-02,100.94,102.4,2,342.28
2026-01-09 21:00,Sul,SU-01,104.53,119.81,2,299.45
2026-01-09 21:00,Sul,SU-02,84.25,90.46,3,317.29
2026-01-09 22:00,Centro-Oeste,CE-01,91.62,89.1,2,370.78
2026-01-09 22:00,Centro-Oeste,CE-02,111.54,120.15,2,321.33
2026-01-09 22:00,Nordeste,NO-01,89.18,104.16,1,283.03
2026-01-09 22:00,Nordeste,NO-02,81.03,108.9,3,218.16
2026-01-09 22:00,Norte,NO-01,103.61,120.82,5,283.17
2026-01-09 22:00,Norte,NO-02,69.17,89.0,1,233.85
2026-01-09 22:00,Sudeste,SU-01,80.97,91.92,5,297.56
2026-01-09 22:00,Sudeste,SU-02,93.75,100.65,2,315.12
2026-01-09 22:00,Sul,SU-01,102.35,117.94,2,298.05
2026-01-09 22:00,Sul,SU-02,83.72,94.75,3,292.75
2026-01-09 23:00,Centro-Oeste,CE-01,88.75,87.03,2,358.37
2026-01-09 23:00,Centro-Oeste,CE-02,112.61,120.38,2,314.42
2026-01-09 23:00,Nordeste,NO-01,86.21,104.39,1,267.86
2026-01-09 23:00,Nordeste,NO-02,77.13,106.7,3,203.83
2026-01-09 23:00,Norte,NO-01,96.23,116.3,5,270.75
2026-01-09 23:00,Norte,NO-02,70.64,87.62,1,246.25
2026-01-09 23:00,Sudeste,SU-01,78.26,91.38,5,278.84
2026-01-09 23:00,Sudeste,SU-02,90.14,100.52,2,295.99
2026-01-09 23:00,Sul,SU-01,101.88,112.33,2,304.99
2026-01-09 23:00,Sul,SU-02,75.3,91.64,3,269.0
2026-01-10 00:00,Centro-Oeste,CE-01,78.81,86.28,2,313.47
2026-01-10 00:00,Centro-Oeste,CE-02,95.99,118.95,2,264.21
2026-01-10 00:00,Nordeste,NO-01,72.18,104.49,1,177.91
2026-01-10 00:00,Nordeste,NO-02,68.94,106.5,3,170.42
2026-01-10 00:00,Norte,NO-01,91.78,117.27,5,251.17
2026-01-10 00:00,Norte,NO-02,63.26,87.27,1,209.36
2026-01-10 00:00,Sudeste,SU-01,63.81,89.4,5,204.59
2026-01-10 00:00,Sudeste,SU-02,79.33,104.66,2,214.77
2026-01-10 00:00,Sul,SU-01,89.08,121.43,2,227.25
2026-01-10 00:00,Sul,SU-02,66.69,91.21,3,242.6
2026-01-10 01:00,Centro-Oeste,CE-01,72.32,91.93,2,253.63
2026-01-10 01:00,Centro-Oeste,CE-02,88.68,118.05,2,231.77
2026-01-10 01:00,Nordeste,NO-01,72.1,104.83,1,194.82
2026-01-10 01:00,Nordeste,NO-02,69.56,107.71,3,175.33
2026-01-10 01:00,Norte,NO-01,84.91,121.99,5,212.5
2026-01-10 01:00,Norte,NO-02,59.82,87.05,1,206.89
2026-01-10 01:00,Sudeste,SU-01,66.31,87.42,5,247.94
2026-01-10 01:00,Sudeste,SU-02,76.49,99.14,2,222.99
2026-01-10 01:00,Sul,SU-01,87.93,115.98,2,225.73
2026-01-10 01:00,Sul,SU-02,67.81,90.71,3,209.68
2026-01-10 02:00,Centro-Oeste,CE-01,68.15,88.02,2,237.53
2026-01-10 02:00,Centro-Oeste,CE-02,84.72,122.86,2,192.73
2026-01-10 02:00,Nordeste,NO-01,68.8,108.52,1,167.7
2026-01-10 02:00,Nordeste,NO-02,71.1,107.68,3,188.63
2026-01-10 02:00,Norte,NO-01,87.68,119.66,5,214.99
2026-01-10 02:00,Norte,NO-02,63.8,85.36,1,220.76
2026-01-10 02:00,Sudeste,SU-01,61.99,90.65,5,185.98
2026-01-10 02:00,Sudeste,SU-02,73.65,105.38,2,204.45
2026-01-10 02:00,Sul,SU-01,82.99,120.86,2,183.34
2026-01-10 02:00,Sul,SU-02,67.01,87.97,3,236.8
2026-01-10 03:00,Centro-Oeste,CE-01,61.42,90.09,2,203.33
2026-01-10 03:00,Centro-Oeste,CE-02,75.19,122.19,2,143.12
2026-01-10 03:00,Nordeste,NO-01,67.56,105.22,1,187.58
2026-01-10 03:00,Nordeste,NO-02,64.76,106.94,3,150.61
2026-01-10 03:00,Norte,NO-01,83.82,119.76,5,202.83
2026-01-10 03:00,Norte,NO-02,58.17,86.59,1,179.02
2026-01-10 03:00,Sudeste,SU-01,58.86,91.54,5,168.73
2026-01-10 03:00,Sudeste,SU-02,65.24,107.13,2,154.52
2026-01-10 03:00,Sul,SU-01,81.1,119.49,2,188.34
2026-01-10 03:00,Sul,SU-02,64.34,95.63,3,191.68
2026-01-10 04:00,Centro-Oeste,CE-01,59.14,91.61,2,178.69
2026-01-10 04:00,Centro-Oeste,CE-02,70.75,121.72,2,153.78
2026-01-10 04:00,Nordeste,NO-01,64.49,109.09,1,147.15
2026-01-10 04:00,Nordeste,NO-02,59.01,109.16,3,154.22
2026-01-10 04:00,Norte,NO-01,78.55,123.41,5,170.02
2026-01-10 04:00,Norte,NO-02,57.54,94.01,1,158.87
2026-01-10 04:00,Sudeste,SU-01,58.03,94.51,5,153.28
2026-01-10 04:00,Sudeste,SU-02,65.82,104.45,2,163.77
2026-01-10 04:00,Sul,SU-01,77.98,123.09,2,168.3
2026-01-10 04:00,Sul,SU-02,65.05,96.73,3,166.07
2026-01-10 05:00,Centro-Oeste,CE-01,52.45,91.23,2,161.23
2026-01-10 05:00,Centro-Oeste,CE-02,62.81,128.89,2,156.23
2026-01-10 05:00,Nordeste,NO-01,65.06,110.28,1,138.6
2026-01-10 05:00,Nordeste,NO-02,58.95,112.18,3,149.59
2026-01-10 05:00,Norte,NO-01,81.99,128.6,5,174.5
2026-01-10 05:00,Norte,NO-02,55.8,91.85,1,151.15
2026-01-10 05:00,Sudeste,SU-01,54.81,92.69,5,139.22
2026-01-10 05:00,Sudeste,SU-02,64.45,103.05,2,155.2
2026-01-10 05:00,Sul,SU-01,74.17,120.7,2,155.12
2026-01-10 05:00,Sul,SU-02,57.01,96.3,3,152.06
2026-01-10 06:00,Centro-Oeste,CE-01,49.11,88.91,2,144.97
2026-01-10 06:00,Centro-Oeste,CE-02,60.89,127.54,2,146.82
2026-01-10 06:00,Nordeste,NO-01,63.1,109.28,1,151.26
2026-01-10 06:00,Nordeste,NO-02,58.59,113.15,3,151.01
2026-01-10 06:00,Norte,NO-01,84.12,126.61,5,184.77
2026-01-10 06:00,Norte,NO-02,59.06,91.39,1,168.58
2026-01-10 06:00,Sudeste,SU-01,56.41,97.6,5,154.89
2026-01-10 06:00,Sudeste,SU-02,65.83,108.37,2,159.23
2026-01-10 06:00,Sul,SU-01,71.75,126.7,2,148.98
2026-01-10 06:00,Sul,SU-02,61.13,96.49,3,167.36
2026-01-10 07:00,Centro-Oeste,CE-01,47.16,92.35,2,152.7
2026-01-10 07:00,Centro-Oeste,CE-02,57.64,129.39,2,154.11
2026-01-10 07:00,Nordeste,NO-01,62.54,115.69,1,153.51
2026-01-10 07:00,Nordeste,NO-02,56.47,114.47,3,139.47
2026-01-10 07:00,Norte,NO-01,83.55,131.57,5,169.47
2026-01-10 07:00,Norte,NO-02,56.39,92.01,1,162.48
2026-01-10 07:00,Sudeste,SU-01,58.82,97.43,5,154.67
2026-01-10 07:00,Sudeste,SU-02,62.24,108.09,2,141.5
2026-01-10 07:00,Sul,SU-01,68.62,126.74,2,146.09
2026-01-10 07:00,Sul,SU-02,59.04,96.79,3,147.04
2026-01-10 08:00,Centro-Oeste,CE-01,46.98,93.2,2,142.72
2026-01-10 08:00,Centro-Oeste,CE-02,57.91,127.67,2,143.82
2026-01-10 08:00,Nordeste,NO-01,60.94,116.27,1,148.22
2026-01-10 08:00,Nordeste,NO-02,59.31,117.71,3,140.65
2026-01-10 08:00,Norte,NO-01,83.99,126.02,5,189.9
2026-01-10 08:00,Norte,NO-02,63.28,91.38,1,213.93
2026-01-10 08:00,Sudeste,SU-01,57.21,97.75,5,157.4
2026-01-10 08:00,Sudeste,SU-02,64.42,110.65,2,136.61
2026-01-10 08:00,Sul,SU-01,73.94,135.03,2,153.57
2026-01-10 08:00,Sul,SU-02,55.51,99.47,3,137.91
2026-01-10 09:00,Centro-Oeste,CE-01,48.67,99.33,2,156.44
2026-01-10 09:00,Centro-Oeste,CE-02,59.54,131.19,2,142.5
2026-01-10 09:00,Nordeste,NO-01,63.29,114.78,1,152.86
2026-01-10 09:00,Nordeste,NO-02,63.59,120.1,3,144.28
2026-01-10 09:00,Norte,NO-01,82.82,128.69,5,179.01
2026-01-10 09:00,Norte,NO-02,61.42,97.62,1,153.98
2026-01-10 09:00,Sudeste,SU-01,60.18,100.08,5,151.0
2026-01-10 09:00,Sudeste,SU-02,66.51,110.38,2,141.03
2026-01-10 09:00,Sul,SU-01,70.96,131.44,2,141.24
2026-01-10 09:00,Sul,SU-02,56.65,100.73,3,146.98
2026-01-10 10:00,Centro-Oeste,CE-01,51.85,101.76,2,153.45
2026-01-10 10:00,Centro-Oeste,CE-02,55.68,130.02,2,137.18
2026-01-10 10:00,Nordeste,NO-01,67.1,120.76,1,155.18
2026-01-10 10:00,Nordeste,NO-02,59.82,116.83,3,158.04
2026-01-10 10:00,Norte,NO-01,91.82,131.94,5,198.09
2026-01-10 10:00,Norte,NO-02,62.63,96.39,1,173.0
2026-01-10 10:00,Sudeste,SU-01,62.87,101.09,5,162.43
2026-01-10 10:00,Sudeste,SU-02,70.93,112.0,2,161.12
2026-01-10 10:00,Sul,SU-01,74.93,130.06,2,145.96
2026-01-10 10:00,Sul,SU-02,57.39,99.93,3,154.11
2026-01-10 11:00,Centro-Oeste,CE-01,50.2,100.81,2,146.46
2026-01-10 11:00,Centro-Oeste,CE-02,58.07,136.95,2,160.22
2026-01-10 11:00,Nordeste,NO-01,69.96,115.55,1,154.52
2026-01-10 11:00,Nordeste,NO-02,62.86,115.15,3,141.36
2026-01-10 11:00,Norte,NO-01,91.23,136.48,5,180.0
2026-01-10 11:00,Norte,NO-02,64.35,101.72,1,160.02
2026-01-10 11:00,Sudeste,SU-01,64.19,103.21,5,143.44
2026-01-10 11:00,Sudeste,SU-02,79.68,110.77,2,208.32
2026-01-10 11:00,Sul,SU-01,73.36,128.79,2,151.05
2026-01-10 11:00,Sul,SU-02,57.66,101.85,3,155.89
2026-01-10 12:00,Centro-Oeste,CE-01,53.09,96.89,2,147.84
2026-01-10 12:00,Centro-Oeste,CE-02,69.02,138.6,2,135.91
2026-01-10 12:00,Nordeste,NO-01,72.43,117.27,1,163.75
2026-01-10 12:00,Nordeste,NO-02,66.62,120.44,3,154.78
2026-01-10 12:00,Norte,NO-01,89.96,136.43,5,170.68
2026-01-10 12:00,Norte,NO-02,62.7,98.6,1,170.12
2026-01-10 12:00,Sudeste,SU-01,69.77,102.7,5,187.07
2026-01-10 12:00,Sudeste,SU-02,77.7,114.13,2,190.19
2026-01-10 12:00,Sul,SU-01,79.81,131.69,2,144.58
2026-01-10 12:00,Sul,SU-02,59.99,102.5,3,158.01
2026-01-10 13:00,Centro-Oeste,CE-01,55.43,99.19,2,158.4
2026-01-10 13:00,Centro-Oeste,CE-02,65.62,131.23,2,159.24
2026-01-10 13:00,Nordeste,NO-01,72.22,115.94,1,159.81
2026-01-10 13:00,Nordeste,NO-02,68.49,114.21,3,151.08
2026-01-10 13:00,Norte,NO-01,92.25,135.57,5,193.02
2026-01-10 13:00,Norte,NO-02,65.26,95.97,1,184.54
2026-01-10 13:00,Sudeste,SU-01,72.97,100.49,5,208.72
2026-01-10 13:00,Sudeste,SU-02,83.58,117.44,2,203.8
2026-01-10 13:00,Sul,SU-01,78.78,135.47,2,164.06
2026-01-10 13:00,Sul,SU-02,61.71,103.77,3,156.56
2026-01-10 14:00,Centro-Oeste,CE-01,61.26,94.8,2,167.08
2026-01-10 14:00,Centro-Oeste,CE-02,73.51,130.68,2,152.75
2026-01-10 14:00,Nordeste,NO-01,76.19,116.1,1,179.36
2026-01-10 14:00,Nordeste,NO-02,72.62,121.08,3,144.67
2026-01-10 14:00,Norte,NO-01,92.47,133.51,5,202.43
2026-01-10 14:00,Norte,NO-02,61.97,95.57,1,173.73
2026-01-10 14:00,Sudeste,SU-01,70.67,99.81,5,195.42
2026-01-10 14:00,Sudeste,SU-02,87.77,114.31,2,240.39
2026-01-10 14:00,Sul,SU-01,82.78,134.62,2,148.39
2026-01-10 14:00,Sul,SU-02,65.41,101.27,3,173.29
2026-01-10 15:00,Centro-Oeste,CE-01,64.02,97.88,2,177.5
2026-01-10 15:00,Centro-Oeste,CE-02,79.63,132.84,2,162.67
2026-01-10 15:00,Nordeste,NO-01,84.43,113.39,1,220.36
2026-01-10 15:00,Nordeste,NO-02,76.76,121.07,3,156.32
2026-01-10 15:00,Norte,NO-01,91.69,129.34,5,193.68
2026-01-10 15:00,Norte,NO-02,69.48,97.56,1,198.28
2026-01-10 15:00,Sudeste,SU-01,80.34,101.06,5,233.75
2026-01-10 15:00,Sudeste,SU-02,93.21,112.12,2,265.95
2026-01-10 15:00,Sul,SU-01,87.16,128.85,2,197.77
2026-01-10 15:00,Sul,SU-02,67.26,101.72,3,187.03
2026-01-10 16:00,Centro-Oeste,CE-01,67.26,93.65,2,220.15
2026-01-10 16:00,Centro-Oeste,CE-02,76.67,131.71,2,152.31
2026-01-10 16:00,Nordeste,NO-01,77.75,119.69,1,183.96
2026-01-10 16:00,Nordeste,NO-02,77.1,117.9,3,175.97
2026-01-10 16:00,Norte,NO-01,94.03,125.83,5,223.71
2026-01-10 16:00,Norte,NO-02,68.76,95.36,1,213.5
2026-01-10 16:00,Sudeste,SU-01,75.88,100.38,5,232.63
2026-01-10 16:00,Sudeste,SU-02,89.67,110.04,2,261.47
2026-01-10 16:00,Sul,SU-01,90.83,129.74,2,198.85
2026-01-10 16:00,Sul,SU-02,71.62,103.29,3,193.45
2026-01-10 17:00,Centro-Oeste,CE-01,66.26,93.72,2,214.72
2026-01-10 17:00,Centro-Oeste,CE-02,86.34,127.37,2,185.48
2026-01-10 17:00,Nordeste,NO-01,82.47,111.64,1,219.71
2026-01-10 17:00,Nordeste,NO-02,78.27,116.28,3,194.34
2026-01-10 17:00,Norte,NO-01,93.48,129.46,5,210.35
2026-01-10 17:00,Norte,NO-02,68.85,90.41,1,245.43
2026-01-10 17:00,Sudeste,SU-01,83.69,92.67,5,304.1
2026-01-10 17:00,Sudeste,SU-02,93.0,109.23,2,276.79
2026-01-10 17:00,Sul,SU-01,95.53,124.66,2,240.67
2026-01-10 17:00,Sul,SU-02,77.15,98.54,3,240.97
2026-01-10 18:00,Centro-Oeste,CE-01,71.89,91.49,2,246.18
2026-01-10 18:00,Centro-Oeste,CE-02,86.17,127.4,2,194.84
2026-01-10 18:00,Nordeste,NO-01,82.67,111.74,1,212.7
2026-01-10 18:00,Nordeste,NO-02,79.11,110.45,3,207.63
2026-01-10 18:00,Norte,NO-01,101.1,123.65,5,260.36
2026-01-10 18:00,Norte,NO-02,71.99,91.23,1,239.63
2026-01-10 18:00,Sudeste,SU-01,82.09,97.07,5,280.32
2026-01-10 18:00,Sudeste,SU-02,91.73,106.08,2,275.75
2026-01-10 18:00,Sul,SU-01,94.48,125.01,2,245.66
2026-01-10 18:00,Sul,SU-02,77.02,98.19,3,241.86
2026-01-10 19:00,Centro-Oeste,CE-01,73.9,93.63,2,253.21
2026-01-10 19:00,Centro-Oeste,CE-02,89.15,125.53,2,201.79
2026-01-10 19:00,Nordeste,NO-01,83.6,111.7,1,215.7
2026-01-10 19:00,Nordeste,NO-02,81.26,113.18,3,212.14
2026-01-10 19:00,Norte,NO-01,94.91,128.0,5,228.67
2026-01-10 19:00,Norte,NO-02,65.8,90.22,1,206.16
2026-01-10 19:00,Sudeste,SU-01,73.56,97.57,5,219.75
2026-01-10 19:00,Sudeste,SU-02,96.36,108.92,2,308.77
2026-01-10 19:00,Sul,SU-01,93.35,122.32,2,234.59
2026-01-10 19:00,Sul,SU-02,75.48,95.5,3,246.86
2026-01-10 20:00,Centro-Oeste,CE-01,73.88,88.82,2,254.24
2026-01-10 20:00,Centro-Oeste,CE-02,86.15,121.69,2,210.61
2026-01-10 20:00,Nordeste,NO-01,85.4,104.51,1,258.95
2026-01-10 20:00,Nordeste,NO-02,80.46,111.92,3,204.26
2026-01-10 20:00,Norte,NO-01,91.55,122.76,5,225.16
2026-01-10 20:00,Norte,NO-02,68.76,89.94,1,222.18
2026-01-10 20:00,Sudeste,SU-01,81.22,90.91,5,294.96
2026-01-10 20:00,Sudeste,SU-02,96.78,101.86,2,331.51
2026-01-10 20:00,Sul,SU-01,95.95,121.93,2,243.24
2026-01-10 20:00,Sul,SU-02,76.89,92.53,3,267.28
2026-01-10 21:00,Centro-Oeste,CE-01,72.2,89.57,2,249.51
2026-01-10 21:00,Centro-Oeste,CE-02,92.31,125.44,2,205.17
2026-01-10 21:00,Nordeste,NO-01,85.83,105.09,1,265.69
2026-01-10 21:00,Nordeste,NO-02,79.55,103.19,3,233.24
2026-01-10 21:00,Norte,NO-01,91.85,118.05,5,237.31
2026-01-10 21:00,Norte,NO-02,67.2,90.32,1,209.6
2026-01-10 21:00,Sudeste,SU-01,73.74,91.5,5,252.09
2026-01-10 21:00,Sudeste,SU-02,90.36,102.72,2,275.51
2026-01-10 21:00,Sul,SU-01,95.51,125.4,2,228.19
2026-01-10 21:00,Sul,SU-02,76.16,93.24,3,250.89
2026-01-10 22:00,Centro-Oeste,CE-01,71.46,83.39,2,276.53
2026-01-10 22:00,Centro-Oeste,CE-02,86.68,124.92,2,194.13
2026-01-10 22:00,Nordeste,NO-01,85.37,107.41,1,266.09
2026-01-10 22:00,Nordeste,NO-02,76.39,107.59,3,205.01
2026-01-10 22:00,Norte,NO-01,90.78,121.35,5,219.7
2026-01-10 22:00,Norte,NO-02,64.53,90.65,1,205.17
2026-01-10 22:00,Sudeste,SU-01,75.95,89.16,5,271.51
2026-01-10 22:00,Sudeste,SU-02,92.78,105.72,2,283.71
2026-01-10 22:00,Sul,SU-01,96.14,118.16,2,258.27
2026-01-10 22:00,Sul,SU-02,72.78,90.17,3,253.74
2026-01-10 23:00,Centro-Oeste,CE-01,71.97,88.92,2,252.41
2026-01-10 23:00,Centro-Oeste,CE-02,89.21,117.42,2,230.13
2026-01-10 23:00,Nordeste,NO-01,77.53,105.06,1,221.19
2026-01-10 23:00,Nordeste,NO-02,73.1,103.31,3,211.38
2026-01-10 23:00,Norte,NO-01,80.33,121.81,5,181.23
2026-01-10 23:00,Norte,NO-02,62.06,87.85,1,204.26
2026-01-10 23:00,Sudeste,SU-01,71.39,87.98,5,248.21
2026-01-10 23:00,Sudeste,SU-02,85.21,100.96,2,266.56
2026-01-10 23:00,Sul,SU-01,97.04,120.99,2,257.52
2026-01-10 23:00,Sul,SU-02,71.34,92.72,3,234.98
2026-01-11 00:00,Centro-Oeste,CE-01,67.34,85.5,2,250.65
2026-01-11 00:00,Centro-Oeste,CE-02,81.17,119.69,2,188.9
2026-01-11 00:00,Nordeste,NO-01,71.53,105.18,1,181.2
2026-01-11 00:00,Nordeste,NO-02,71.35,109.77,3,180.59
2026-01-11 00:00,Norte,NO-01,85.41,120.95,5,204.9
2026-01-11 00:00,Norte,NO-02,59.85,89.57,1,185.2
2026-01-11 00:00,Sudeste,SU-01,67.09,87.4,5,236.71
2026-01-11 00:00,Sudeste,SU-02,81.28,102.33,2,247.71
2026-01-11 00:00,Sul,SU-01,88.63,122.94,2,201.88
2026-01-11 00:00,Sul,SU-02,71.28,93.08,3,214.83
2026-01-11 01:00,Centro-Oeste,CE-01,64.34,85.95,2,217.69
2026-01-11 01:00,Centro-Oeste,CE-02,77.27,118.85,2,171.71
2026-01-11 01:00,Nordeste,NO-01,70.94,105.23,1,187.66
2026-01-11 01:00,Nordeste,NO-02,71.93,104.51,3,203.93
2026-01-11 01:00,Norte,NO-01,78.28,115.71,5,196.88
2026-01-11 01:00,Norte,NO-02,54.55,89.83,1,150.66
2026-01-11 01:00,Sudeste,SU-01,62.85,91.93,5,190.82
2026-01-11 01:00,Sudeste,SU-02,74.36,101.92,2,212.78
2026-01-11 01:00,Sul,SU-01,88.43,118.19,2,219.38
2026-01-11 01:00,Sul,SU-02,72.76,93.47,3,245.45
2026-01-11 02:00,Centro-Oeste,CE-01,59.38,87.32,2,197.42
2026-01-11 02:00,Centro-Oeste,CE-02,73.53,121.7,2,141.51
2026-01-11 02:00,Nordeste,NO-01,72.14,104.31,1,187.09
2026-01-11 02:00,Nordeste,NO-02,68.84,106.9,3,166.02
2026-01-11 02:00,Norte,NO-01,74.02,120.75,5,160.49
2026-01-11 02:00,Norte,NO-02,52.92,87.89,1,163.96
2026-01-11 02:00,Sudeste,SU-01,61.8,87.42,5,203.5
2026-01-11 02:00,Sudeste,SU-02,72.25,104.69,2,172.17
2026-01-11 02:00,Sul,SU-01,86.32,116.58,2,212.88
2026-01-11 02:00,Sul,SU-02,62.78,88.44,3,202.4
2026-01-11 03:00,Centro-Oeste,CE-01,55.02,88.93,2,178.48
2026-01-11 03:00,Centro-Oeste,CE-02,71.18,124.59,2,148.32
2026-01-11 03:00,Nordeste,NO-01,67.73,104.33,1,178.11
2026-01-11 03:00,Nordeste,NO-02,65.05,107.47,3,155.69
2026-01-11 03:00,Norte,NO-01,67.74,122.05,5,144.64
2026-01-11 03:00,Norte,NO-02,52.05,89.73,1,151.26
2026-01-11 03:00,Sudeste,SU-01,61.12,88.98,5,203.84
2026-01-11 03:00,Sudeste,SU-02,68.19,100.22,2,196.42
2026-01-11 03:00,Sul,SU-01,83.79,117.42,2,201.37
2026-01-11 03:00,Sul,SU-02,62.55,93.66,3,185.1
2026-01-11 04:00,Centro-Oeste,CE-01,52.72,92.84,2,144.82
2026-01-11 04:00,Centro-Oeste,CE-02,65.89,116.99,2,145.84
2026-01-11 04:00,Nordeste,NO-01,66.02,108.86,1,153.69
2026-01-11 04:00,Nordeste,NO-02,62.53,110.17,3,144.28
2026-01-11 04:00,Norte,NO-01,67.8,123.16,5,143.3
2026-01-11 04:00,Norte,NO-02,48.84,90.0,1,137.35
2026-01-11 04:00,Sudeste,SU-01,55.21,91.24,5,147.5
2026-01-11 04:00,Sudeste,SU-02,64.8,103.29,2,178.34
2026-01-11 04:00,Sul,SU-01,75.95,124.9,2,154.88
2026-01-11 04:00,Sul,SU-02,64.22,92.78,3,189.1
2026-01-11 05:00,Centro-Oeste,CE-01,51.78,93.34,2,150.17
2026-01-11 05:00,Centro-Oeste,CE-02,60.3,119.24,2,155.95
2026-01-11 05:00,Nordeste,NO-01,63.8,106.4,1,155.07
2026-01-11 05:00,Nordeste,NO-02,58.49,108.48,3,146.32
2026-01-11 05:00,Norte,NO-01,67.1,121.79,5,161.88
2026-01-11 05:00,Norte,NO-02,49.4,94.52,1,160.1
2026-01-11 05:00,Sudeste,SU-01,56.79,96.63,5,164.15
2026-01-11 05:00,Sudeste,SU-02,64.01,104.75,2,160.18
2026-01-11 05:00,Sul,SU-01,76.55,126.76,2,159.0
2026-01-11 05:00,Sul,SU-02,58.98,95.56,3,162.8
2026-01-11 06:00,Centro-Oeste,CE-01,47.51,91.82,2,138.88
2026-01-11 06:00,Centro-Oeste,CE-02,59.68,125.27,2,138.65
2026-01-11 06:00,Nordeste,NO-01,64.34,109.02,1,151.97
2026-01-11 06:00,Nordeste,NO-02,59.81,112.3,3,142.19
2026-01-11 06:00,Norte,NO-01,69.82,125.17,5,159.21
2026-01-11 06:00,Norte,NO-02,50.99,90.55,1,138.81
2026-01-11 06:00,Sudeste,SU-01,56.74,96.22,5,140.78
2026-01-11 06:00,Sudeste,SU-02,63.56,108.74,2,143.18
2026-01-11 06:00,Sul,SU-01,74.42,125.75,2,155.8
2026-01-11 06:00,Sul,SU-02,56.81,97.75,3,154.32
2026-01-11 07:00,Centro-Oeste,CE-01,48.86,95.23,2,158.14
2026-01-11 07:00,Centro-Oeste,CE-02,56.31,129.05,2,143.61
2026-01-11 07:00,Nordeste,NO-01,59.86,111.99,1,146.79
2026-01-11 07:00,Nordeste,NO-02,57.44,116.33,3,144.51
2026-01-11 07:00,Norte,NO-01,69.55,120.92,5,157.55
2026-01-11 07:00,Norte,NO-02,46.29,96.03,1,158.8
2026-01-11 07:00,Sudeste,SU-01,54.81,94.15,5,147.97
2026-01-11 07:00,Sudeste,SU-02,65.49,112.16,2,157.48
2026-01-11 07:00,Sul,SU-01,72.54,128.67,2,149.54
2026-01-11 07:00,Sul,SU-02,57.86,101.9,3,161.1
2026-01-11 08:00,Centro-Oeste,CE-01,47.47,94.34,2,147.13
2026-01-11 08:00,Centro-Oeste,CE-02,60.04,134.44,2,151.35
2026-01-11 08:00,Nordeste,NO-01,61.14,116.2,1,130.05
2026-01-11 08:00,Nordeste,NO-02,59.24,115.48,3,153.08
2026-01-11 08:00,Norte,NO-01,68.43,125.16,5,147.01
2026-01-11 08:00,Norte,NO-02,51.17,93.43,1,157.11
2026-01-11 08:00,Sudeste,SU-01,57.06,101.81,5,147.88
2026-01-11 08:00,Sudeste,SU-02,66.53,111.52,2,154.68
2026-01-11 08:00,Sul,SU-01,76.02,127.4,2,151.18
2026-01-11 08:00,Sul,SU-02,56.82,101.05,3,160.93
2026-01-11 09:00,Centro-Oeste,CE-01,46.9,99.84,2,153.44
2026-01-11 09:00,Centro-Oeste,CE-02,56.49,130.02,2,140.5
2026-01-11 09:00,Nordeste,NO-01,60.05,117.24,1,151.17
2026-01-11 09:00,Nordeste,NO-02,61.12,116.89,3,141.63
2026-01-11 09:00,Norte,NO-01,68.95,135.22,5,140.88
2026-01-11 09:00,Norte,NO-02,53.22,95.43,1,155.73
2026-01-11 09:00,Sudeste,SU-01,55.14,97.1,5,153.6
2026-01-11 09:00,Sudeste,SU-02,69.76,112.83,2,160.96
2026-01-11 09:00,Sul,SU-01,72.07,128.62,2,155.56
2026-01-11 09:00,Sul,SU-02,56.15,101.88,3,163.96
2026-01-11 10:00,Centro-Oeste,CE-01,49.61,96.58,2,142.66
2026-01-11 10:00,Centro-Oeste,CE-02,58.22,134.62,2,146.34
2026-01-11 10:00,Nordeste,NO-01,61.72,117.65,1,153.06
2026-01-11 10:00,Nordeste,NO-02,59.36,116.48,3,152.51
2026-01-11 10:00,Norte,NO-01,74.14,134.05,5,143.34
2026-01-11 10:00,Norte,NO-02,53.52,95.46,1,142.76
2026-01-11 10:00,Sudeste,SU-01,63.76,96.65,5,174.03
2026-01-11 10:00,Sudeste,SU-02,72.75,112.04,2,155.53
2026-01-11 10:00,Sul,SU-01,74.2,129.03,2,145.46
2026-01-11 10:00,Sul,SU-02,59.61,104.44,3,150.76
2026-01-11 11:00,Centro-Oeste,CE-01,52.18,98.87,2,153.03
2026-01-11 11:00,Centro-Oeste,CE-02,58.52,133.81,2,166.59
2026-01-11 11:00,Nordeste,NO-01,65.95,122.72,1,150.4
2026-01-11 11:00,Nordeste,NO-02,65.16,121.68,3,139.04
2026-01-11 11:00,Norte,NO-01,80.02,135.28,5,154.23
2026-01-11 11:00,Norte,NO-02,58.2,101.75,1,143.87
2026-01-11 11:00,Sudeste,SU-01,64.71,98.86,5,178.26
2026-01-11 11:00,Sudeste,SU-02,75.91,114.55,2,191.04
2026-01-11 11:00,Sul,SU-01,74.37,131.84,2,158.86
2026-01-11 11:00,Sul,SU-02,61.04,105.51,3,149.06
2026-01-11 12:00,Centro-Oeste,CE-01,52.14,99.2,2,147.36
2026-01-11 12:00,Centro-Oeste,CE-02,65.44,133.54,2,159.17
2026-01-11 12:00,Nordeste,NO-01,71.64,119.26,1,150.29
2026-01-11 12:00,Nordeste,NO-02,62.41,121.93,3,142.25
2026-01-11 12:00,Norte,NO-01,81.05,133.3,5,158.62
2026-01-11 12:00,Norte,NO-02,58.25,98.96,1,146.74
2026-01-11 12:00,Sudeste,SU-01,67.02,104.9,5,161.32
2026-01-11 12:00,Sudeste,SU-02,78.17,116.22,2,189.43
2026-01-11 12:00,Sul,SU-01,76.2,131.15,2,147.29
2026-01-11 12:00,Sul,SU-02,63.9,105.47,3,154.65
2026-01-11 13:00,Centro-Oeste,CE-01,52.2,96.43,2,155.26
2026-01-11 13:00,Centro-Oeste,CE-02,69.33,135.93,2,156.43
2026-01-11 13:00,Nordeste,NO-01,74.14,116.72,1,158.59
2026-01-11 13:00,Nordeste,NO-02,69.89,120.92,3,152.55
2026-01-11 13:00,Norte,NO-01,82.03,132.56,5,165.61
2026-01-11 13:00,Norte,NO-02,60.23,101.89,1,158.43
2026-01-11 13:00,Sudeste,SU-01,70.93,102.09,5,199.51
2026-01-11 13:00,Sudeste,SU-02,82.58,110.7,2,227.98
2026-01-11 13:00,Sul,SU-01,78.99,133.3,2,147.02
2026-01-11 13:00,Sul,SU-02,63.4,103.73,3,150.39
2026-01-11 14:00,Centro-Oeste,CE-01,58.17,93.58,2,153.71
2026-01-11 14:00,Centro-Oeste,CE-02,73.26,135.48,2,152.85
2026-01-11 14:00,Nordeste,NO-01,74.46,118.31,1,178.02
2026-01-11 14:00,Nordeste,NO-02,72.37,119.33,3,153.75
2026-01-11 14:00,Norte,NO-01,87.51,134.42,5,175.42
2026-01-11 14:00,Norte,NO-02,64.55,98.56,1,171.2
2026-01-11 14:00,Sudeste,SU-01,76.79,99.24,5,249.46
2026-01-11 14:00,Sudeste,SU-02,91.58,111.25,2,271.01
2026-01-11 14:00,Sul,SU-01,80.53,131.94,2,154.23
2026-01-11 14:00,Sul,SU-02,67.0,103.65,3,183.39
2026-01-11 15:00,Centro-Oeste,CE-01,61.64,96.32,2,172.52
2026-01-11 15:00,Centro-Oeste,CE-02,79.06,130.37,2,157.19
2026-01-11 15:00,Nordeste,NO-01,76.11,119.83,1,172.51
2026-01-11 15:00,Nordeste,NO-02,74.39,118.7,3,146.37
2026-01-11 15:00,Norte,NO-01,88.67,130.01,5,190.26
2026-01-11 15:00,Norte,NO-02,69.48,100.31,1,191.74
2026-01-11 15:00,Sudeste,SU-01,75.83,97.33,5,238.2
2026-01-11 15:00,Sudeste,SU-02,91.3,112.67,2,260.05
2026-01-11 15:00,Sul,SU-01,87.25,127.4,2,204.56
2026-01-11 15:00,Sul,SU-02,71.66,104.56,3,201.25
2026-01-11 16:00,Centro-Oeste,CE-01,66.48,96.28,2,205.96
2026-01-11 16:00,Centro-Oeste,CE-02,74.56,128.85,2,155.3
2026-01-11 16:00,Nordeste,NO-01,82.04,115.8,1,193.14
2026-01-11 16:00,Nordeste,NO-02,77.03,119.51,3,169.68
2026-01-11 16:00,Norte,NO-01,96.37,128.71,5,222.96
2026-01-11 16:00,Norte,NO-02,65.87,96.3,1,197.54
2026-01-11 16:00,Sudeste,SU-01,81.38,101.64,5,253.94
2026-01-11 16:00,Sudeste,SU-02,92.25,106.39,2,276.12
2026-01-11 16:00,Sul,SU-01,95.5,127.69,2,224.47
2026-01-11 16:00,Sul,SU-02,71.69,97.5,3,222.44
2026-01-11 17:00,Centro-Oeste,CE-01,73.43,93.47,2,258.55
2026-01-11 17:00,Centro-Oeste,CE-02,83.07,131.41,2,147.96
2026-01-11 17:00,Nordeste,NO-01,83.4,111.79,1,221.9
2026-01-11 17:00,Nordeste,NO-02,77.17,115.07,3,183.66
2026-01-11 17:00,Norte,NO-01,96.62,130.89,5,217.9
2026-01-11 17:00,Norte,NO-02,67.53,92.67,1,203.63
2026-01-11 17:00,Sudeste,SU-01,81.85,95.8,5,276.38
2026-01-11 17:00,Sudeste,SU-02,100.33,110.05,2,285.4
2026-01-11 17:00,Sul,SU-01,97.45,128.38,2,226.6
2026-01-11 17:00,Sul,SU-02,76.16,98.98,3,237.56
2026-01-11 18:00,Centro-Oeste,CE-01,70.8,92.65,2,229.2
2026-01-11 18:00,Centro-Oeste,CE-02,93.16,125.54,2,225.87
2026-01-11 18:00,Nordeste,NO-01,88.36,110.63,1,233.03
2026-01-11 18:00,Nordeste,NO-02,79.92,109.89,3,212.37
2026-01-11 18:00,Norte,NO-01,101.8,123.07,5,278.03
2026-01-11 18:00,Norte,NO-02,63.96,93.03,1,200.84
2026-01-11 18:00,Sudeste,SU-01,80.05,97.5,5,266.79
2026-01-11 18:00,Sudeste,SU-02,92.16,107.05,2,285.32
2026-01-11 18:00,Sul,SU-01,92.93,125.57,2,214.97
2026-01-11 18:00,Sul,SU-02,81.18,93.36,3,290.61
2026-01-11 19:00,Centro-Oeste,CE-01,69.98,93.69,2,244.06
2026-01-11 19:00,Centro-Oeste,CE-02,91.25,128.51,2,206.8
2026-01-11 19:00,Nordeste,NO-01,80.08,112.33,1,206.28
2026-01-11 19:00,Nordeste,NO-02,78.81,105.44,3,230.49
2026-01-11 19:00,Norte,NO-01,94.67,129.2,5,208.18
2026-01-11 19:00,Norte,NO-02,67.13,91.61,1,212.98
2026-01-11 19:00,Sudeste,SU-01,80.63,95.85,5,268.64
2026-01-11 19:00,Sudeste,SU-02,93.6,105.64,2,299.22
2026-01-11 19:00,Sul,SU-01,103.21,123.15,2,256.6
2026-01-11 19:00,Sul,SU-02,72.92,95.48,3,244.92
2026-01-11 20:00,Centro-Oeste,CE-01,73.38,94.73,2,237.93
2026-01-11 20:00,Centro-Oeste,CE-02,91.31,124.48,2,207.58
2026-01-11 20:00,Nordeste,NO-01,80.81,109.02,1,220.53
2026-01-11 20:00,Nordeste,NO-02,77.61,113.22,3,194.0
2026-01-11 20:00,Norte,NO-01,94.7,121.01,5,230.94
2026-01-11 20:00,Norte,NO-02,64.12,91.64,1,198.66
2026-01-11 20:00,Sudeste,SU-01,79.17,91.98,5,274.01
2026-01-11 20:00,Sudeste,SU-02,92.88,104.68,2,278.8
2026-01-11 20:00,Sul,SU-01,99.87,123.81,2,267.33
2026-01-11 20:00,Sul,SU-02,76.75,91.67,3,260.74
2026-01-11 21:00,Centro-Oeste,CE-01,70.34,89.65,2,235.99
2026-01-11 21:00,Centro-Oeste,CE-02,92.24,127.24,2,213.98
2026-01-11 21:00,Nordeste,NO-01,82.34,105.58,1,231.26
2026-01-11 21:00,Nordeste,NO-02,77.81,107.41,3,220.63
2026-01-11 21:00,Norte,NO-01,91.39,125.14,5,214.48
2026-01-11 21:00,Norte,NO-02,67.08,89.38,1,219.71
2026-01-11 21:00,Sudeste,SU-01,76.57,89.48,5,273.08
2026-01-11 21:00,Sudeste,SU-02,92.98,107.17,2,278.7
2026-01-11 21:00,Sul,SU-01,95.33,122.34,2,233.71
2026-01-11 21:00,Sul,SU-02,74.86,95.72,3,246.51
2026-01-11 22:00,Centro-Oeste,CE-01,72.34,93.22,2,250.19
2026-01-11 22:00,Centro-Oeste,CE-02,86.41,124.41,2,193.96
2026-01-11 22:00,Nordeste,NO-01,80.08,104.63,1,242.23
2026-01-11 22:00,Nordeste,NO-02,78.46,109.68,3,209.36
2026-01-11 22:00,Norte,NO-01,87.64,115.53,5,216.97
2026-01-11 22:00,Norte,NO-02,64.01,87.94,1,215.79
2026-01-11 22:00,Sudeste,SU-01,76.64,89.25,5,284.88
2026-01-11 22:00,Sudeste,SU-02,90.63,100.25,2,316.32
2026-01-11 22:00,Sul,SU-01,100.04,117.08,2,282.53
2026-01-11 22:00,Sul,SU-02,75.8,89.04,3,265.1
2026-01-11 23:00,Centro-Oeste,CE-01,68.09,88.26,2,225.62
2026-01-11 23:00,Centro-Oeste,CE-02,84.32,121.44,2,210.08
2026-01-11 23:00,Nordeste,NO-01,79.54,103.37,1,248.48
2026-01-11 23:00,Nordeste,NO-02,76.36,103.99,3,211.64
2026-01-11 23:00,Norte,NO-01,90.12,117.18,5,228.16
2026-01-11 23:00,Norte,NO-02,63.09,88.31,1,222.39
2026-01-11 23:00,Sudeste,SU-01,73.85,90.01,5,257.96
2026-01-11 23:00,Sudeste,SU-02,84.48,97.23,2,290.41
2026-01-11 23:00,Sul,SU-01,97.68,117.05,2,253.21
2026-01-11 23:00,Sul,SU-02,74.52,92.5,3,245.57
2026-01-12 00:00,Centro-Oeste,CE-01,66.25,86.19,2,233.73
2026-01-12 00:00,Centro-Oeste,CE-02,87.59,119.59,2,201.17
2026-01-12 00:00,Nordeste,NO-01,85.71,103.87,1,267.98
2026-01-12 00:00,Nordeste,NO-02,77.73,108.05,3,191.04
2026-01-12 00:00,Norte,NO-01,81.55,120.07,5,184.85
2026-01-12 00:00,Norte,NO-02,62.37,88.42,1,198.59
2026-01-12 00:00,Sudeste,SU-01,75.1,88.6,5,278.15
2026-01-12 00:00,Sudeste,SU-02,84.2,106.12,2,249.73
2026-01-12 00:00,Sul,SU-01,104.34,116.58,2,291.29
2026-01-12 00:00,Sul,SU-02,78.58,89.31,3,294.89
2026-01-12 01:00,Centro-Oeste,CE-01,70.15,87.98,2,231.34
2026-01-12 01:00,Centro-Oeste,CE-02,86.32,122.7,2,195.09
2026-01-12 01:00,Nordeste,NO-01,78.42,103.49,1,234.71
2026-01-12 01:00,Nordeste,NO-02,73.32,107.53,3,187.92
2026-01-12 01:00,Norte,NO-01,84.43,121.06,5,208.5
2026-01-12 01:00,Norte,NO-02,58.45,87.21,1,182.36
2026-01-12 01:00,Sudeste,SU-01,72.91,87.95,5,254.64
2026-01-12 01:00,Sudeste,SU-02,86.69,100.92,2,280.94
2026-01-12 01:00,Sul,SU-01,93.75,117.52,2,241.04
2026-01-12 01:00,Sul,SU-02,72.17,90.17,3,246.32
2026-01-12 02:00,Centro-Oeste,CE-01,65.17,87.98,2,217.55
2026-01-12 02:00,Centro-Oeste,CE-02,79.93,117.62,2,199.71
2026-01-12 02:00,Nordeste,NO-01,75.63,105.76,1,199.15
2026-01-12 02:00,Nordeste,NO-02,69.14,106.67,3,198.41
2026-01-12 02:00,Norte,NO-01,76.07,117.41,5,177.21
2026-01-12 02:00,Norte,NO-02,58.79,88.93,1,175.22
2026-01-12 02:00,Sudeste,SU-01,68.32,86.49,5,238.77
2026-01-12 02:00,Sudeste,SU-02,77.66,101.27,2,230.7
2026-01-12 02:00,Sul,SU-01,88.76,121.88,2,211.74
2026-01-12 02:00,Sul,SU-02,73.24,93.5,3,229.68
2026-01-12 03:00,Centro-Oeste,CE-01,61.93,90.91,2,176.08
2026-01-12 03:00,Centro-Oeste,CE-02,77.05,120.94,2,148.76
2026-01-12 03:00,Nordeste,NO-01,74.12,108.49,1,190.32
2026-01-12 03:00,Nordeste,NO-02,67.3,107.52,3,170.58
2026-01-12 03:00,Norte,NO-01,79.89,120.62,5,178.65
2026-01-12 03:00,Norte,NO-02,55.01,90.23,1,169.54
2026-01-12 03:00,Sudeste,SU-01,65.11,89.04,5,211.09
2026-01-12 03:00,Sudeste,SU-02,74.6,106.07,2,198.4
2026-01-12 03:00,Sul,SU-01,86.08,116.39,2,220.48
2026-01-12 03:00,Sul,SU-02,69.75,94.08,3,211.44
2026-01-12 04:00,Centro-Oeste,CE-01,58.61,90.19,2,188.63
2026-01-12 04:00,Centro-Oeste,CE-02,72.14,120.1,2,154.65
2026-01-12 04:00,Nordeste,NO-01,70.28,113.46,1,159.83
2026-01-12 04:00,Nordeste,NO-02,66.79,111.02,3,162.3
2026-01-12 04:00,Norte,NO-01,77.5,124.14,5,161.76
2026-01-12 04:00,Norte,NO-02,53.42,92.19,1,169.4
2026-01-12 04:00,Sudeste,SU-01,60.73,90.67,5,183.41
2026-01-12 04:00,Sudeste,SU-02,74.37,105.8,2,201.1
2026-01-12 04:00,Sul,SU-01,90.77,117.74,2,249.56
2026-01-12 04:00,Sul,SU-02,63.47,94.13,3,168.13
2026-01-12 05:00,Centro-Oeste,CE-01,57.26,92.91,2,155.28
2026-01-12 05:00,Centro-Oeste,CE-02,69.12,125.73,2,159.16
2026-01-12 05:00,Nordeste,NO-01,67.63,109.26,1,166.14
2026-01-12 05:00,Nordeste,NO-02,69.94,109.66,3,167.3
2026-01-12 05:00,Norte,NO-01,74.67,123.86,5,162.74
2026-01-12 05:00,Norte,NO-02,48.25,91.96,1,145.64
2026-01-12 05:00,Sudeste,SU-01,58.42,95.52,5,165.71
2026-01-12 05:00,Sudeste,SU-02,69.2,107.33,2,174.25
2026-01-12 05:00,Sul,SU-01,79.6,122.61,2,165.93
2026-01-12 05:00,Sul,SU-02,63.52,92.97,3,190.26
2026-01-12 06:00,Centro-Oeste,CE-01,56.28,93.15,2,126.78
2026-01-12 06:00,Centro-Oeste,CE-02,70.74,124.37,2,141.59
2026-01-12 06:00,Nordeste,NO-01,67.37,109.26,1,169.42
2026-01-12 06:00,Nordeste,NO-02,63.79,114.3,3,149.09
2026-01-12 06:00,Norte,NO-01,72.22,125.91,5,164.0
2026-01-12 06:00,Norte,NO-02,51.91,92.46,1,151.97
2026-01-12 06:00,Sudeste,SU-01,58.8,91.49,5,164.77
2026-01-12 06:00,Sudeste,SU-02,65.58,106.0,2,153.91
2026-01-12 06:00,Sul,SU-01,80.86,127.13,2,160.24
2026-01-12 06:00,Sul,SU-02,58.61,95.65,3,158.51
2026-01-12 07:00,Centro-Oeste,CE-01,58.0,91.81,2,170.57
2026-01-12 07:00,Centro-Oeste,CE-02,73.15,132.93,2,150.72
2026-01-12 07:00,Nordeste,NO-01,69.78,115.7,1,140.05
2026-01-12 07:00,Nordeste,NO-02,66.79,116.25,3,138.85
2026-01-12 07:00,Norte,NO-01,75.53,127.07,5,146.13
2026-01-12 07:00,Norte,NO-02,51.03,95.09,1,158.27
2026-01-12 07:00,Sudeste,SU-01,58.88,95.47,5,147.89
2026-01-12 07:00,Sudeste,SU-02,67.22,111.61,2,156.81
2026-01-12 07:00,Sul,SU-01,77.3,124.13,2,159.94
2026-01-12 07:00,Sul,SU-02,63.32,92.22,3,199.22
2026-01-12 08:00,Centro-Oeste,CE-01,57.66,95.85,2,157.03
2026-01-12 08:00,Centro-Oeste,CE-02,73.81,130.78,2,141.76
2026-01-12 08:00,Nordeste,NO-01,79.29,112.01,1,208.44
2026-01-12 08:00,Nordeste,NO-02,77.86,117.72,3,188.87
2026-01-12 08:00,Norte,NO-01,75.51,129.45,5,139.51
2026-01-12 08:00,Norte,NO-02,54.83,98.22,1,155.26
2026-01-12 08:00,Sudeste,SU-01,61.46,97.78,5,170.53
2026-01-12 08:00,Sudeste,SU-02,70.64,110.07,2,177.14
2026-01-12 08:00,Sul,SU-01,82.62,126.18,2,180.62
2026-01-12 08:00,Sul,SU-02,62.8,96.29,3,187.56
2026-01-12 09:00,Centro-Oeste,CE-01,60.47,94.49,2,171.1
2026-01-12 09:00,Centro-Oeste,CE-02,70.18,134.3,2,147.05
2026-01-12 09:00,Nordeste,NO-01,88.91,113.37,1,237.87
2026-01-12 09:00,Nordeste,NO-02,85.29,122.24,3,196.44
2026-01-12 09:00,Norte,NO-01,81.03,130.92,5,153.13
2026-01-12 09:00,Norte,NO-02,52.92,97.55,1,145.46
2026-01-12 09:00,Sudeste,SU-01,65.06,101.83,5,168.86
2026-01-12 09:00,Sudeste,SU-02,75.67,110.45,2,198.64
2026-01-12 09:00,Sul,SU-01,77.82,135.0,2,143.87
2026-01-12 09:00,Sul,SU-02,60.2,100.72,3,141.93
2026-01-12 10:00,Centro-Oeste,CE-01,60.35,96.14,2,172.43
2026-01-12 10:00,Centro-Oeste,CE-02,76.61,131.16,2,143.54
2026-01-12 10:00,Nordeste,NO-01,97.42,119.62,1,258.95
2026-01-12 10:00,Nordeste,NO-02,96.61,119.98,3,258.01
2026-01-12 10:00,Norte,NO-01,83.49,130.48,5,181.17
2026-01-12 10:00,Norte,NO-02,56.96,101.63,1,143.87
2026-01-12 10:00,Sudeste,SU-01,67.2,100.79,5,186.57
2026-01-12 10:00,Sudeste,SU-02,76.54,114.43,2,184.39
2026-01-12 10:00,Sul,SU-01,79.23,134.34,2,150.84
2026-01-12 10:00,Sul,SU-02,60.49,105.97,3,145.78
2026-01-12 11:00,Centro-Oeste,CE-01,65.98,100.51,2,202.05
2026-01-12 11:00,Centro-Oeste,CE-02,80.05,137.55,2,149.1
2026-01-12 11:00,Nordeste,NO-01,109.58,119.7,1,317.83
2026-01-12 11:00,Nordeste,NO-02,101.67,120.78,3,266.72
2026-01-12 11:00,Norte,NO-01,80.72,130.01,5,165.86
2026-01-12 11:00,Norte,NO-02,62.76,97.7,1,169.34
2026-01-12 11:00,Sudeste,SU-01,72.94,101.36,5,212.17
2026-01-12 11:00,Sudeste,SU-02,81.34,113.42,2,210.16
2026-01-12 11:00,Sul,SU-01,83.56,130.06,2,168.58
2026-01-12 11:00,Sul,SU-02,65.48,102.24,3,177.84
2026-01-12 12:00,Centro-Oeste,CE-01,66.45,100.24,2,184.19
2026-01-12 12:00,Centro-Oeste,CE-02,86.41,133.33,2,181.0
2026-01-12 12:00,Nordeste,NO-01,103.73,113.62,1,298.09
2026-01-12 12:00,Nordeste,NO-02,99.25,120.42,3,265.47
2026-01-12 12:00,Norte,NO-01,82.64,131.97,5,166.95
2026-01-12 12:00,Norte,NO-02,63.76,103.02,1,168.27
2026-01-12 12:00,Sudeste,SU-01,75.08,102.49,5,227.71
2026-01-12 12:00,Sudeste,SU-02,87.88,114.79,2,238.64
2026-01-12 12:00,Sul,SU-01,85.78,132.33,2,178.9
2026-01-12 12:00,Sul,SU-02,66.51,103.2,3,184.06
2026-01-12 13:00,Centro-Oeste,CE-01,75.1,98.47,2,234.3
2026-01-12 13:00,Centro-Oeste,CE-02,93.59,136.8,2,181.61
2026-01-12 13:00,Nordeste,NO-01,106.8,114.5,1,307.83
2026-01-12 13:00,Nordeste,NO-02,113.24,117.27,3,331.56
2026-01-12 13:00,Norte,NO-01,88.59,136.89,5,147.47
2026-01-12 13:00,Norte,NO-02,64.34,99.01,1,175.08
2026-01-12 13:00,Sudeste,SU-01,77.54,99.1,5,240.84
2026-01-12 13:00,Sudeste,SU-02,94.56,114.07,2,286.64
2026-01-12 13:00,Sul,SU-01,87.6,129.26,2,185.95
2026-01-12 13:00,Sul,SU-02,76.93,105.54,3,218.96
2026-01-12 14:00,Centro-Oeste,CE-01,81.68,98.02,2,276.34
2026-01-12 14:00,Centro-Oeste,CE-02,99.79,134.13,2,212.85
2026-01-12 14:00,Nordeste,NO-01,104.28,111.88,1,326.22
2026-01-12 14:00,Nordeste,NO-02,98.89,119.64,3,261.05
2026-01-12 14:00,Norte,NO-01,96.58,134.32,5,209.25
2026-01-12 14:00,Norte,NO-02,71.97,96.84,1,219.63
2026-01-12 14:00,Sudeste,SU-01,77.76,100.49,5,234.98
2026-01-12 14:00,Sudeste,SU-02,98.83,114.19,2,287.68
2026-01-12 14:00,Sul,SU-01,87.42,128.74,2,195.01
2026-01-12 14:00,Sul,SU-02,78.79,101.47,3,238.81
2026-01-12 15:00,Centro-Oeste,CE-01,78.07,98.26,2,245.25
2026-01-12 15:00,Centro-Oeste,CE-02,102.43,131.08,2,244.91
2026-01-12 15:00,Nordeste,NO-01,99.36,116.65,1,276.91
2026-01-12 15:00,Nordeste,NO-02,101.47,113.74,3,294.86
2026-01-12 15:00,Norte,NO-01,94.77,128.52,5,217.88
2026-01-12 15:00,Norte,NO-02,69.32,97.83,1,202.57
2026-01-12 15:00,Sudeste,SU-01,83.78,95.36,5,295.41
2026-01-12 15:00,Sudeste,SU-02,106.85,113.41,2,329.86
2026-01-12 15:00,Sul,SU-01,94.44,130.89,2,210.22
2026-01-12 15:00,Sul,SU-02,77.77,99.67,3,240.69
2026-01-12 16:00,Centro-Oeste,CE-01,85.33,96.36,2,286.93
2026-01-12 16:00,Centro-Oeste,CE-02,111.66,127.82,2,285.05
2026-01-12 16:00,Nordeste,NO-01,95.61,109.77,1,291.34
2026-01-12 16:00,Nordeste,NO-02,90.47,115.74,3,230.44
2026-01-12 16:00,Norte,NO-01,97.18,132.83,5,218.85
2026-01-12 16:00,Norte,NO-02,71.39,93.43,1,221.99
2026-01-12 16:00,Sudeste,SU-01,82.86,101.41,5,253.2
2026-01-12 16:00,Sudeste,SU-02,100.34,110.8,2,294.14
2026-01-12 16:00,Sul,SU-01,97.47,123.51,2,244.07
2026-01-12 16:00,Sul,SU-02,81.33,97.91,3,267.36
2026-01-12 17:00,Centro-Oeste,CE-01,90.96,96.86,2,317.51
2026-01-12 17:00,Centro-Oeste,CE-02,111.65,130.25,2,285.42
2026-01-12 17:00,Nordeste,NO-01,94.96,115.16,1,262.56
2026-01-12 17:00,Nordeste,NO-02,84.72,111.98,3,227.12
2026-01-12 17:00,Norte,NO-01,100.02,132.8,5,230.47
2026-01-12 17:00,Norte,NO-02,76.71,96.48,1,266.55
2026-01-12 17:00,Sudeste,SU-01,87.8,97.41,5,303.47
2026-01-12 17:00,Sudeste,SU-02,101.09,111.73,2,306.95
2026-01-12 17:00,Sul,SU-01,101.72,125.97,2,250.32
2026-01-12 17:00,Sul,SU-02,81.66,96.05,3,268.46
2026-01-12 18:00,Centro-Oeste,CE-01,98.81,94.74,2,365.76
2026-01-12 18:00,Centro-Oeste,CE-02,122.14,124.37,2,350.44
2026-01-12 18:00,Nordeste,NO-01,91.59,115.91,1,250.97
2026-01-12 18:00,Nordeste,NO-02,86.91,113.58,3,239.66
2026-01-12 18:00,Norte,NO-01,102.55,126.5,5,251.6
2026-01-12 18:00,Norte,NO-02,75.99,92.57,1,253.6
2026-01-12 18:00,Sudeste,SU-01,84.5,93.91,5,305.93
2026-01-12 18:00,Sudeste,SU-02,102.61,114.1,2,295.31
2026-01-12 18:00,Sul,SU-01,102.2,128.95,2,242.08
2026-01-12 18:00,Sul,SU-02,81.33,98.46,3,258.02
2026-01-12 19:00,Centro-Oeste,CE-01,97.57,89.46,2,388.61
2026-01-12 19:00,Centro-Oeste,CE-02,126.91,126.07,2,356.2
2026-01-12 19:00,Nordeste,NO-01,93.6,111.04,1,262.45
2026-01-12 19:00,Nordeste,NO-02,84.67,105.64,3,233.77
2026-01-12 19:00,Norte,NO-01,108.54,125.39,5,282.92
2026-01-12 19:00,Norte,NO-02,77.22,90.44,1,285.77
2026-01-12 19:00,Sudeste,SU-01,86.76,91.63,5,319.3
2026-01-12 19:00,Sudeste,SU-02,100.22,109.09,2,303.02
2026-01-12 19:00,Sul,SU-01,107.22,123.68,2,279.45
2026-01-12 19:00,Sul,SU-02,86.47,95.27,3,309.72
2026-01-12 20:00,Centro-Oeste,CE-01,101.12,89.63,2,409.36
2026-01-12 20:00,Centro-Oeste,CE-02,123.36,123.17,2,350.66
2026-01-12 20:00,Nordeste,NO-01,93.48,105.62,1,298.34
2026-01-12 20:00,Nordeste,NO-02,84.12,113.86,3,211.07
2026-01-12 20:00,Norte,NO-01,100.33,127.28,5,243.71
2026-01-12 20:00,Norte,NO-02,70.75,86.27,1,260.18
2026-01-12 20:00,Sudeste,SU-01,88.55,93.97,5,335.29
2026-01-12 20:00,Sudeste,SU-02,98.2,102.25,2,337.74
2026-01-12 20:00,Sul,SU-01,108.16,120.38,2,293.75
2026-01-12 20:00,Sul,SU-02,85.54,95.24,3,306.58
2026-01-12 21:00,Centro-Oeste,CE-01,98.68,90.2,2,405.4
2026-01-12 21:00,Centro-Oeste,CE-02,118.71,120.63,2,341.11
2026-01-12 21:00,Nordeste,NO-01,91.5,104.7,1,280.34
2026-01-12 21:00,Nordeste,NO-02,82.41,109.64,3,225.8
2026-01-12 21:00,Norte,NO-01,91.95,117.56,5,238.28
2026-01-12 21:00,Norte,NO-02,69.17,88.86,1,241.71
2026-01-12 21:00,Sudeste,SU-01,83.39,90.42,5,314.94
2026-01-12 21:00,Sudeste,SU-02,100.14,103.65,2,325.03
2026-01-12 21:00,Sul,SU-01,103.18,117.74,2,307.11
2026-01-12 21:00,Sul,SU-02,81.33,89.43,3,300.37
2026-01-12 22:00,Centro-Oeste,CE-01,95.38,87.19,2,397.89
2026-01-12 22:00,Centro-Oeste,CE-02,115.17,124.9,2,309.78
2026-01-12 22:00,Nordeste,NO-01,91.58,105.24,1,275.17
2026-01-12 22:00,Nordeste,NO-02,84.46,104.68,3,259.4
2026-01-12 22:00,Norte,NO-01,93.3,118.55,5,229.25
2026-01-12 22:00,Norte,NO-02,69.9,85.03,1,262.56
2026-01-12 22:00,Sudeste,SU-01,81.93,84.54,5,329.46
2026-01-12 22:00,Sudeste,SU-02,94.57,101.36,2,328.32
2026-01-12 22:00,Sul,SU-01,99.51,116.06,2,278.71
2026-01-12 22:00,Sul,SU-02,84.19,88.89,3,329.12
2026-01-12 23:00,Centro-Oeste,CE-01,89.55,93.13,2,329.89
2026-01-12 23:00,Centro-Oeste,CE-02,109.33,117.19,2,311.41
2026-01-12 23:00,Nordeste,NO-01,87.0,103.2,1,276.65
2026-01-12 23:00,Nordeste,NO-02,80.81,107.19,3,236.23
2026-01-12 23:00,Norte,NO-01,91.53,121.24,5,225.09
2026-01-12 23:00,Norte,NO-02,68.08,87.0,1,246.67
2026-01-12 23:00,Sudeste,SU-01,75.86,88.82,5,277.32
2026-01-12 23:00,Sudeste,SU-02,87.48,106.11,2,270.17
2026-01-12 23:00,Sul,SU-01,100.09,116.47,2,269.73
2026-01-12 23:00,Sul,SU-02,81.26,98.53,3,280.1
2026-01-13 00:00,Centro-Oeste,CE-01,84.72,85.37,2,354.26
2026-01-13 00:00,Centro-Oeste,CE-02,110.73,120.45,2,304.58
2026-01-13 00:00,Nordeste,NO-01,81.87,106.59,1,241.5
2026-01-13 00:00,Nordeste,NO-02,79.03,104.12,3,226.4
2026-01-13 00:00,Norte,NO-01,87.24,116.94,5,219.98
2026-01-13 00:00,Norte,NO-02,65.49,88.13,1,226.25
2026-01-13 00:00,Sudeste,SU-01,72.78,90.16,5,267.67
2026-01-13 00:00,Sudeste,SU-02,82.58,103.31,2,250.47
2026-01-13 00:00,Sul,SU-01,100.13,118.26,2,262.43
2026-01-13 00:00,Sul,SU-02,75.47,93.7,3,249.64
2026-01-13 01:00,Centro-Oeste,CE-01,82.01,85.11,2,329.28
2026-01-13 01:00,Centro-Oeste,CE-02,104.38,119.64,2,294.98
2026-01-13 01:00,Nordeste,NO-01,78.71,105.9,1,214.8
2026-01-13 01:00,Nordeste,NO-02,70.75,106.78,3,183.49
2026-01-13 01:00,Norte,NO-01,87.6,116.04,5,222.24
2026-01-13 01:00,Norte,NO-02,59.77,87.94,1,176.07
2026-01-13 01:00,Sudeste,SU-01,69.27,88.26,5,242.09
2026-01-13 01:00,Sudeste,SU-02,88.83,103.27,2,277.88
2026-01-13 01:00,Sul,SU-01,94.67,117.58,2,245.43
2026-01-13 01:00,Sul,SU-02,75.89,90.58,3,271.74
2026-01-13 02:00,Centro-Oeste,CE-01,77.01,89.85,2,278.47
2026-01-13 02:00,Centro-Oeste,CE-02,91.32,123.52,2,216.22
2026-01-13 02:00,Nordeste,NO-01,71.38,107.51,1,179.39
2026-01-13 02:00,Nordeste,NO-02,74.47,107.77,3,200.53
2026-01-13 02:00,Norte,NO-01,82.38,119.31,5,178.39
2026-01-13 02:00,Norte,NO-02,54.16,87.62,1,149.21
2026-01-13 02:00,Sudeste,SU-01,68.43,88.42,5,234.28
2026-01-13 02:00,Sudeste,SU-02,80.74,101.08,2,235.24
2026-01-13 02:00,Sul,SU-01,90.47,118.48,2,227.53
2026-01-13 02:00,Sul,SU-02,69.23,94.03,3,218.18
2026-01-13 03:00,Centro-Oeste,CE-01,67.78,92.8,2,219.68
2026-01-13 03:00,Centro-Oeste,CE-02,89.65,119.62,2,221.46
2026-01-13 03:00,Nordeste,NO-01,71.16,109.49,1,188.69
2026-01-13 03:00,Nordeste,NO-02,70.35,110.17,3,160.83
2026-01-13 03:00,Norte,NO-01,72.0,120.44,5,139.7
2026-01-13 03:00,Norte,NO-02,56.18,90.29,1,163.05
2026-01-13 03:00,Sudeste,SU-01,63.9,90.52,5,226.66
2026-01-13 03:00,Sudeste,SU-02,74.06,101.98,2,228.89
2026-01-13 03:00,Sul,SU-01,85.79,118.67,2,214.62
2026-01-13 03:00,Sul,SU-02,68.11,92.7,3,215.85
2026-01-13 04:00,Centro-Oeste,CE-01,64.96,89.98,2,221.56
2026-01-13 04:00,Centro-Oeste,CE-02,82.6,122.12,2,187.75
2026-01-13 04:00,Nordeste,NO-01,68.97,111.28,1,165.71
2026-01-13 04:00,Nordeste,NO-02,67.21,107.67,3,166.29
2026-01-13 04:00,Norte,NO-01,73.65,124.18,5,165.66
2026-01-13 04:00,Norte,NO-02,50.72,88.6,1,131.61
2026-01-13 04:00,Sudeste,SU-01,63.49,92.37,5,195.99
2026-01-13 04:00,Sudeste,SU-02,69.78,103.55,2,190.84
2026-01-13 04:00,Sul,SU-01,86.11,119.03,2,202.75
2026-01-13 04:00,Sul,SU-02,68.17,96.16,3,212.61
2026-01-13 05:00,Centro-Oeste,CE-01,61.49,91.5,2,185.53
2026-01-13 05:00,Centro-Oeste,CE-02,76.54,124.99,2,151.56
2026-01-13 05:00,Nordeste,NO-01,67.08,108.78,1,160.8
2026-01-13 05:00,Nordeste,NO-02,68.91,112.25,3,162.47
2026-01-13 05:00,Norte,NO-01,71.81,121.51,5,135.01
2026-01-13 05:00,Norte,NO-02,52.82,89.9,1,150.32
2026-01-13 05:00,Sudeste,SU-01,59.99,93.57,5,174.42
2026-01-13 05:00,Sudeste,SU-02,66.95,105.91,2,178.68
2026-01-13 05:00,Sul,SU-01,81.52,124.01,2,168.65
2026-01-13 05:00,Sul,SU-02,65.05,93.02,3,205.46
2026-01-13 06:00,Centro-Oeste,CE-01,54.85,92.68,2,146.43
2026-01-13 06:00,Centro-Oeste,CE-02,68.92,123.9,2,159.11
2026-01-13 06:00,Nordeste,NO-01,67.14,109.91,1,154.1
2026-01-13 06:00,Nordeste,NO-02,65.67,110.3,3,148.57
2026-01-13 06:00,Norte,NO-01,76.88,123.87,5,153.68
2026-01-13 06:00,Norte,NO-02,52.59,89.16,1,159.54
2026-01-13 06:00,Sudeste,SU-01,59.39,93.03,5,172.41
2026-01-13 06:00,Sudeste,SU-02,70.4,109.91,2,172.57
2026-01-13 06:00,Sul,SU-01,78.83,123.35,2,161.67
2026-01-13 06:00,Sul,SU-02,61.41,97.51,3,174.76
2026-01-13 07:00,Centro-Oeste,CE-01,53.15,94.72,2,151.0
2026-01-13 07:00,Centro-Oeste,CE-02,65.76,132.25,2,160.53
2026-01-13 07:00,Nordeste,NO-01,66.27,115.09,1,160.09
2026-01-13 07:00,Nordeste,NO-02,63.56,115.12,3,154.81
2026-01-13 07:00,Norte,NO-01,75.28,128.73,5,142.59
2026-01-13 07:00,Norte,NO-02,50.89,95.06,1,156.71
2026-01-13 07:00,Sudeste,SU-01,58.75,95.32,5,149.74
2026-01-13 07:00,Sudeste,SU-02,71.43,109.0,2,158.22
2026-01-13 07:00,Sul,SU-01,82.59,129.05,2,168.92
2026-01-13 07:00,Sul,SU-02,60.42,95.38,3,178.2
2026-01-13 08:00,Centro-Oeste,CE-01,51.45,93.5,2,151.25
2026-01-13 08:00,Centro-Oeste,CE-02,63.39,127.76,2,142.33
2026-01-13 08:00,Nordeste,NO-01,67.08,115.06,1,154.12
2026-01-13 08:00,Nordeste,NO-02,62.77,115.21,3,158.02
2026-01-13 08:00,Norte,NO-01,75.19,126.97,5,145.43
2026-01-13 08:00,Norte,NO-02,52.94,95.88,1,145.75
2026-01-13 08:00,Sudeste,SU-01,62.79,94.72,5,178.5
2026-01-13 08:00,Sudeste,SU-02,72.6,112.39,2,170.41
2026-01-13 08:00,Sul,SU-01,76.47,127.76,2,145.16
2026-01-13 08:00,Sul,SU-02,63.79,100.38,3,178.95
2026-01-13 09:00,Centro-Oeste,CE-01,50.95,98.09,2,151.51
2026-01-13 09:00,Centro-Oeste,CE-02,62.1,133.47,2,155.93
2026-01-13 09:00,Nordeste,NO-01,69.48,117.33,1,149.43
2026-01-13 09:00,Nordeste,NO-02,64.91,121.15,3,146.56
2026-01-13 09:00,Norte,NO-01,79.9,133.18,5,155.0
2026-01-13 09:00,Norte,NO-02,57.89,97.2,1,161.56
2026-01-13 09:00,Sudeste,SU-01,63.79,97.18,5,178.65
2026-01-13 09:00,Sudeste,SU-02,74.9,112.82,2,189.05
2026-01-13 09:00,Sul,SU-01,76.9,128.05,2,145.6
2026-01-13 09:00,Sul,SU-02,65.85,98.55,3,184.78
2026-01-13 10:00,Centro-Oeste,CE-01,54.75,94.16,2,149.63
2026-01-13 10:00,Centro-Oeste,CE-02,62.31,133.41,2,154.01
2026-01-13 10:00,Nordeste,NO-01,71.16,118.1,1,146.45
2026-01-13 10:00,Nordeste,NO-02,69.55,116.1,3,140.74
2026-01-13 10:00,Norte,NO-01,80.55,132.87,5,156.03
2026-01-13 10:00,Norte,NO-02,57.12,99.05,1,146.47
2026-01-13 10:00,Sudeste,SU-01,65.03,99.58,5,184.65
2026-01-13 10:00,Sudeste,SU-02,77.6,115.52,2,202.92
2026-01-13 10:00,Sul,SU-01,79.73,132.65,2,143.62
2026-01-13 10:00,Sul,SU-02,62.48,101.24,3,167.84
2026-01-13 11:00,Centro-Oeste,CE-01,57.34,97.44,2,147.9
2026-01-13 11:00,Centro-Oeste,CE-02,66.11,132.38,2,153.31
2026-01-13 11:00,Nordeste,NO-01,74.35,115.48,1,166.99
2026-01-13 11:00,Nordeste,NO-02,67.33,119.59,3,135.4
2026-01-13 11:00,Norte,NO-01,86.48,135.49,5,160.82
2026-01-13 11:00,Norte,NO-02,61.49,98.39,1,169.26
2026-01-13 11:00,Sudeste,SU-01,67.32,104.96,5,166.23
2026-01-13 11:00,Sudeste,SU-02,82.88,111.83,2,217.01
2026-01-13 11:00,Sul,SU-01,78.94,134.3,2,153.12
2026-01-13 11:00,Sul,SU-02,65.73,105.98,3,164.98
2026-01-13 12:00,Centro-Oeste,CE-01,59.4,97.75,2,140.71
2026-01-13 12:00,Centro-Oeste,CE-02,71.59,132.63,2,164.6
2026-01-13 12:00,Nordeste,NO-01,72.71,116.14,1,161.63
2026-01-13 12:00,Nordeste,NO-02,72.44,119.19,3,138.05
2026-01-13 12:00,Norte,NO-01,86.66,142.2,5,154.22
2026-01-13 12:00,Norte,NO-02,65.15,97.67,1,177.28
2026-01-13 12:00,Sudeste,SU-01,73.88,101.18,5,223.15
2026-01-13 12:00,Sudeste,SU-02,89.92,112.67,2,245.09
2026-01-13 12:00,Sul,SU-01,80.28,134.94,2,138.41
2026-01-13 12:00,Sul,SU-02,64.53,102.28,3,162.96
2026-01-13 13:00,Centro-Oeste,CE-01,65.98,96.34,2,192.85
2026-01-13 13:00,Centro-Oeste,CE-02,72.6,133.76,2,159.37
2026-01-13 13:00,Nordeste,NO-01,78.85,119.6,1,188.75
2026-01-13 13:00,Nordeste,NO-02,78.13,120.26,3,167.09
2026-01-13 13:00,Norte,NO-01,96.21,133.13,5,199.11
2026-01-13 13:00,Norte,NO-02,65.91,97.84,1,200.7
2026-01-13 13:00,Sudeste,SU-01,78.42,101.86,5,235.75
2026-01-13 13:00,Sudeste,SU-02,89.63,110.1,2,259.06
2026-01-13 13:00,Sul,SU-01,84.48,130.22,2,167.08
2026-01-13 13:00,Sul,SU-02,71.21,103.17,3,194.07
2026-01-13 14:00,Centro-Oeste,CE-01,64.85,100.34,2,170.84
2026-01-13 14:00,Centro-Oeste,CE-02,79.91,132.89,2,159.57
2026-01-13 14:00,Nordeste,NO-01,80.83,116.74,1,204.94
2026-01-13 14:00,Nordeste,NO-02,77.65,120.32,3,160.88
2026-01-13 14:00,Norte,NO-01,92.07,134.4,5,179.89
2026-01-13 14:00,Norte,NO-02,67.98,99.03,1,184.16
2026-01-13 14:00,Sudeste,SU-01,83.83,97.63,5,286.05
2026-01-13 14:00,Sudeste,SU-02,91.94,110.23,2,244.14
2026-01-13 14:00,Sul,SU-01,86.57,129.63,2,201.39
2026-01-13 14:00,Sul,SU-02,70.69,101.55,3,207.97
2026-01-13 15:00,Centro-Oeste,CE-01,65.18,96.48,2,190.28
2026-01-13 15:00,Centro-Oeste,CE-02,80.92,129.56,2,162.2
2026-01-13 15:00,Nordeste,NO-01,83.49,113.17,1,217.42
2026-01-13 15:00,Nordeste,NO-02,77.93,118.47,3,179.33
2026-01-13 15:00,Norte,NO-01,100.34,124.71,5,253.45
2026-01-13 15:00,Norte,NO-02,72.95,100.51,1,207.38
2026-01-13 15:00,Sudeste,SU-01,81.73,98.06,5,268.01
2026-01-13 15:00,Sudeste,SU-02,99.32,110.7,2,294.58
2026-01-13 15:00,Sul,SU-01,92.24,126.51,2,205.96
2026-01-13 15:00,Sul,SU-02,81.06,105.04,3,236.1
2026-01-13 16:00,Centro-Oeste,CE-01,73.79,98.39,2,217.44
2026-01-13 16:00,Centro-Oeste,CE-02,87.29,133.42,2,179.37
2026-01-13 16:00,Nordeste,NO-01,91.76,112.64,1,255.94
2026-01-13 16:00,Nordeste,NO-02,81.05,117.04,3,181.71
2026-01-13 16:00,Norte,NO-01,102.13,128.78,5,260.85
2026-01-13 16:00,Norte,NO-02,71.33,96.1,1,222.82
2026-01-13 16:00,Sudeste,SU-01,85.27,96.28,5,283.12
2026-01-13 16:00,Sudeste,SU-02,98.41,114.53,2,287.93
2026-01-13 16:00,Sul,SU-01,94.96,126.15,2,233.08
2026-01-13 16:00,Sul,SU-02,75.74,99.85,3,240.73
2026-01-13 17:00,Centro-Oeste,CE-01,79.81,95.91,2,250.83
2026-01-13 17:00,Centro-Oeste,CE-02,93.86,126.1,2,225.1
2026-01-13 17:00,Nordeste,NO-01,86.05,110.5,1,236.13
2026-01-13 17:00,Nordeste,NO-02,84.04,115.78,3,198.31
2026-01-13 17:00,Norte,NO-01,109.89,128.11,5,280.71
2026-01-13 17:00,Norte,NO-02,73.35,90.4,1,245.1
2026-01-13 17:00,Sudeste,SU-01,87.62,94.27,5,315.96
2026-01-13 17:00,Sudeste,SU-02,106.13,111.11,2,328.8
2026-01-13 17:00,Sul,SU-01,103.69,126.78,2,259.89
2026-01-13 17:00,Sul,SU-02,81.86,96.45,3,278.65
2026-01-13 18:00,Centro-Oeste,CE-01,78.69,93.38,2,268.47
2026-01-13 18:00,Centro-Oeste,CE-02,98.16,129.75,2,235.56
2026-01-13 18:00,Nordeste,NO-01,86.22,108.78,1,242.81
2026-01-13 18:00,Nordeste,NO-02,83.09,110.88,3,235.23
2026-01-13 18:00,Norte,NO-01,104.44,128.96,5,262.66
2026-01-13 18:00,Norte,NO-02,73.04,95.34,1,230.22
2026-01-13 18:00,Sudeste,SU-01,88.14,94.95,5,313.34
2026-01-13 18:00,Sudeste,SU-02,99.22,110.04,2,295.07
2026-01-13 18:00,Sul,SU-01,105.26,123.02,2,276.88
2026-01-13 18:00,Sul,SU-02,84.3,96.53,3,287.06
2026-01-13 19:00,Centro-Oeste,CE-01,81.21,95.19,2,277.88
2026-01-13 19:00,Centro-Oeste,CE-02,99.94,130.33,2,237.73
2026-01-13 19:00,Nordeste,NO-01,91.35,108.17,1,285.46
2026-01-13 19:00,Nordeste,NO-02,85.02,113.76,3,234.14
2026-01-13 19:00,Norte,NO-01,103.05,123.33,5,252.83
2026-01-13 19:00,Norte,NO-02,75.92,93.82,1,261.59
2026-01-13 19:00,Sudeste,SU-01,85.65,90.16,5,317.4
2026-01-13 19:00,Sudeste,SU-02,100.87,106.66,2,316.64
2026-01-13 19:00,Sul,SU-01,103.82,126.22,2,262.32
2026-01-13 19:00,Sul,SU-02,86.67,96.77,3,299.42
2026-01-13 20:00,Centro-Oeste,CE-01,78.56,88.08,2,297.82
2026-01-13 20:00,Centro-Oeste,CE-02,96.05,118.39,2,266.2
2026-01-13 20:00,Nordeste,NO-01,91.58,109.26,1,274.85
2026-01-13 20:00,Nordeste,NO-02,85.24,105.87,3,247.6
2026-01-13 20:00,Norte,NO-01,105.99,124.14,5,287.02
2026-01-13 20:00,Norte,NO-02,72.3,89.53,1,259.73
2026-01-13 20:00,Sudeste,SU-01,86.24,90.56,5,319.21
2026-01-13 20:00,Sudeste,SU-02,98.02,102.65,2,338.42
2026-01-13 20:00,Sul,SU-01,101.48,122.01,2,255.54
2026-01-13 20:00,Sul,SU-02,84.57,93.54,3,310.74
2026-01-13 21:00,Centro-Oeste,CE-01,80.57,89.85,2,302.79
2026-01-13 21:00,Centro-Oeste,CE-02,97.04,121.06,2,249.23
2026-01-13 21:00,Nordeste,NO-01,94.26,106.48,1,275.83
2026-01-13 21:00,Nordeste,NO-02,83.74,107.93,3,238.9
2026-01-13 21:00,Norte,NO-01,99.81,118.46,5,269.73
2026-01-13 21:00,Norte,NO-02,70.98,88.09,1,259.65
2026-01-13 21:00,Sudeste,SU-01,83.88,88.58,5,321.57
2026-01-13 21:00,Sudeste,SU-02,104.24,103.36,2,348.43
2026-01-13 21:00,Sul,SU-01,106.01,118.71,2,304.65
2026-01-13 21:00,Sul,SU-02,85.86,92.58,3,317.42
2026-01-13 22:00,Centro-Oeste,CE-01,75.48,87.73,2,294.61
2026-01-13 22:00,Centro-Oeste,CE-02,93.6,120.06,2,242.99
2026-01-13 22:00,Nordeste,NO-01,84.86,102.23,1,266.38
2026-01-13 22:00,Nordeste,NO-02,77.22,108.33,3,221.49
2026-01-13 22:00,Norte,NO-01,103.89,117.31,5,300.89
2026-01-13 22:00,Norte,NO-02,67.99,86.22,1,245.79
2026-01-13 22:00,Sudeste,SU-01,83.45,88.9,5,322.69
2026-01-13 22:00,Sudeste,SU-02,96.5,102.4,2,335.02
2026-01-13 22:00,Sul,SU-01,105.87,121.26,2,283.0
2026-01-13 22:00,Sul,SU-02,79.94,91.0,3,298.6
2026-01-13 23:00,Centro-Oeste,CE-01,76.87,86.42,2,294.69
2026-01-13 23:00,Centro-Oeste,CE-02,96.92,117.54,2,253.1
2026-01-13 23:00,Nordeste,NO-01,89.23,101.26,1,291.51
2026-01-13 23:00,Nordeste,NO-02,81.5,108.07,3,224.7
2026-01-13 23:00,Norte,NO-01,95.01,115.48,5,267.14
2026-01-13 23:00,Norte,NO-02,65.96,86.8,1,231.66
2026-01-13 23:00,Sudeste,SU-01,74.2,88.85,5,268.88
2026-01-13 23:00,Sudeste,SU-02,92.73,102.91,2,297.13
2026-01-13 23:00,Sul,SU-01,102.15,116.53,2,288.97
2026-01-13 23:00,Sul,SU-02,78.59,94.61,3,266.2
2026-01-14 00:00,Centro-Oeste,CE-01,75.64,87.24,2,288.41
2026-01-14 00:00,Centro-Oeste,CE-02,87.85,120.46,2,215.27
2026-01-14 00:00,Nordeste,NO-01,83.73,103.71,1,264.64
2026-01-14 00:00,Nordeste,NO-02,74.48,108.69,3,189.04
2026-01-14 00:00,Norte,NO-01,90.34,119.86,5,225.24
2026-01-14 00:00,Norte,NO-02,64.12,84.78,1,231.81
2026-01-14 00:00,Sudeste,SU-01,77.09,89.01,5,269.03
2026-01-14 00:00,Sudeste,SU-02,92.08,101.08,2,299.95
2026-01-14 00:00,Sul,SU-01,106.48,105.35,2,362.15
2026-01-14 00:00,Sul,SU-02,82.33,80.75,3,363.08
2026-01-14 01:00,Centro-Oeste,CE-01,67.46,84.56,2,241.9
2026-01-14 01:00,Centro-Oeste,CE-02,87.45,114.92,2,234.59
2026-01-14 01:00,Nordeste,NO-01,78.57,106.45,1,224.88
2026-01-14 01:00,Nordeste,NO-02,74.27,107.8,3,196.91
2026-01-14 01:00,Norte,NO-01,87.6,120.11,5,199.44
2026-01-14 01:00,Norte,NO-02,57.76,88.69,1,189.33
2026-01-14 01:00,Sudeste,SU-01,66.78,89.05,5,236.17
2026-01-14 01:00,Sudeste,SU-02,79.32,98.95,2,252.57
2026-01-14 01:00,Sul,SU-01,95.15,105.99,2,296.97
2026-01-14 01:00,Sul,SU-02,74.64,82.39,3,307.9
2026-01-14 02:00,Centro-Oeste,CE-01,66.72,87.54,2,238.05
2026-01-14 02:00,Centro-Oeste,CE-02,80.79,119.85,2,185.13
2026-01-14 02:00,Nordeste,NO-01,73.32,100.42,1,218.95
2026-01-14 02:00,Nordeste,NO-02,73.33,104.62,3,211.62
2026-01-14 02:00,Norte,NO-01,81.78,115.83,5,209.78
2026-01-14 02:00,Norte,NO-02,57.17,89.5,1,177.1
2026-01-14 02:00,Sudeste,SU-01,65.95,87.59,5,225.94
2026-01-14 02:00,Sudeste,SU-02,73.57,99.7,2,215.85
2026-01-14 02:00,Sul,SU-01,89.23,104.92,2,263.95
2026-01-14 02:00,Sul,SU-02,74.22,82.08,3,310.67
2026-01-14 03:00,Centro-Oeste,CE-01,61.12,89.62,2,194.15
2026-01-14 03:00,Centro-Oeste,CE-02,77.22,123.68,2,172.68
2026-01-14 03:00,Nordeste,NO-01,70.06,106.6,1,172.6
2026-01-14 03:00,Nordeste,NO-02,67.77,109.52,3,153.18
2026-01-14 03:00,Norte,NO-01,78.9,119.7,5,173.76
2026-01-14 03:00,Norte,NO-02,55.51,92.03,1,148.23
2026-01-14 03:00,Sudeste,SU-01,65.85,91.29,5,207.7
2026-01-14 03:00,Sudeste,SU-02,72.31,105.81,2,192.95
2026-01-14 03:00,Sul,SU-01,85.0,104.88,2,251.51
2026-01-14 03:00,Sul,SU-02,72.8,81.79,3,284.93
2026-01-14 04:00,Centro-Oeste,CE-01,57.13,90.66,2,182.04
2026-01-14 04:00,Centro-Oeste,CE-02,70.56,122.75,2,143.25
2026-01-14 04:00,Nordeste,NO-01,71.43,106.94,1,181.64
2026-01-14 04:00,Nordeste,NO-02,66.41,108.09,3,166.21
2026-01-14 04:00,Norte,NO-01,70.31,122.03,5,161.69
2026-01-14 04:00,Norte,NO-02,52.51,88.93,1,133.85
2026-01-14 04:00,Sudeste,SU-01,63.19,90.73,5,205.72
2026-01-14 04:00,Sudeste,SU-02,69.07,106.21,2,174.19
2026-01-14 04:00,Sul,SU-01,80.94,126.65,2,170.29
2026-01-14 04:00,Sul,SU-02,67.75,93.77,3,216.76
2026-01-14 05:00,Centro-Oeste,CE-01,55.19,93.32,2,157.51
2026-01-14 05:00,Centro-Oeste,CE-02,66.82,121.67,2,162.6
2026-01-14 05:00,Nordeste,NO-01,67.9,109.96,1,156.09
2026-01-14 05:00,Nordeste,NO-02,66.23,116.05,3,128.31
2026-01-14 05:00,Norte,NO-01,76.52,126.08,5,158.33
2026-01-14 05:00,Norte,NO-02,53.57,93.5,1,149.95
2026-01-14 05:00,Sudeste,SU-01,58.83,91.63,5,165.68
2026-01-14 05:00,Sudeste,SU-02,70.16,98.96,2,201.67
2026-01-14 05:00,Sul,SU-01,82.76,125.68,2,192.35
2026-01-14 05:00,Sul,SU-02,65.34,96.66,3,176.35
2026-01-14 06:00,Centro-Oeste,CE-01,53.79,96.72,2,161.47
2026-01-14 06:00,Centro-Oeste,CE-02,65.31,125.77,2,162.77
2026-01-14 06:00,Nordeste,NO-01,68.66,108.1,1,160.82
2026-01-14 06:00,Nordeste,NO-02,61.09,117.27,3,158.41
2026-01-14 06:00,Norte,NO-01,74.31,125.13,5,141.77
2026-01-14 06:00,Norte,NO-02,50.32,92.13,1,152.78
2026-01-14 06:00,Sudeste,SU-01,58.96,95.69,5,146.68
2026-01-14 06:00,Sudeste,SU-02,68.3,110.46,2,160.72
2026-01-14 06:00,Sul,SU-01,76.08,126.4,2,142.25
2026-01-14 06:00,Sul,SU-02,63.64,95.35,3,190.55
2026-01-14 07:00,Centro-Oeste,CE-01,50.03,94.68,2,144.32
2026-01-14 07:00,Centro-Oeste,CE-02,61.29,125.22,2,162.1
2026-01-14 07:00,Nordeste,NO-01,66.49,111.54,1,141.09
2026-01-14 07:00,Nordeste,NO-02,63.15,111.97,3,156.15
2026-01-14 07:00,Norte,NO-01,73.33,134.01,5,133.89
2026-01-14 07:00,Norte,NO-02,54.03,97.53,1,157.56
2026-01-14 07:00,Sudeste,SU-01,60.72,95.87,5,159.09
2026-01-14 07:00,Sudeste,SU-02,68.8,104.23,2,178.11
2026-01-14 07:00,Sul,SU-01,80.36,126.07,2,181.69
2026-01-14 07:00,Sul,SU-02,60.92,98.02,3,160.53
2026-01-14 08:00,Centro-Oeste,CE-01,49.93,96.98,2,154.8
2026-01-14 08:00,Centro-Oeste,CE-02,62.56,135.77,2,143.2
2026-01-14 08:00,Nordeste,NO-01,66.0,112.95,1,155.66
2026-01-14 08:00,Nordeste,NO-02,66.67,118.3,3,142.26
2026-01-14 08:00,Norte,NO-01,74.57,132.71,5,157.93
2026-01-14 08:00,Norte,NO-02,51.42,97.6,1,151.11
2026-01-14 08:00,Sudeste,SU-01,62.63,97.16,5,174.05
2026-01-14 08:00,Sudeste,SU-02,73.39,111.05,2,183.53
2026-01-14 08:00,Sul,SU-01,77.31,128.86,2,149.46
2026-01-14 08:00,Sul,SU-02,61.95,98.23,3,169.18
2026-01-14 09:00,Centro-Oeste,CE-01,52.14,97.08,2,146.43
2026-01-14 09:00,Centro-Oeste,CE-02,63.03,133.67,2,147.81
2026-01-14 09:00,Nordeste,NO-01,70.32,115.38,1,150.02
2026-01-14 09:00,Nordeste,NO-02,62.75,119.93,3,142.08
2026-01-14 09:00,Norte,NO-01,75.9,132.36,5,163.18
2026-01-14 09:00,Norte,NO-02,53.93,102.42,1,142.39
2026-01-14 09:00,Sudeste,SU-01,62.13,98.84,5,156.21
2026-01-14 09:00,Sudeste,SU-02,74.39,115.1,2,179.2
2026-01-14 09:00,Sul,SU-01,75.27,132.65,2,133.37
2026-01-14 09:00,Sul,SU-02,57.03,103.06,3,136.55
2026-01-14 10:00,Centro-Oeste,CE-01,52.58,100.32,2,155.04
2026-01-14 10:00,Centro-Oeste,CE-02,64.07,130.11,2,145.94
2026-01-14 10:00,Nordeste,NO-01,70.85,113.83,1,164.22
2026-01-14 10:00,Nordeste,NO-02,66.12,120.25,3,157.35
2026-01-14 10:00,Norte,NO-01,79.49,135.11,5,173.98
2026-01-14 10:00,Norte,NO-02,56.76,98.18,1,142.29
2026-01-14 10:00,Sudeste,SU-01,69.76,97.31,5,211.68
2026-01-14 10:00,Sudeste,SU-02,75.17,111.65,2,182.11
2026-01-14 10:00,Sul,SU-01,78.37,134.74,2,148.53
2026-01-14 10:00,Sul,SU-02,62.8,100.88,3,160.77
2026-01-14 11:00,Centro-Oeste,CE-01,57.49,97.76,2,156.99
2026-01-14 11:00,Centro-Oeste,CE-02,68.18,134.59,2,158.02
2026-01-14 11:00,Nordeste,NO-01,72.99,112.68,1,169.46
2026-01-14 11:00,Nordeste,NO-02,68.68,118.62,3,143.07
2026-01-14 11:00,Norte,NO-01,85.15,130.22,5,161.71
2026-01-14 11:00,Norte,NO-02,58.02,99.31,1,163.6
2026-01-14 11:00,Sudeste,SU-01,72.18,99.55,5,213.0
2026-01-14 11:00,Sudeste,SU-02,81.86,118.07,2,186.45
2026-01-14 11:00,Sul,SU-01,80.89,136.76,2,142.1
2026-01-14 11:00,Sul,SU-02,65.64,101.25,3,171.37
2026-01-14 12:00,Centro-Oeste,CE-01,56.41,98.18,2,156.89
2026-01-14 12:00,Centro-Oeste,CE-02,72.92,140.01,2,157.64
2026-01-14 12:00,Nordeste,NO-01,80.39,119.08,1,181.63
2026-01-14 12:00,Nordeste,NO-02,73.92,125.67,3,145.52
2026-01-14 12:00,Norte,NO-01,90.87,133.25,5,182.62
2026-01-14 12:00,Norte,NO-02,62.7,100.28,1,172.21
2026-01-14 12:00,Sudeste,SU-01,68.7,103.3,5,181.59
2026-01-14 12:00,Sudeste,SU-02,87.36,116.49,2,233.47
2026-01-14 12:00,Sul,SU-01,88.54,136.38,2,169.26
2026-01-14 12:00,Sul,SU-02,67.67,103.59,3,179.45
2026-01-14 13:00,Centro-Oeste,CE-01,60.43,100.63,2,154.47
2026-01-14 13:00,Centro-Oeste,CE-02,78.2,136.95,2,144.4
2026-01-14 13:00,Nordeste,NO-01,76.93,114.75,1,187.8
2026-01-14 13:00,Nordeste,NO-02,77.65,124.36,3,152.34
2026-01-14 13:00,Norte,NO-01,92.12,133.68,5,179.18
2026-01-14 13:00,Norte,NO-02,67.28,98.78,1,178.27
2026-01-14 13:00,Sudeste,SU-01,76.69,101.56,5,226.59
2026-01-14 13:00,Sudeste,SU-02,93.65,110.64,2,262.6
2026-01-14 13:00,Sul,SU-01,86.78,133.3,2,170.51
2026-01-14 13:00,Sul,SU-02,72.21,106.04,3,177.99
2026-01-14 14:00,Centro-Oeste,CE-01,63.56,98.53,2,161.79
2026-01-14 14:00,Centro-Oeste,CE-02,81.85,133.74,2,161.6
2026-01-14 14:00,Nordeste,NO-01,83.0,116.81,1,203.28
2026-01-14 14:00,Nordeste,NO-02,79.46,119.71,3,171.92
2026-01-14 14:00,Norte,NO-01,96.97,134.63,5,207.91
2026-01-14 14:00,Norte,NO-02,67.98,99.58,1,196.01
2026-01-14 14:00,Sudeste,SU-01,79.82,101.99,5,234.52
2026-01-14 14:00,Sudeste,SU-02,97.66,112.12,2,272.67
2026-01-14 14:00,Sul,SU-01,95.64,132.26,2,221.39
2026-01-14 14:00,Sul,SU-02,71.37,100.97,3,205.67
2026-01-14 15:00,Centro-Oeste,CE-01,72.55,98.08,2,220.65
2026-01-14 15:00,Centro-Oeste,CE-02,85.94,129.37,2,175.8
2026-01-14 15:00,Nordeste,NO-01,86.4,117.08,1,220.94
2026-01-14 15:00,Nordeste,NO-02,82.05,118.5,3,202.91
2026-01-14 15:00,Norte,NO-01,96.94,132.56,5,219.5
2026-01-14 15:00,Norte,NO-02,71.32,97.19,1,222.38
2026-01-14 15:00,Sudeste,SU-01,88.1,97.7,5,288.75
2026-01-14 15:00,Sudeste,SU-02,97.26,112.23,2,265.76
2026-01-14 15:00,Sul,SU-01,95.78,131.44,2,211.84
2026-01-14 15:00,Sul,SU-02,79.44,102.42,3,248.38
2026-01-14 16:00,Centro-Oeste,CE-01,73.64,97.02,2,226.66
2026-01-14 16:00,Centro-Oeste,CE-02,91.03,128.44,2,216.02
2026-01-14 16:00,Nordeste,NO-01,85.07,113.13,1,230.14
2026-01-14 16:00,Nordeste,NO-02,79.15,118.02,3,182.36
2026-01-14 16:00,Norte,NO-01,98.56,128.59,5,242.8
2026-01-14 16:00,Norte,NO-02,74.77,96.56,1,246.65
2026-01-14 16:00,Sudeste,SU-01,84.91,98.52,5,273.67
2026-01-14 16:00,Sudeste,SU-02,103.34,110.35,2,314.68
2026-01-14 16:00,Sul,SU-01,99.25,129.82,2,244.96
2026-01-14 16:00,Sul,SU-02,76.16,100.15,3,242.81
2026-01-14 17:00,Centro-Oeste,CE-01,73.62,91.55,2,243.52
2026-01-14 17:00,Centro-Oeste,CE-02,89.15,124.95,2,211.31
2026-01-14 17:00,Nordeste,NO-01,93.96,115.23,1,254.52
2026-01-14 17:00,Nordeste,NO-02,88.32,117.39,3,230.55
2026-01-14 17:00,Norte,NO-01,103.03,126.93,5,252.98
2026-01-14 17:00,Norte,NO-02,73.93,96.54,1,233.0
2026-01-14 17:00,Sudeste,SU-01,88.99,96.47,5,317.7
2026-01-14 17:00,Sudeste,SU-02,102.15,111.04,2,317.31
2026-01-14 17:00,Sul,SU-01,101.29,124.3,2,253.17
2026-01-14 17:00,Sul,SU-02,83.04,99.38,3,263.19
2026-01-14 18:00,Centro-Oeste,CE-01,79.34,95.11,2,280.44
2026-01-14 18:00,Centro-Oeste,CE-02,92.31,125.41,2,211.29
2026-01-14 18:00,Nordeste,NO-01,88.31,114.68,1,242.91
2026-01-14 18:00,Nordeste,NO-02,88.18,114.48,3,221.9
2026-01-14 18:00,Norte,NO-01,102.34,127.13,5,250.38
2026-01-14 18:00,Norte,NO-02,75.23,93.9,1,249.56
2026-01-14 18:00,Sudeste,SU-01,86.41,92.74,5,321.38
2026-01-14 18:00,Sudeste,SU-02,99.81,106.7,2,326.51
2026-01-14 18:00,Sul,SU-01,101.38,125.7,2,229.1
2026-01-14 18:00,Sul,SU-02,85.15,96.05,3,304.65
2026-01-14 19:00,Centro-Oeste,CE-01,74.65,92.41,2,259.2
2026-01-14 19:00,Centro-Oeste,CE-02,95.38,123.64,2,235.53
2026-01-14 19:00,Nordeste,NO-01,90.16,112.91,1,258.9
2026-01-14 19:00,Nordeste,NO-02,90.74,110.68,3,256.02
2026-01-14 19:00,Norte,NO-01,101.67,124.65,5,265.26
2026-01-14 19:00,Norte,NO-02,72.95,92.35,1,233.1
2026-01-14 19:00,Sudeste,SU-01,88.01,92.23,5,321.45
2026-01-14 19:00,Sudeste,SU-02,103.32,107.16,2,323.04
2026-01-14 19:00,Sul,SU-01,106.91,123.77,2,277.78
2026-01-14 19:00,Sul,SU-02,80.26,96.34,3,261.8
2026-01-14 20:00,Centro-Oeste,CE-01,84.24,88.64,2,336.73
2026-01-14 20:00,Centro-Oeste,CE-02,91.93,121.6,2,222.71
2026-01-14 20:00,Nordeste,NO-01,89.78,107.41,1,271.02
2026-01-14 20:00,Nordeste,NO-02,86.51,111.35,3,236.57
2026-01-14 20:00,Norte,NO-01,99.67,122.72,5,252.1
2026-01-14 20:00,Norte,NO-02,70.95,88.69,1,249.01
2026-01-14 20:00,Sudeste,SU-01,78.2,93.62,5,269.99
2026-01-14 20:00,Sudeste,SU-02,99.16,109.02,2,302.63
2026-01-14 20:00,Sul,SU-01,103.95,119.82,2,263.64
2026-01-14 20:00,Sul,SU-02,84.21,95.08,3,294.66
2026-01-14 21:00,Centro-Oeste,CE-01,74.54,89.05,2,265.81
2026-01-14 21:00,Centro-Oeste,CE-02,100.81,121.79,2,256.9
2026-01-14 21:00,Nordeste,NO-01,89.55,104.91,1,293.17
2026-01-14 21:00,Nordeste,NO-02,83.02,105.47,3,234.64
2026-01-14 21:00,Norte,NO-01,98.75,123.56,5,241.17
2026-01-14 21:00,Norte,NO-02,69.4,89.01,1,240.68
2026-01-14 21:00,Sudeste,SU-01,88.13,88.26,5,344.07
2026-01-14 21:00,Sudeste,SU-02,102.03,99.47,2,371.57
2026-01-14 21:00,Sul,SU-01,100.08,115.12,2,289.23
2026-01-14 21:00,Sul,SU-02,84.92,91.07,3,328.78
2026-01-14 22:00,Centro-Oeste,CE-01,75.91,87.24,2,277.12
2026-01-14 22:00,Centro-Oeste,CE-02,95.13,114.37,2,269.58
2026-01-14 22:00,Nordeste,NO-01,85.68,103.33,1,254.41
2026-01-14 22:00,Nordeste,NO-02,82.57,109.72,3,230.4
2026-01-14 22:00,Norte,NO-01,95.68,119.34,5,245.26
2026-01-14 22:00,Norte,NO-02,70.7,88.47,1,234.17
2026-01-14 22:00,Sudeste,SU-01,81.3,91.38,5,296.25
2026-01-14 22:00,Sudeste,SU-02,98.11,104.17,2,332.69
2026-01-14 22:00,Sul,SU-01,102.74,122.44,2,259.73
2026-01-14 22:00,Sul,SU-02,81.43,89.35,3,302.73
2026-01-14 23:00,Centro-Oeste,CE-01,78.79,86.05,2,318.85
2026-01-14 23:00,Centro-Oeste,CE-02,90.0,123.81,2,203.01
2026-01-14 23:00,Nordeste,NO-01,84.79,102.57,1,259.15
2026-01-14 23:00,Nordeste,NO-02,79.19,107.78,3,217.07
2026-01-14 23:00,Norte,NO-01,96.66,115.95,5,255.27
2026-01-14 23:00,Norte,NO-02,62.44,88.19,1,201.8
2026-01-14 23:00,Sudeste,SU-01,81.72,90.13,5,301.1
2026-01-14 23:00,Sudeste,SU-02,94.19,102.91,2,296.61
2026-01-14 23:00,Sul,SU-01,100.71,118.1,2,283.04
2026-01-14 23:00,Sul,SU-02,81.31,90.81,3,293.52
2026-01-15 00:00,Centro-Oeste,CE-01,72.15,87.02,2,273.12
2026-01-15 00:00,Centro-Oeste,CE-02,85.81,119.31,2,209.23
2026-01-15 00:00,Nordeste,NO-01,82.66,102.04,1,257.19
2026-01-15 00:00,Nordeste,NO-02,73.84,106.31,3,205.09
2026-01-15 00:00,Norte,NO-01,90.61,117.13,5,229.62
2026-01-15 00:00,Norte,NO-02,64.64,86.74,1,218.59
2026-01-15 00:00,Sudeste,SU-01,74.48,86.29,5,276.73
2026-01-15 00:00,Sudeste,SU-02,85.25,100.42,2,262.42
2026-01-15 00:00,Sul,SU-01,98.27,113.98,2,280.52
2026-01-15 00:00,Sul,SU-02,81.11,90.75,3,292.26
2026-01-15 01:00,Centro-Oeste,CE-01,64.59,88.11,2,213.18
2026-01-15 01:00,Centro-Oeste,CE-02,79.86,119.88,2,188.5
2026-01-15 01:00,Nordeste,NO-01,76.42,103.05,1,217.16
2026-01-15 01:00,Nordeste,NO-02,75.54,105.64,3,199.52
2026-01-15 01:00,Norte,NO-01,84.83,119.73,5,207.41
2026-01-15 01:00,Norte,NO-02,60.66,89.58,1,193.35
2026-01-15 01:00,Sudeste,SU-01,70.98,92.38,5,235.63
2026-01-15 01:00,Sudeste,SU-02,83.51,101.31,2,263.99
2026-01-15 01:00,Sul,SU-01,91.28,114.9,2,252.08
2026-01-15 01:00,Sul,SU-02,71.56,92.24,3,241.81
2026-01-15 02:00,Centro-Oeste,CE-01,64.33,87.86,2,218.64
2026-01-15 02:00,Centro-Oeste,CE-02,81.76,120.73,2,182.82
2026-01-15 02:00,Nordeste,NO-01,75.49,109.53,1,205.8
2026-01-15 02:00,Nordeste,NO-02,72.78,106.47,3,196.66
2026-01-15 02:00,Norte,NO-01,80.91,120.61,5,173.32
2026-01-15 02:00,Norte,NO-02,54.19,87.41,1,157.27
2026-01-15 02:00,Sudeste,SU-01,67.67,88.9,5,233.58
2026-01-15 02:00,Sudeste,SU-02,75.58,102.93,2,216.18
2026-01-15 02:00,Sul,SU-01,92.08,122.85,2,235.9
2026-01-15 02:00,Sul,SU-02,71.91,91.63,3,248.42
2026-01-15 03:00,Centro-Oeste,CE-01,61.66,91.75,2,185.79
2026-01-15 03:00,Centro-Oeste,CE-02,76.52,122.45,2,141.68
2026-01-15 03:00,Nordeste,NO-01,67.23,110.76,1,156.93
2026-01-15 03:00,Nordeste,NO-02,67.35,109.4,3,150.35
2026-01-15 03:00,Norte,NO-01,76.82,117.19,5,173.05
2026-01-15 03:00,Norte,NO-02,54.19,86.46,1,154.98
2026-01-15 03:00,Sudeste,SU-01,60.8,91.74,5,161.1
2026-01-15 03:00,Sudeste,SU-02,76.75,101.76,2,228.77
2026-01-15 03:00,Sul,SU-01,90.26,121.26,2,220.35
2026-01-15 03:00,Sul,SU-02,69.94,95.28,3,215.15
2026-01-15 04:00,Centro-Oeste,CE-01,54.33,90.38,2,158.69
2026-01-15 04:00,Centro-Oeste,CE-02,71.18,119.48,2,142.11
2026-01-15 04:00,Nordeste,NO-01,73.14,105.24,1,211.41
2026-01-15 04:00,Nordeste,NO-02,69.21,110.2,3,169.06
2026-01-15 04:00,Norte,NO-01,75.42,123.96,5,139.09
2026-01-15 04:00,Norte,NO-02,53.37,92.02,1,148.95
2026-01-15 04:00,Sudeste,SU-01,61.59,92.17,5,189.82
2026-01-15 04:00,Sudeste,SU-02,67.34,105.82,2,168.18
2026-01-15 04:00,Sul,SU-01,85.55,122.81,2,195.22
2026-01-15 04:00,Sul,SU-02,66.94,92.73,3,197.75
2026-01-15 05:00,Centro-Oeste,CE-01,53.06,93.36,2,152.18
2026-01-15 05:00,Centro-Oeste,CE-02,66.21,125.9,2,155.6
2026-01-15 05:00,Nordeste,NO-01,76.1,108.93,1,186.68
2026-01-15 05:00,Nordeste,NO-02,76.55,111.62,3,197.91
2026-01-15 05:00,Norte,NO-01,71.74,123.91,5,150.35
2026-01-15 05:00,Norte,NO-02,56.42,93.41,1,161.05
2026-01-15 05:00,Sudeste,SU-01,61.56,93.75,5,181.32
2026-01-15 05:00,Sudeste,SU-02,71.27,105.91,2,174.8
2026-01-15 05:00,Sul,SU-01,82.38,122.95,2,183.76
2026-01-15 05:00,Sul,SU-02,64.8,95.01,3,190.08
2026-01-15 06:00,Centro-Oeste,CE-01,54.42,92.63,2,151.04
2026-01-15 06:00,Centro-Oeste,CE-02,67.49,127.53,2,148.36
2026-01-15 06:00,Nordeste,NO-01,77.94,106.3,1,209.07
2026-01-15 06:00,Nordeste,NO-02,76.22,109.1,3,200.8
2026-01-15 06:00,Norte,NO-01,74.95,126.35,5,147.48
2026-01-15 06:00,Norte,NO-02,50.24,95.55,1,144.38
2026-01-15 06:00,Sudeste,SU-01,58.23,98.57,5,138.47
2026-01-15 06:00,Sudeste,SU-02,68.43,107.95,2,150.75
2026-01-15 06:00,Sul,SU-01,83.06,126.95,2,192.23
2026-01-15 06:00,Sul,SU-02,62.26,98.21,3,172.21
2026-01-15 07:00,Centro-Oeste,CE-01,52.89,95.05,2,149.08
2026-01-15 07:00,Centro-Oeste,CE-02,64.94,127.42,2,138.25
2026-01-15 07:00,Nordeste,NO-01,82.32,112.92,1,224.48
2026-01-15 07:00,Nordeste,NO-02,81.46,114.08,3,199.96
2026-01-15 07:00,Norte,NO-01,73.01,128.64,5,161.93
2026-01-15 07:00,Norte,NO-02,52.23,96.19,1,142.34
2026-01-15 07:00,Sudeste,SU-01,62.49,95.69,5,181.69
2026-01-15 07:00,Sudeste,SU-02,66.73,107.1,2,167.66
2026-01-15 07:00,Sul,SU-01,75.06,121.05,2,153.18
2026-01-15 07:00,Sul,SU-02,61.9,100.61,3,166.41
2026-01-15 08:00,Centro-Oeste,CE-01,50.5,95.23,2,139.4
2026-01-15 08:00,Centro-Oeste,CE-02,62.0,132.44,2,148.68
2026-01-15 08:00,Nordeste,NO-01,88.64,115.9,1,232.14
2026-01-15 08:00,Nordeste,NO-02,79.61,115.72,3,184.24
2026-01-15 08:00,Norte,NO-01,77.25,129.64,5,142.22
2026-01-15 08:00,Norte,NO-02,54.46,96.24,1,153.45
2026-01-15 08:00,Sudeste,SU-01,60.91,98.33,5,162.29
2026-01-15 08:00,Sudeste,SU-02,76.26,110.97,2,198.71
2026-01-15 08:00,Sul,SU-01,77.76,132.72,2,151.21
2026-01-15 08:00,Sul,SU-02,62.75,99.65,3,154.79
2026-01-15 09:00,Centro-Oeste,CE-01,50.6,96.16,2,132.34
2026-01-15 09:00,Centro-Oeste,CE-02,62.16,134.1,2,173.39
2026-01-15 09:00,Nordeste,NO-01,89.59,116.03,1,228.8
2026-01-15 09:00,Nordeste,NO-02,76.14,118.4,3,165.69
2026-01-15 09:00,Norte,NO-01,76.02,133.66,5,151.04
2026-01-15 09:00,Norte,NO-02,56.39,98.62,1,159.83
2026-01-15 09:00,Sudeste,SU-01,60.39,95.47,5,162.07
2026-01-15 09:00,Sudeste,SU-02,74.69,113.93,2,187.7
2026-01-15 09:00,Sul,SU-01,76.59,134.67,2,147.75
2026-01-15 09:00,Sul,SU-02,64.33,105.23,3,152.79
2026-01-15 10:00,Centro-Oeste,CE-01,53.96,98.26,2,141.17
2026-01-15 10:00,Centro-Oeste,CE-02,65.64,131.76,2,150.94
2026-01-15 10:00,Nordeste,NO-01,87.08,87.55,1,361.74
2026-01-15 10:00,Nordeste,NO-02,80.48,92.98,3,284.81
2026-01-15 10:00,Norte,NO-01,82.13,134.1,5,157.74
2026-01-15 10:00,Norte,NO-02,56.1,96.95,1,149.46
2026-01-15 10:00,Sudeste,SU-01,64.98,98.81,5,179.42
2026-01-15 10:00,Sudeste,SU-02,74.05,112.66,2,172.06
2026-01-15 10:00,Sul,SU-01,79.1,133.64,2,150.7
2026-01-15 10:00,Sul,SU-02,64.29,101.07,3,156.55
2026-01-15 11:00,Centro-Oeste,CE-01,57.43,98.81,2,145.45
2026-01-15 11:00,Centro-Oeste,CE-02,64.92,136.15,2,171.0
2026-01-15 11:00,Nordeste,NO-01,87.69,88.1,1,354.98
2026-01-15 11:00,Nordeste,NO-02,77.75,91.58,3,273.72
2026-01-15 11:00,Norte,NO-01,80.93,134.36,5,151.96
2026-01-15 11:00,Norte,NO-02,62.67,96.41,1,184.67
2026-01-15 11:00,Sudeste,SU-01,68.62,98.79,5,196.53
2026-01-15 11:00,Sudeste,SU-02,84.28,113.12,2,227.34
2026-01-15 11:00,Sul,SU-01,79.68,132.5,2,155.88
2026-01-15 11:00,Sul,SU-02,66.36,106.84,3,150.92
2026-01-15 12:00,Centro-Oeste,CE-01,59.2,101.94,2,153.04
2026-01-15 12:00,Centro-Oeste,CE-02,71.62,132.46,2,135.91
2026-01-15 12:00,Nordeste,NO-01,82.33,90.13,1,315.18
2026-01-15 12:00,Nordeste,NO-02,71.83,91.73,3,246.07
2026-01-15 12:00,Norte,NO-01,88.61,132.48,5,181.84
2026-01-15 12:00,Norte,NO-02,64.97,96.62,1,192.54
2026-01-15 12:00,Sudeste,SU-01,73.91,100.06,5,215.79
2026-01-15 12:00,Sudeste,SU-02,88.69,113.36,2,238.71
2026-01-15 12:00,Sul,SU-01,83.63,133.87,2,161.91
2026-01-15 12:00,Sul,SU-02,66.43,101.59,3,182.54
2026-01-15 13:00,Centro-Oeste,CE-01,64.11,98.81,2,182.73
2026-01-15 13:00,Centro-Oeste,CE-02,76.24,139.53,2,140.74
2026-01-15 13:00,Nordeste,NO-01,78.89,87.16,1,308.99
2026-01-15 13:00,Nordeste,NO-02,73.56,92.13,3,246.22
2026-01-15 13:00,Norte,NO-01,94.89,133.99,5,204.71
2026-01-15 13:00,Norte,NO-02,65.26,99.8,1,170.37
2026-01-15 13:00,Sudeste,SU-01,72.28,106.1,5,197.51
2026-01-15 13:00,Sudeste,SU-02,89.73,114.68,2,252.03
2026-01-15 13:00,Sul,SU-01,92.38,129.81,2,205.78
2026-01-15 13:00,Sul,SU-02,65.61,103.25,3,175.82
2026-01-15 14:00,Centro-Oeste,CE-01,66.79,96.25,2,191.44
2026-01-15 14:00,Centro-Oeste,CE-02,78.53,134.44,2,145.28
2026-01-15 14:00,Nordeste,NO-01,82.99,86.07,1,332.32
2026-01-15 14:00,Nordeste,NO-02,79.45,90.47,3,294.77
2026-01-15 14:00,Norte,NO-01,98.54,134.58,5,226.54
2026-01-15 14:00,Norte,NO-02,70.36,96.1,1,214.6
2026-01-15 14:00,Sudeste,SU-01,79.73,98.12,5,264.62
2026-01-15 14:00,Sudeste,SU-02,98.63,115.58,2,258.36
2026-01-15 14:00,Sul,SU-01,90.04,128.33,2,209.62
2026-01-15 14:00,Sul,SU-02,70.94,103.16,3,195.4
2026-01-15 15:00,Centro-Oeste,CE-01,70.03,96.53,2,209.24
2026-01-15 15:00,Centro-Oeste,CE-02,84.21,131.04,2,169.01
2026-01-15 15:00,Nordeste,NO-01,84.2,90.8,1,291.78
2026-01-15 15:00,Nordeste,NO-02,80.61,87.18,3,324.17
2026-01-15 15:00,Norte,NO-01,98.19,131.62,5,235.06
2026-01-15 15:00,Norte,NO-02,72.56,98.56,1,210.91
2026-01-15 15:00,Sudeste,SU-01,85.59,97.42,5,296.13
2026-01-15 15:00,Sudeste,SU-02,93.69,109.59,2,270.24
2026-01-15 15:00,Sul,SU-01,94.0,129.94,2,198.41
2026-01-15 15:00,Sul,SU-02,74.49,103.24,3,233.94
2026-01-15 16:00,Centro-Oeste,CE-01,74.48,95.41,2,238.41
2026-01-15 16:00,Centro-Oeste,CE-02,85.25,126.6,2,187.89
2026-01-15 16:00,Nordeste,NO-01,91.95,86.8,1,387.84
2026-01-15 16:00,Nordeste,NO-02,77.78,86.13,3,303.38
2026-01-15 16:00,Norte,NO-01,101.87,132.86,5,224.85
2026-01-15 16:00,Norte,NO-02,74.3,98.07,1,230.57
2026-01-15 16:00,Sudeste,SU-01,84.48,99.1,5,268.87
2026-01-15 16:00,Sudeste,SU-02,103.02,111.51,2,333.39
2026-01-15 16:00,Sul,SU-01,100.66,127.31,2,239.24
2026-01-15 16:00,Sul,SU-02,79.83,98.73,3,260.53
2026-01-15 17:00,Centro-Oeste,CE-01,77.32,90.59,2,288.99
2026-01-15 17:00,Centro-Oeste,CE-02,93.57,131.43,2,227.58
2026-01-15 17:00,Nordeste,NO-01,91.14,83.55,1,407.63
2026-01-15 17:00,Nordeste,NO-02,83.97,84.0,3,353.85
2026-01-15 17:00,Norte,NO-01,110.82,125.31,5,303.75
2026-01-15 17:00,Norte,NO-02,74.37,94.51,1,257.27
2026-01-15 17:00,Sudeste,SU-01,87.89,95.47,5,297.08
2026-01-15 17:00,Sudeste,SU-02,102.05,108.79,2,318.03
2026-01-15 17:00,Sul,SU-01,101.85,125.69,2,260.65
2026-01-15 17:00,Sul,SU-02,81.25,99.48,3,263.84
2026-01-15 18:00,Centro-Oeste,CE-01,80.78,95.17,2,260.33
2026-01-15 18:00,Centro-Oeste,CE-02,97.83,126.32,2,241.98
2026-01-15 18:00,Nordeste,NO-01,89.15,86.69,1,357.71
2026-01-15 18:00,Nordeste,NO-02,86.64,80.75,3,392.51
2026-01-15 18:00,Norte,NO-01,100.7,122.31,5,248.96
2026-01-15 18:00,Norte,NO-02,75.3,96.86,1,245.71
2026-01-15 18:00,Sudeste,SU-01,87.08,97.2,5,296.31
2026-01-15 18:00,Sudeste,SU-02,95.5,108.46,2,293.75
2026-01-15 18:00,Sul,SU-01,108.01,125.92,2,293.63
2026-01-15 18:00,Sul,SU-02,82.79,95.67,3,293.24
2026-01-15 19:00,Centro-Oeste,CE-01,73.96,89.31,2,257.54
2026-01-15 19:00,Centro-Oeste,CE-02,95.85,125.08,2,232.94
2026-01-15 19:00,Nordeste,NO-01,85.21,108.9,1,230.22
2026-01-15 19:00,Nordeste,NO-02,87.35,110.93,3,247.23
2026-01-15 19:00,Norte,NO-01,100.08,120.97,5,270.42
2026-01-15 19:00,Norte,NO-02,74.26,94.66,1,242.59
2026-01-15 19:00,Sudeste,SU-01,89.22,95.78,5,346.63
2026-01-15 19:00,Sudeste,SU-02,105.98,107.54,2,339.63
2026-01-15 19:00,Sul,SU-01,97.88,121.14,2,259.65
2026-01-15 19:00,Sul,SU-02,80.37,97.85,3,248.03
2026-01-15 20:00,Centro-Oeste,CE-01,77.18,91.69,2,267.73
2026-01-15 20:00,Centro-Oeste,CE-02,95.12,125.78,2,237.32
2026-01-15 20:00,Nordeste,NO-01,91.85,109.21,1,259.92
2026-01-15 20:00,Nordeste,NO-02,87.99,108.74,3,249.03
2026-01-15 20:00,Norte,NO-01,99.68,120.17,5,255.63
2026-01-15 20:00,Norte,NO-02,69.79,88.3,1,252.15
2026-01-15 20:00,Sudeste,SU-01,90.3,90.06,5,355.5
2026-01-15 20:00,Sudeste,SU-02,104.16,106.22,2,333.41
2026-01-15 20:00,Sul,SU-01,101.57,123.55,2,252.21
2026-01-15 20:00,Sul,SU-02,82.16,93.77,3,294.05
2026-01-15 21:00,Centro-Oeste,CE-01,81.29,84.26,2,334.26
2026-01-15 21:00,Centro-Oeste,CE-02,97.81,116.64,2,267.15
2026-01-15 21:00,Nordeste,NO-01,93.17,105.92,1,283.58
2026-01-15 21:00,Nordeste,NO-02,85.83,112.12,3,235.23
2026-01-15 21:00,Norte,NO-01,98.45,116.49,5,283.15
2026-01-15 21:00,Norte,NO-02,66.62,87.73,1,233.26
2026-01-15 21:00,Sudeste,SU-01,84.24,91.0,5,312.05
2026-01-15 21:00,Sudeste,SU-02,96.67,98.2,2,338.69
2026-01-15 21:00,Sul,SU-01,101.81,115.67,2,283.75
2026-01-15 21:00,Sul,SU-02,79.33,92.94,3,283.03
2026-01-15 22:00,Centro-Oeste,CE-01,81.27,91.08,2,297.75
2026-01-15 22:00,Centro-Oeste,CE-02,96.24,118.88,2,252.72
2026-01-15 22:00,Nordeste,NO-01,90.26,108.13,1,268.49
2026-01-15 22:00,Nordeste,NO-02,84.97,105.01,3,243.66
2026-01-15 22:00,Norte,NO-01,94.2,117.17,5,260.99
2026-01-15 22:00,Norte,NO-02,66.73,87.06,1,236.17
2026-01-15 22:00,Sudeste,SU-01,79.09,91.43,5,279.24
2026-01-15 22:00,Sudeste,SU-02,94.43,105.85,2,296.17
2026-01-15 22:00,Sul,SU-01,101.9,117.92,2,280.2
2026-01-15 22:00,Sul,SU-02,86.06,91.9,3,317.65
2026-01-15 23:00,Centro-Oeste,CE-01,73.18,88.46,2,260.3
2026-01-15 23:00,Centro-Oeste,CE-02,91.56,121.86,2,236.28
2026-01-15 23:00,Nordeste,NO-01,82.08,107.44,1,236.72
2026-01-15 23:00,Nordeste,NO-02,82.08,104.48,3,246.02
2026-01-15 23:00,Norte,NO-01,93.98,119.57,5,247.95
2026-01-15 23:00,Norte,NO-02,67.85,84.82,1,260.54
2026-01-15 23:00,Sudeste,SU-01,79.97,93.41,5,285.76
2026-01-15 23:00,Sudeste,SU-02,90.1,100.52,2,297.49
2026-01-15 23:00,Sul,SU-01,100.13,116.17,2,271.56
2026-01-15 23:00,Sul,SU-02,83.35,94.35,3,296.42
2026-01-16 00:00,Centro-Oeste,CE-01,75.13,86.24,2,283.1
2026-01-16 00:00,Centro-Oeste,CE-02,87.87,120.04,2,215.24
2026-01-16 00:00,Nordeste,NO-01,79.74,103.23,1,236.59
2026-01-16 00:00,Nordeste,NO-02,79.12,105.97,3,231.93
2026-01-16 00:00,Norte,NO-01,85.74,119.78,5,207.88
2026-01-16 00:00,Norte,NO-02,65.66,89.13,1,213.48
2026-01-16 00:00,Sudeste,SU-01,75.5,87.88,5,286.58
2026-01-16 00:00,Sudeste,SU-02,79.16,99.18,2,250.33
2026-01-16 00:00,Sul,SU-01,94.86,118.3,2,243.32
2026-01-16 00:00,Sul,SU-02,80.9,91.49,3,293.11
2026-01-16 01:00,Centro-Oeste,CE-01,64.66,86.29,2,219.56
2026-01-16 01:00,Centro-Oeste,CE-02,85.14,119.12,2,205.24
2026-01-16 01:00,Nordeste,NO-01,82.08,102.0,1,255.44
2026-01-16 01:00,Nordeste,NO-02,72.82,105.65,3,196.91
2026-01-16 01:00,Norte,NO-01,86.76,115.97,5,222.37
2026-01-16 01:00,Norte,NO-02,56.27,85.21,1,174.97
2026-01-16 01:00,Sudeste,SU-01,72.59,90.36,5,250.5
2026-01-16 01:00,Sudeste,SU-02,84.68,102.71,2,264.13
2026-01-16 01:00,Sul,SU-01,97.0,117.77,2,264.01
2026-01-16 01:00,Sul,SU-02,78.79,93.18,3,271.68
2026-01-16 02:00,Centro-Oeste,CE-01,61.1,84.88,2,218.16
2026-01-16 02:00,Centro-Oeste,CE-02,78.76,124.25,2,161.35
2026-01-16 02:00,Nordeste,NO-01,80.63,109.16,1,213.56
2026-01-16 02:00,Nordeste,NO-02,74.07,103.98,3,201.32
2026-01-16 02:00,Norte,NO-01,80.02,120.2,5,174.68
2026-01-16 02:00,Norte,NO-02,59.93,91.07,1,189.41
2026-01-16 02:00,Sudeste,SU-01,63.4,93.48,5,180.57
2026-01-16 02:00,Sudeste,SU-02,76.33,99.79,2,216.69
2026-01-16 02:00,Sul,SU-01,92.97,119.5,2,236.54
2026-01-16 02:00,Sul,SU-02,76.02,87.86,3,276.11
2026-01-16 03:00,Centro-Oeste,CE-01,59.86,86.77,2,186.98
2026-01-16 03:00,Centro-Oeste,CE-02,75.08,123.22,2,138.43
2026-01-16 03:00,Nordeste,NO-01,76.08,105.24,1,215.44
2026-01-16 03:00,Nordeste,NO-02,70.79,103.03,3,195.05
2026-01-16 03:00,Norte,NO-01,80.12,117.69,5,187.65
2026-01-16 03:00,Norte,NO-02,55.84,90.33,1,162.85
2026-01-16 03:00,Sudeste,SU-01,62.16,91.24,5,191.75
2026-01-16 03:00,Sudeste,SU-02,74.48,103.54,2,209.76
2026-01-16 03:00,Sul,SU-01,88.75,120.11,2,216.8
2026-01-16 03:00,Sul,SU-02,68.32,90.21,3,230.94
2026-01-16 04:00,Centro-Oeste,CE-01,56.0,88.26,2,166.88
2026-01-16 04:00,Centro-Oeste,CE-02,72.79,125.34,2,153.26
2026-01-16 04:00,Nordeste,NO-01,72.29,109.14,1,191.57
2026-01-16 04:00,Nordeste,NO-02,64.35,106.36,3,155.96
2026-01-16 04:00,Norte,NO-01,77.21,118.94,5,173.79
2026-01-16 04:00,Norte,NO-02,52.74,88.77,1,147.8
2026-01-16 04:00,Sudeste,SU-01,64.67,92.37,5,192.24
2026-01-16 04:00,Sudeste,SU-02,70.42,104.02,2,186.2
2026-01-16 04:00,Sul,SU-01,81.31,121.31,2,192.29
2026-01-16 04:00,Sul,SU-02,65.01,96.39,3,184.71
2026-01-16 05:00,Centro-Oeste,CE-01,53.27,89.62,2,159.03
2026-01-16 05:00,Centro-Oeste,CE-02,69.76,127.18,2,157.48
2026-01-16 05:00,Nordeste,NO-01,70.64,111.06,1,167.74
2026-01-16 05:00,Nordeste,NO-02,65.79,111.26,3,148.67
2026-01-16 05:00,Norte,NO-01,73.13,122.76,5,161.32
2026-01-16 05:00,Norte,NO-02,51.21,93.24,1,154.18
2026-01-16 05:00,Sudeste,SU-01,57.45,94.07,5,159.93
2026-01-16 05:00,Sudeste,SU-02,69.43,105.68,2,171.48
2026-01-16 05:00,Sul,SU-01,76.76,124.47,2,168.71
2026-01-16 05:00,Sul,SU-02,67.56,91.37,3,223.7
2026-01-16 06:00,Centro-Oeste,CE-01,52.81,93.62,2,141.71
2026-01-16 06:00,Centro-Oeste,CE-02,62.44,127.54,2,149.46
2026-01-16 06:00,Nordeste,NO-01,65.43,110.92,1,160.81
2026-01-16 06:00,Nordeste,NO-02,66.61,112.94,3,157.94
2026-01-16 06:00,Norte,NO-01,75.8,130.71,5,160.33
2026-01-16 06:00,Norte,NO-02,49.02,93.14,1,155.21
2026-01-16 06:00,Sudeste,SU-01,59.22,93.52,5,173.51
2026-01-16 06:00,Sudeste,SU-02,66.5,109.04,2,158.17
2026-01-16 06:00,Sul,SU-01,80.59,125.28,2,151.21
2026-01-16 06:00,Sul,SU-02,65.67,95.1,3,202.16
2026-01-16 07:00,Centro-Oeste,CE-01,52.97,92.95,2,151.87
2026-01-16 07:00,Centro-Oeste,CE-02,61.6,128.6,2,135.97
2026-01-16 07:00,Nordeste,NO-01,67.04,111.9,1,142.84
2026-01-16 07:00,Nordeste,NO-02,62.04,112.22,3,163.66
2026-01-16 07:00,Norte,NO-01,77.16,129.05,5,165.01
2026-01-16 07:00,Norte,NO-02,51.09,96.96,1,146.37
2026-01-16 07:00,Sudeste,SU-01,62.57,95.96,5,185.2
2026-01-16 07:00,Sudeste,SU-02,72.21,111.21,2,173.77
2026-01-16 07:00,Sul,SU-01,76.86,127.51,2,142.4
2026-01-16 07:00,Sul,SU-02,61.84,95.61,3,182.24
2026-01-16 08:00,Centro-Oeste,CE-01,50.46,95.35,2,151.43
2026-01-16 08:00,Centro-Oeste,CE-02,62.59,133.69,2,143.58
2026-01-16 08:00,Nordeste,NO-01,64.97,115.52,1,141.38
2026-01-16 08:00,Nordeste,NO-02,64.68,117.27,3,146.3
2026-01-16 08:00,Norte,NO-01,76.38,128.0,5,153.61
2026-01-16 08:00,Norte,NO-02,54.11,98.08,1,144.21
2026-01-16 08:00,Sudeste,SU-01,62.25,98.15,5,168.61
2026-01-16 08:00,Sudeste,SU-02,68.73,111.66,2,165.46
2026-01-16 08:00,Sul,SU-01,77.79,128.58,2,158.99
2026-01-16 08:00,Sul,SU-02,64.14,99.69,3,165.96
2026-01-16 09:00,Centro-Oeste,CE-01,49.93,98.72,2,155.64
2026-01-16 09:00,Centro-Oeste,CE-02,65.97,132.82,2,142.38
2026-01-16 09:00,Nordeste,NO-01,69.12,115.66,1,163.09
2026-01-16 09:00,Nordeste,NO-02,62.2,113.9,3,145.64
2026-01-16 09:00,Norte,NO-01,76.81,132.87,5,143.63
2026-01-16 09:00,Norte,NO-02,52.58,100.88,1,164.63
2026-01-16 09:00,Sudeste,SU-01,61.72,101.52,5,140.44
2026-01-16 09:00,Sudeste,SU-02,74.47,115.08,2,180.74
2026-01-16 09:00,Sul,SU-01,77.2,130.06,2,159.74
2026-01-16 09:00,Sul,SU-02,63.3,99.57,3,168.36
2026-01-16 10:00,Centro-Oeste,CE-01,51.33,101.72,2,135.44
2026-01-16 10:00,Centro-Oeste,CE-02,64.88,133.39,2,151.78
2026-01-16 10:00,Nordeste,NO-01,71.02,114.03,1,165.13
2026-01-16 10:00,Nordeste,NO-02,66.6,122.48,3,161.48
2026-01-16 10:00,Norte,NO-01,79.82,133.1,5,144.89
2026-01-16 10:00,Norte,NO-02,57.26,98.05,1,146.66
2026-01-16 10:00,Sudeste,SU-01,65.13,100.57,5,184.56
2026-01-16 10:00,Sudeste,SU-02,78.31,113.93,2,187.11
2026-01-16 10:00,Sul,SU-01,84.51,128.55,2,172.02
2026-01-16 10:00,Sul,SU-02,64.61,101.89,3,171.81
2026-01-16 11:00,Centro-Oeste,CE-01,52.92,102.86,2,163.64
2026-01-16 11:00,Centro-Oeste,CE-02,66.57,133.39,2,144.41
2026-01-16 11:00,Nordeste,NO-01,73.45,116.7,1,167.39
2026-01-16 11:00,Nordeste,NO-02,71.17,121.88,3,148.02
2026-01-16 11:00,Norte,NO-01,83.54,131.13,5,156.13
2026-01-16 11:00,Norte,NO-02,63.44,100.19,1,168.9
2026-01-16 11:00,Sudeste,SU-01,71.7,104.1,5,192.72
2026-01-16 11:00,Sudeste,SU-02,81.92,112.77,2,205.43
2026-01-16 11:00,Sul,SU-01,74.37,134.77,2,163.42
2026-01-16 11:00,Sul,SU-02,66.19,101.73,3,176.94
2026-01-16 12:00,Centro-Oeste,CE-01,61.01,98.71,2,150.96
2026-01-16 12:00,Centro-Oeste,CE-02,73.13,131.11,2,151.12
2026-01-16 12:00,Nordeste,NO-01,75.54,122.08,1,165.54
2026-01-16 12:00,Nordeste,NO-02,73.56,117.46,3,168.11
2026-01-16 12:00,Norte,NO-01,88.53,133.45,5,198.89
2026-01-16 12:00,Norte,NO-02,62.57,97.98,1,167.14
2026-01-16 12:00,Sudeste,SU-01,75.7,102.09,5,229.92
2026-01-16 12:00,Sudeste,SU-02,87.29,118.74,2,216.76
2026-01-16 12:00,Sul,SU-01,85.7,131.35,2,176.59
2026-01-16 12:00,Sul,SU-02,70.43,102.72,3,188.28
2026-01-16 13:00,Centro-Oeste,CE-01,61.1,97.52,2,173.68
2026-01-16 13:00,Centro-Oeste,CE-02,75.79,137.03,2,152.78
2026-01-16 13:00,Nordeste,NO-01,80.48,114.94,1,207.61
2026-01-16 13:00,Nordeste,NO-02,77.15,119.87,3,178.67
2026-01-16 13:00,Norte,NO-01,91.03,131.85,5,189.08
2026-01-16 13:00,Norte,NO-02,63.3,98.28,1,186.53
2026-01-16 13:00,Sudeste,SU-01,77.27,99.39,5,235.77
2026-01-16 13:00,Sudeste,SU-02,95.89,114.92,2,264.11
2026-01-16 13:00,Sul,SU-01,87.06,125.24,2,195.85
2026-01-16 13:00,Sul,SU-02,71.17,101.69,3,195.27
2026-01-16 14:00,Centro-Oeste,CE-01,66.24,100.87,2,178.96
2026-01-16 14:00,Centro-Oeste,CE-02,81.47,134.28,2,149.65
2026-01-16 14:00,Nordeste,NO-01,86.32,115.45,1,216.82
2026-01-16 14:00,Nordeste,NO-02,74.52,117.68,3,173.54
2026-01-16 14:00,Norte,NO-01,91.11,130.65,5,185.21
2026-01-16 14:00,Norte,NO-02,69.78,98.65,1,204.64
2026-01-16 14:00,Sudeste,SU-01,80.5,98.61,5,257.44
2026-01-16 14:00,Sudeste,SU-02,101.1,114.95,2,290.61
2026-01-16 14:00,Sul,SU-01,85.47,130.99,2,181.48
2026-01-16 14:00,Sul,SU-02,75.49,99.72,3,217.23
2026-01-16 15:00,Centro-Oeste,CE-01,68.16,96.06,2,206.75
2026-01-16 15:00,Centro-Oeste,CE-02,84.45,130.51,2,162.15
2026-01-16 15:00,Nordeste,NO-01,82.68,114.41,1,214.98
2026-01-16 15:00,Nordeste,NO-02,83.24,114.99,3,219.71
2026-01-16 15:00,Norte,NO-01,101.23,129.28,5,236.65
2026-01-16 15:00,Norte,NO-02,68.0,97.61,1,206.16
2026-01-16 15:00,Sudeste,SU-01,85.18,97.56,5,270.05
2026-01-16 15:00,Sudeste,SU-02,97.76,113.48,2,307.48
2026-01-16 15:00,Sul,SU-01,96.95,128.02,2,231.72
2026-01-16 15:00,Sul,SU-02,75.89,99.77,3,234.81
2026-01-16 16:00,Centro-Oeste,CE-01,71.84,95.51,2,217.93
2026-01-16 16:00,Centro-Oeste,CE-02,93.67,126.92,2,216.65
2026-01-16 16:00,Nordeste,NO-01,87.0,112.47,1,248.73
2026-01-16 16:00,Nordeste,NO-02,86.99,109.97,3,246.86
2026-01-16 16:00,Norte,NO-01,105.29,128.81,5,256.61
2026-01-16 16:00,Norte,NO-02,73.43,95.12,1,244.59
2026-01-16 16:00,Sudeste,SU-01,85.25,98.3,5,280.84
2026-01-16 16:00,Sudeste,SU-02,102.17,115.21,2,298.81
2026-01-16 16:00,Sul,SU-01,94.54,130.34,2,210.96
2026-01-16 16:00,Sul,SU-02,77.52,99.91,3,245.19
2026-01-16 17:00,Centro-Oeste,CE-01,75.75,95.9,2,258.95
2026-01-16 17:00,Centro-Oeste,CE-02,91.42,130.19,2,203.97
2026-01-16 17:00,Nordeste,NO-01,90.58,111.98,1,253.72
2026-01-16 17:00,Nordeste,NO-02,84.84,114.66,3,217.91
2026-01-16 17:00,Norte,NO-01,103.34,127.35,5,256.15
2026-01-16 17:00,Norte,NO-02,74.79,95.52,1,253.09
2026-01-16 17:00,Sudeste,SU-01,90.62,98.74,5,301.21
2026-01-16 17:00,Sudeste,SU-02,105.66,108.56,2,336.58
2026-01-16 17:00,Sul,SU-01,106.53,125.27,2,278.59
2026-01-16 17:00,Sul,SU-02,82.84,100.09,3,265.62
2026-01-16 18:00,Centro-Oeste,CE-01,83.55,94.95,2,296.51
2026-01-16 18:00,Centro-Oeste,CE-02,88.53,126.26,2,209.98
2026-01-16 18:00,Nordeste,NO-01,90.36,111.69,1,256.89
2026-01-16 18:00,Nordeste,NO-02,88.94,112.35,3,254.43
2026-01-16 18:00,Norte,NO-01,104.49,125.99,5,268.4
2026-01-16 18:00,Norte,NO-02,74.19,94.47,1,227.36
2026-01-16 18:00,Sudeste,SU-01,83.81,92.21,5,298.87
2026-01-16 18:00,Sudeste,SU-02,100.34,107.23,2,313.1
2026-01-16 18:00,Sul,SU-01,105.47,128.71,2,264.45
2026-01-16 18:00,Sul,SU-02,82.17,98.11,3,265.31
2026-01-16 19:00,Centro-Oeste,CE-01,73.91,89.56,2,272.97
2026-01-16 19:00,Centro-Oeste,CE-02,97.14,128.81,2,221.91
2026-01-16 19:00,Nordeste,NO-01,85.86,111.75,1,231.7
2026-01-16 19:00,Nordeste,NO-02,87.77,110.9,3,237.0
2026-01-16 19:00,Norte,NO-01,104.38,126.04,5,271.39
2026-01-16 19:00,Norte,NO-02,70.09,87.18,1,245.73
2026-01-16 19:00,Sudeste,SU-01,87.47,94.44,5,314.51
2026-01-16 19:00,Sudeste,SU-02,106.3,103.46,2,360.86
2026-01-16 19:00,Sul,SU-01,102.13,127.15,2,255.96
2026-01-16 19:00,Sul,SU-02,84.69,97.97,3,275.39
2026-01-16 20:00,Centro-Oeste,CE-01,77.92,91.3,2,282.14
2026-01-16 20:00,Centro-Oeste,CE-02,99.68,121.79,2,260.17
2026-01-16 20:00,Nordeste,NO-01,89.13,109.04,1,265.09
2026-01-16 20:00,Nordeste,NO-02,83.34,109.58,3,219.28
2026-01-16 20:00,Norte,NO-01,100.9,123.87,5,274.71
2026-01-16 20:00,Norte,NO-02,76.28,90.3,1,265.47
2026-01-16 20:00,Sudeste,SU-01,88.4,91.35,5,326.39
2026-01-16 20:00,Sudeste,SU-02,104.99,103.0,2,367.22
2026-01-16 20:00,Sul,SU-01,105.78,122.78,2,270.9
2026-01-16 20:00,Sul,SU-02,79.82,91.57,3,291.36
2026-01-16 21:00,Centro-Oeste,CE-01,79.63,87.19,2,301.09
2026-01-16 21:00,Centro-Oeste,CE-02,97.42,124.62,2,242.52
2026-01-16 21:00,Nordeste,NO-01,90.53,106.8,1,264.73
2026-01-16 21:00,Nordeste,NO-02,87.82,108.23,3,258.98
2026-01-16 21:00,Norte,NO-01,99.24,118.17,5,257.99
2026-01-16 21:00,Norte,NO-02,69.96,91.32,1,237.7
2026-01-16 21:00,Sudeste,SU-01,83.9,87.13,5,325.43
2026-01-16 21:00,Sudeste,SU-02,93.27,101.27,2,307.11
2026-01-16 21:00,Sul,SU-01,106.98,120.02,2,298.15
2026-01-16 21:00,Sul,SU-02,81.86,95.13,3,274.07
2026-01-16 22:00,Centro-Oeste,CE-01,79.04,90.08,2,282.14
2026-01-16 22:00,Centro-Oeste,CE-02,91.87,118.83,2,219.65
2026-01-16 22:00,Nordeste,NO-01,84.19,107.21,1,244.95
2026-01-16 22:00,Nordeste,NO-02,87.59,105.73,3,259.5
2026-01-16 22:00,Norte,NO-01,97.58,117.81,5,266.27
2026-01-16 22:00,Norte,NO-02,69.71,90.6,1,225.41
2026-01-16 22:00,Sudeste,SU-01,83.52,92.67,5,308.6
2026-01-16 22:00,Sudeste,SU-02,95.03,101.61,2,325.08
2026-01-16 22:00,Sul,SU-01,102.73,121.7,2,259.85
2026-01-16 22:00,Sul,SU-02,78.85,93.81,3,264.62
2026-01-16 23:00,Centro-Oeste,CE-01,75.89,87.93,2,285.19
2026-01-16 23:00,Centro-Oeste,CE-02,92.59,123.06,2,217.26
2026-01-16 23:00,Nordeste,NO-01,87.06,103.36,1,275.73
2026-01-16 23:00,Nordeste,NO-02,84.29,109.53,3,238.64
2026-01-16 23:00,Norte,NO-01,90.95,116.58,5,237.19
2026-01-16 23:00,Norte,NO-02,66.9,85.73,1,235.49
2026-01-16 23:00,Sudeste,SU-01,80.17,89.79,5,299.46
2026-01-16 23:00,Sudeste,SU-02,92.51,103.08,2,310.95
2026-01-16 23:00,Sul,SU-01,104.78,117.2,2,289.95
2026-01-16 23:00,Sul,SU-02,83.8,91.5,3,316.89
2026-01-17 00:00,Centro-Oeste,CE-01,64.91,89.25,2,221.61
2026-01-17 00:00,Centro-Oeste,CE-02,79.97,122.62,2,170.43
2026-01-17 00:00,Nordeste,NO-01,81.05,102.11,1,238.98
2026-01-17 00:00,Nordeste,NO-02,71.26,107.68,3,175.61
2026-01-17 00:00,Norte,NO-01,84.01,122.18,5,199.78
2026-01-17 00:00,Norte,NO-02,59.94,86.63,1,208.26
2026-01-17 00:00,Sudeste,SU-01,68.45,89.08,5,222.84
2026-01-17 00:00,Sudeste,SU-02,77.73,99.43,2,243.08
2026-01-17 00:00,Sul,SU-01,95.9,115.98,2,257.81
2026-01-17 00:00,Sul,SU-02,70.5,90.05,3,253.94
2026-01-17 01:00,Centro-Oeste,CE-01,66.28,87.09,2,233.15
2026-01-17 01:00,Centro-Oeste,CE-02,80.19,122.62,2,177.01
2026-01-17 01:00,Nordeste,NO-01,72.27,108.51,1,201.18
2026-01-17 01:00,Nordeste,NO-02,69.73,106.45,3,178.32
2026-01-17 01:00,Norte,NO-01,76.94,120.46,5,164.3
2026-01-17 01:00,Norte,NO-02,57.62,87.76,1,170.63
2026-01-17 01:00,Sudeste,SU-01,64.87,91.0,5,210.6
2026-01-17 01:00,Sudeste,SU-02,74.75,104.7,2,199.29
2026-01-17 01:00,Sul,SU-01,85.53,117.3,2,217.21
2026-01-17 01:00,Sul,SU-02,70.56,90.16,3,245.24
2026-01-17 02:00,Centro-Oeste,CE-01,59.79,84.43,2,188.87
2026-01-17 02:00,Centro-Oeste,CE-02,76.12,115.65,2,188.59
2026-01-17 02:00,Nordeste,NO-01,69.06,108.4,1,166.79
2026-01-17 02:00,Nordeste,NO-02,66.71,109.41,3,152.29
2026-01-17 02:00,Norte,NO-01,70.42,112.55,5,163.2
2026-01-17 02:00,Norte,NO-02,50.92,89.25,1,140.74
2026-01-17 02:00,Sudeste,SU-01,61.12,89.03,5,193.14
2026-01-17 02:00,Sudeste,SU-02,71.37,100.49,2,208.11
2026-01-17 02:00,Sul,SU-01,83.56,117.93,2,194.29
2026-01-17 02:00,Sul,SU-02,59.99,93.82,3,159.19
2026-01-17 03:00,Centro-Oeste,CE-01,58.14,91.07,2,168.49
2026-01-17 03:00,Centro-Oeste,CE-02,67.04,117.08,2,146.84
2026-01-17 03:00,Nordeste,NO-01,66.89,104.55,1,168.94
2026-01-17 03:00,Nordeste,NO-02,65.44,105.22,3,161.81
2026-01-17 03:00,Norte,NO-01,70.76,118.48,5,153.09
2026-01-17 03:00,Norte,NO-02,52.13,89.92,1,149.97
2026-01-17 03:00,Sudeste,SU-01,58.76,91.01,5,193.16
2026-01-17 03:00,Sudeste,SU-02,69.82,101.48,2,206.43
2026-01-17 03:00,Sul,SU-01,80.36,118.76,2,169.31
2026-01-17 03:00,Sul,SU-02,67.0,91.58,3,213.25
2026-01-17 04:00,Centro-Oeste,CE-01,53.26,91.3,2,151.7
2026-01-17 04:00,Centro-Oeste,CE-02,60.1,121.37,2,147.4
2026-01-17 04:00,Nordeste,NO-01,60.2,108.17,1,149.15
2026-01-17 04:00,Nordeste,NO-02,61.38,109.24,3,132.7
2026-01-17 04:00,Norte,NO-01,68.14,126.76,5,138.44
2026-01-17 04:00,Norte,NO-02,52.96,87.66,1,157.89
2026-01-17 04:00,Sudeste,SU-01,56.55,93.2,5,166.1
2026-01-17 04:00,Sudeste,SU-02,66.34,103.53,2,190.43
2026-01-17 04:00,Sul,SU-01,74.32,118.17,2,162.88
2026-01-17 04:00,Sul,SU-02,59.95,94.67,3,172.44
2026-01-17 05:00,Centro-Oeste,CE-01,52.08,87.01,2,144.53
2026-01-17 05:00,Centro-Oeste,CE-02,63.97,120.54,2,167.13
2026-01-17 05:00,Nordeste,NO-01,59.64,109.4,1,142.14
2026-01-17 05:00,Nordeste,NO-02,60.88,107.69,3,156.39
2026-01-17 05:00,Norte,NO-01,68.88,122.1,5,142.74
2026-01-17 05:00,Norte,NO-02,46.83,90.73,1,142.33
2026-01-17 05:00,Sudeste,SU-01,56.08,93.58,5,150.32
2026-01-17 05:00,Sudeste,SU-02,62.72,106.08,2,136.93
2026-01-17 05:00,Sul,SU-01,72.4,124.69,2,149.7
2026-01-17 05:00,Sul,SU-02,55.89,100.55,3,151.28
2026-01-17 06:00,Centro-Oeste,CE-01,47.85,91.96,2,128.69
2026-01-17 06:00,Centro-Oeste,CE-02,61.07,126.89,2,159.54
2026-01-17 06:00,Nordeste,NO-01,61.12,108.62,1,155.51
2026-01-17 06:00,Nordeste,NO-02,58.82,115.16,3,131.93
2026-01-17 06:00,Norte,NO-01,70.08,127.38,5,153.82
2026-01-17 06:00,Norte,NO-02,47.12,94.04,1,152.76
2026-01-17 06:00,Sudeste,SU-01,56.25,96.64,5,154.44
2026-01-17 06:00,Sudeste,SU-02,64.36,106.96,2,139.48
2026-01-17 06:00,Sul,SU-01,72.43,124.92,2,146.35
2026-01-17 06:00,Sul,SU-02,58.75,94.56,3,160.66
2026-01-17 07:00,Centro-Oeste,CE-01,49.4,91.71,2,151.2
2026-01-17 07:00,Centro-Oeste,CE-02,57.31,130.89,2,140.85
2026-01-17 07:00,Nordeste,NO-01,58.41,111.19,1,153.22
2026-01-17 07:00,Nordeste,NO-02,59.75,112.53,3,137.87
2026-01-17 07:00,Norte,NO-01,66.95,126.22,5,142.77
2026-01-17 07:00,Norte,NO-02,49.62,94.46,1,155.35
2026-01-17 07:00,Sudeste,SU-01,54.18,95.46,5,150.16
2026-01-17 07:00,Sudeste,SU-02,62.73,104.72,2,154.45
2026-01-17 07:00,Sul,SU-01,71.54,122.07,2,153.78
2026-01-17 07:00,Sul,SU-02,58.4,98.49,3,142.67
2026-01-17 08:00,Centro-Oeste,CE-01,48.49,97.74,2,144.2
2026-01-17 08:00,Centro-Oeste,CE-02,56.96,131.92,2,151.44
2026-01-17 08:00,Nordeste,NO-01,63.01,113.03,1,146.72
2026-01-17 08:00,Nordeste,NO-02,56.17,115.42,3,155.51
2026-01-17 08:00,Norte,NO-01,67.42,133.2,5,151.65
2026-01-17 08:00,Norte,NO-02,48.15,95.1,1,151.7
2026-01-17 08:00,Sudeste,SU-01,53.11,102.57,5,152.44
2026-01-17 08:00,Sudeste,SU-02,66.99,110.24,2,151.16
2026-01-17 08:00,Sul,SU-01,71.73,128.91,2,142.66
2026-01-17 08:00,Sul,SU-02,59.08,98.58,3,153.09
2026-01-17 09:00,Centro-Oeste,CE-01,47.67,95.17,2,134.54
2026-01-17 09:00,Centro-Oeste,CE-02,56.83,131.94,2,138.92
2026-01-17 09:00,Nordeste,NO-01,64.1,119.77,1,144.72
2026-01-17 09:00,Nordeste,NO-02,59.76,117.81,3,142.26
2026-01-17 09:00,Norte,NO-01,71.41,133.41,5,145.27
2026-01-17 09:00,Norte,NO-02,50.14,97.5,1,158.32
2026-01-17 09:00,Sudeste,SU-01,60.18,98.06,5,159.16
2026-01-17 09:00,Sudeste,SU-02,68.3,113.08,2,153.6
2026-01-17 09:00,Sul,SU-01,73.26,130.42,2,146.32
2026-01-17 09:00,Sul,SU-02,58.29,101.43,3,147.93
2026-01-17 10:00,Centro-Oeste,CE-01,48.36,99.76,2,149.41
2026-01-17 10:00,Centro-Oeste,CE-02,56.73,135.52,2,143.26
2026-01-17 10:00,Nordeste,NO-01,65.69,117.59,1,145.68
2026-01-17 10:00,Nordeste,NO-02,64.12,119.81,3,160.32
2026-01-17 10:00,Norte,NO-01,75.17,131.28,5,149.24
2026-01-17 10:00,Norte,NO-02,53.5,101.57,1,147.15
2026-01-17 10:00,Sudeste,SU-01,61.81,102.93,5,146.17
2026-01-17 10:00,Sudeste,SU-02,68.38,112.81,2,139.98
2026-01-17 10:00,Sul,SU-01,71.85,130.22,2,147.77
2026-01-17 10:00,Sul,SU-02,57.42,104.29,3,147.6
2026-01-17 11:00,Centro-Oeste,CE-01,52.68,99.04,2,134.92
2026-01-17 11:00,Centro-Oeste,CE-02,62.88,132.51,2,148.06
2026-01-17 11:00,Nordeste,NO-01,69.62,120.05,1,149.98
2026-01-17 11:00,Nordeste,NO-02,64.66,123.9,3,159.81
2026-01-17 11:00,Norte,NO-01,76.91,129.96,5,168.19
2026-01-17 11:00,Norte,NO-02,55.33,99.49,1,161.88
2026-01-17 11:00,Sudeste,SU-01,65.54,100.19,5,192.23
2026-01-17 11:00,Sudeste,SU-02,72.48,112.0,2,166.57
2026-01-17 11:00,Sul,SU-01,75.9,129.4,2,159.02
2026-01-17 11:00,Sul,SU-02,56.1,99.76,3,151.99
2026-01-17 12:00,Centro-Oeste,CE-01,52.81,96.0,2,169.22
2026-01-17 12:00,Centro-Oeste,CE-02,64.52,134.44,2,144.49
2026-01-17 12:00,Nordeste,NO-01,67.97,119.6,1,150.95
2026-01-17 12:00,Nordeste,NO-02,66.36,120.81,3,155.13
2026-01-17 12:00,Norte,NO-01,79.32,129.96,5,146.41
2026-01-17 12:00,Norte,NO-02,57.43,100.33,1,150.31
2026-01-17 12:00,Sudeste,SU-01,67.96,102.57,5,166.34
2026-01-17 12:00,Sudeste,SU-02,79.71,111.82,2,197.85
2026-01-17 12:00,Sul,SU-01,79.37,132.12,2,153.72
2026-01-17 12:00,Sul,SU-02,62.75,104.18,3,162.05
2026-01-17 13:00,Centro-Oeste,CE-01,58.24,100.92,2,144.56
2026-01-17 13:00,Centro-Oeste,CE-02,70.19,137.21,2,149.27
2026-01-17 13:00,Nordeste,NO-01,75.6,112.82,1,179.52
2026-01-17 13:00,Nordeste,NO-02,70.47,119.3,3,159.49
2026-01-17 13:00,Norte,NO-01,86.14,129.05,5,184.39
2026-01-17 13:00,Norte,NO-02,60.89,98.76,1,151.2
2026-01-17 13:00,Sudeste,SU-01,75.73,101.44,5,213.17
2026-01-17 13:00,Sudeste,SU-02,86.45,117.2,2,222.85
2026-01-17 13:00,Sul,SU-01,86.81,132.52,2,174.67
2026-01-17 13:00,Sul,SU-02,66.31,103.4,3,155.82
2026-01-17 14:00,Centro-Oeste,CE-01,58.74,95.96,2,152.1
2026-01-17 14:00,Centro-Oeste,CE-02,72.17,134.63,2,155.94
2026-01-17 14:00,Nordeste,NO-01,73.99,117.96,1,164.62
2026-01-17 14:00,Nordeste,NO-02,71.59,118.73,3,152.02
2026-01-17 14:00,Norte,NO-01,88.64,131.0,5,179.0
2026-01-17 14:00,Norte,NO-02,63.12,98.99,1,155.71
2026-01-17 14:00,Sudeste,SU-01,78.45,99.65,5,238.21
2026-01-17 14:00,Sudeste,SU-02,89.86,110.57,2,267.98
2026-01-17 14:00,Sul,SU-01,81.59,140.13,2,164.31
2026-01-17 14:00,Sul,SU-02,68.11,97.6,3,180.24
2026-01-17 15:00,Centro-Oeste,CE-01,63.07,80.08,2,244.69
2026-01-17 15:00,Centro-Oeste,CE-02,77.19,109.76,2,203.66
2026-01-17 15:00,Nordeste,NO-01,78.65,117.58,1,176.23
2026-01-17 15:00,Nordeste,NO-02,72.75,120.35,3,160.2
2026-01-17 15:00,Norte,NO-01,93.18,102.87,5,294.97
2026-01-17 15:00,Norte,NO-02,65.1,82.56,1,238.16
2026-01-17 15:00,Sudeste,SU-01,77.13,99.46,5,244.87
2026-01-17 15:00,Sudeste,SU-02,92.06,112.69,2,258.85
2026-01-17 15:00,Sul,SU-01,83.29,124.25,2,179.63
2026-01-17 15:00,Sul,SU-02,70.75,100.85,3,199.02
2026-01-17 16:00,Centro-Oeste,CE-01,66.26,76.98,2,281.36
2026-01-17 16:00,Centro-Oeste,CE-02,81.01,111.72,2,221.23
2026-01-17 16:00,Nordeste,NO-01,79.16,113.69,1,202.67
2026-01-17 16:00,Nordeste,NO-02,76.01,120.68,3,172.84
2026-01-17 16:00,Norte,NO-01,95.08,104.83,5,300.74
2026-01-17 16:00,Norte,NO-02,69.17,78.48,1,280.66
2026-01-17 16:00,Sudeste,SU-01,80.86,96.98,5,275.41
2026-01-17 16:00,Sudeste,SU-02,93.37,111.8,2,276.34
2026-01-17 16:00,Sul,SU-01,91.65,130.83,2,200.33
2026-01-17 16:00,Sul,SU-02,71.72,95.41,3,220.59
2026-01-17 17:00,Centro-Oeste,CE-01,68.39,78.18,2,290.86
2026-01-17 17:00,Centro-Oeste,CE-02,85.05,104.62,2,263.66
2026-01-17 17:00,Nordeste,NO-01,78.0,114.99,1,181.05
2026-01-17 17:00,Nordeste,NO-02,77.16,111.82,3,192.53
2026-01-17 17:00,Norte,NO-01,96.63,105.14,5,310.07
2026-01-17 17:00,Norte,NO-02,68.1,74.06,1,317.89
2026-01-17 17:00,Sudeste,SU-01,83.47,96.42,5,288.93
2026-01-17 17:00,Sudeste,SU-02,98.82,108.99,2,301.09
2026-01-17 17:00,Sul,SU-01,96.25,125.29,2,241.55
2026-01-17 17:00,Sul,SU-02,75.1,97.17,3,231.34
2026-01-17 18:00,Centro-Oeste,CE-01,72.58,77.58,2,327.11
2026-01-17 18:00,Centro-Oeste,CE-02,87.52,104.0,2,271.14
2026-01-17 18:00,Nordeste,NO-01,84.65,113.43,1,227.77
2026-01-17 18:00,Nordeste,NO-02,80.84,116.51,3,201.92
2026-01-17 18:00,Norte,NO-01,98.17,105.94,5,306.21
2026-01-17 18:00,Norte,NO-02,66.39,75.1,1,301.44
2026-01-17 18:00,Sudeste,SU-01,77.22,95.82,5,258.83
2026-01-17 18:00,Sudeste,SU-02,95.8,106.34,2,304.66
2026-01-17 18:00,Sul,SU-01,99.55,125.83,2,245.85
2026-01-17 18:00,Sul,SU-02,75.79,101.24,3,229.11
2026-01-17 19:00,Centro-Oeste,CE-01,78.33,75.27,2,375.0
2026-01-17 19:00,Centro-Oeste,CE-02,89.53,105.13,2,280.82
2026-01-17 19:00,Nordeste,NO-01,87.46,109.04,1,244.43
2026-01-17 19:00,Nordeste,NO-02,82.76,116.74,3,203.33
2026-01-17 19:00,Norte,NO-01,91.21,123.77,5,222.99
2026-01-17 19:00,Norte,NO-02,67.29,94.43,1,206.86
2026-01-17 19:00,Sudeste,SU-01,85.62,93.44,5,296.32
2026-01-17 19:00,Sudeste,SU-02,95.17,107.01,2,294.7
2026-01-17 19:00,Sul,SU-01,100.23,123.0,2,258.03
2026-01-17 19:00,Sul,SU-02,76.9,98.12,3,237.99
2026-01-17 20:00,Centro-Oeste,CE-01,72.63,72.52,2,350.85
2026-01-17 20:00,Centro-Oeste,CE-02,89.45,98.15,2,310.76
2026-01-17 20:00,Nordeste,NO-01,86.38,106.23,1,257.77
2026-01-17 20:00,Nordeste,NO-02,83.8,111.49,3,222.45
2026-01-17 20:00,Norte,NO-01,99.42,121.47,5,260.72
2026-01-17 20:00,Norte,NO-02,69.69,89.88,1,242.42
2026-01-17 20:00,Sudeste,SU-01,80.09,92.54,5,282.98
2026-01-17 20:00,Sudeste,SU-02,96.82,108.46,2,289.79
2026-01-17 20:00,Sul,SU-01,102.29,124.49,2,257.99
2026-01-17 20:00,Sul,SU-02,76.82,96.32,3,240.38
2026-01-17 21:00,Centro-Oeste,CE-01,71.97,94.12,2,238.48
2026-01-17 21:00,Centro-Oeste,CE-02,90.55,120.07,2,222.12
2026-01-17 21:00,Nordeste,NO-01,79.94,109.66,1,203.85
2026-01-17 21:00,Nordeste,NO-02,83.45,109.62,3,228.31
2026-01-17 21:00,Norte,NO-01,91.75,117.88,5,246.0
2026-01-17 21:00,Norte,NO-02,68.76,92.83,1,223.79
2026-01-17 21:00,Sudeste,SU-01,75.65,95.01,5,261.36
2026-01-17 21:00,Sudeste,SU-02,91.12,103.84,2,289.28
2026-01-17 21:00,Sul,SU-01,91.18,121.25,2,220.33
2026-01-17 21:00,Sul,SU-02,71.34,93.88,3,222.3
2026-01-17 22:00,Centro-Oeste,CE-01,73.55,90.88,2,257.27
2026-01-17 22:00,Centro-Oeste,CE-02,90.8,122.44,2,225.14
2026-01-17 22:00,Nordeste,NO-01,79.98,104.05,1,248.55
2026-01-17 22:00,Nordeste,NO-02,73.86,109.75,3,175.19
2026-01-17 22:00,Norte,NO-01,88.41,113.98,5,230.11
2026-01-17 22:00,Norte,NO-02,65.49,91.1,1,211.38
2026-01-17 22:00,Sudeste,SU-01,80.6,90.18,5,296.76
2026-01-17 22:00,Sudeste,SU-02,85.12,102.62,2,266.17
2026-01-17 22:00,Sul,SU-01,97.11,114.29,2,279.21
2026-01-17 22:00,Sul,SU-02,75.65,91.98,3,273.26
2026-01-17 23:00,Centro-Oeste,CE-01,67.73,88.43,2,229.52
2026-01-17 23:00,Centro-Oeste,CE-02,87.1,124.54,2,210.83
2026-01-17 23:00,Nordeste,NO-01,80.72,103.18,1,251.59
2026-01-17 23:00,Nordeste,NO-02,77.96,104.66,3,230.14
2026-01-17 23:00,Norte,NO-01,84.84,123.32,5,194.48
2026-01-17 23:00,Norte,NO-02,61.53,87.84,1,209.74
2026-01-17 23:00,Sudeste,SU-01,73.44,90.59,5,261.05
2026-01-17 23:00,Sudeste,SU-02,82.98,102.8,2,241.22
2026-01-17 23:00,Sul,SU-01,99.34,120.12,2,270.5
2026-01-17 23:00,Sul,SU-02,70.89,92.38,3,243.72
2026-01-18 00:00,Centro-Oeste,CE-01,66.02,87.08,2,236.84
2026-01-18 00:00,Centro-Oeste,CE-02,79.13,117.27,2,198.41
2026-01-18 00:00,Nordeste,NO-01,74.7,103.43,1,211.83
2026-01-18 00:00,Nordeste,NO-02,74.39,108.95,3,197.75
2026-01-18 00:00,Norte,NO-01,87.01,117.9,5,215.18
2026-01-18 00:00,Norte,NO-02,57.22,85.58,1,201.8
2026-01-18 00:00,Sudeste,SU-01,69.97,86.86,5,256.28
2026-01-18 00:00,Sudeste,SU-02,78.2,104.33,2,226.26
2026-01-18 00:00,Sul,SU-01,87.39,117.48,2,215.01
2026-01-18 00:00,Sul,SU-02,75.01,90.74,3,272.77
2026-01-18 01:00,Centro-Oeste,CE-01,63.21,87.32,2,217.21
2026-01-18 01:00,Centro-Oeste,CE-02,77.04,122.98,2,159.63
2026-01-18 01:00,Nordeste,NO-01,71.66,104.99,1,188.8
2026-01-18 01:00,Nordeste,NO-02,71.66,107.73,3,182.65
2026-01-18 01:00,Norte,NO-01,76.14,119.07,5,183.5
2026-01-18 01:00,Norte,NO-02,57.04,88.8,1,164.66
2026-01-18 01:00,Sudeste,SU-01,65.79,87.73,5,226.57
2026-01-18 01:00,Sudeste,SU-02,76.95,102.34,2,229.38
2026-01-18 01:00,Sul,SU-01,86.7,118.38,2,214.13
2026-01-18 01:00,Sul,SU-02,69.45,91.87,3,228.63
2026-01-18 02:00,Centro-Oeste,CE-01,59.2,88.45,2,187.94
2026-01-18 02:00,Centro-Oeste,CE-02,76.82,115.39,2,185.58
2026-01-18 02:00,Nordeste,NO-01,67.33,108.81,1,154.37
2026-01-18 02:00,Nordeste,NO-02,67.01,109.93,3,167.59
2026-01-18 02:00,Norte,NO-01,79.69,117.0,5,195.34
2026-01-18 02:00,Norte,NO-02,54.41,88.87,1,175.45
2026-01-18 02:00,Sudeste,SU-01,62.12,88.29,5,215.56
2026-01-18 02:00,Sudeste,SU-02,74.65,99.77,2,226.88
2026-01-18 02:00,Sul,SU-01,85.25,121.88,2,215.34
2026-01-18 02:00,Sul,SU-02,66.41,93.25,3,209.0
2026-01-18 03:00,Centro-Oeste,CE-01,56.79,89.79,2,177.2
2026-01-18 03:00,Centro-Oeste,CE-02,73.82,122.85,2,148.47
2026-01-18 03:00,Nordeste,NO-01,65.99,108.72,1,155.75
2026-01-18 03:00,Nordeste,NO-02,64.59,110.01,3,156.58
2026-01-18 03:00,Norte,NO-01,74.02,118.07,5,162.75
2026-01-18 03:00,Norte,NO-02,49.84,89.91,1,154.63
2026-01-18 03:00,Sudeste,SU-01,59.96,91.07,5,186.28
2026-01-18 03:00,Sudeste,SU-02,65.24,108.19,2,138.9
2026-01-18 03:00,Sul,SU-01,82.69,116.27,2,202.71
2026-01-18 03:00,Sul,SU-02,64.11,93.89,3,196.77
2026-01-18 04:00,Centro-Oeste,CE-01,56.8,90.81,2,154.01
2026-01-18 04:00,Centro-Oeste,CE-02,66.65,124.21,2,142.05
2026-01-18 04:00,Nordeste,NO-01,67.96,107.37,1,171.18
2026-01-18 04:00,Nordeste,NO-02,62.83,110.93,3,140.39
2026-01-18 04:00,Norte,NO-01,70.52,116.61,5,150.4
2026-01-18 04:00,Norte,NO-02,50.4,90.22,1,143.88
2026-01-18 04:00,Sudeste,SU-01,56.38,95.45,5,156.3
2026-01-18 04:00,Sudeste,SU-02,67.03,103.95,2,177.86
2026-01-18 04:00,Sul,SU-01,78.73,121.61,2,174.67
2026-01-18 04:00,Sul,SU-02,60.61,95.58,3,159.44
2026-01-18 05:00,Centro-Oeste,CE-01,48.76,91.83,2,146.09
2026-01-18 05:00,Centro-Oeste,CE-02,62.82,122.14,2,161.74
2026-01-18 05:00,Nordeste,NO-01,65.06,110.58,1,138.73
2026-01-18 05:00,Nordeste,NO-02,61.62,110.33,3,147.39
2026-01-18 05:00,Norte,NO-01,64.62,122.78,5,139.15
2026-01-18 05:00,Norte,NO-02,44.93,93.36,1,137.16
2026-01-18 05:00,Sudeste,SU-01,56.08,94.8,5,158.79
2026-01-18 05:00,Sudeste,SU-02,60.51,107.41,2,139.99
2026-01-18 05:00,Sul,SU-01,74.24,126.98,2,141.64
2026-01-18 05:00,Sul,SU-02,57.04,95.21,3,158.19
2026-01-18 06:00,Centro-Oeste,CE-01,48.77,93.17,2,149.85
2026-01-18 06:00,Centro-Oeste,CE-02,62.37,129.38,2,162.74
2026-01-18 06:00,Nordeste,NO-01,58.79,111.13,1,148.36
2026-01-18 06:00,Nordeste,NO-02,57.02,112.94,3,138.46
2026-01-18 06:00,Norte,NO-01,65.76,125.64,5,150.74
2026-01-18 06:00,Norte,NO-02,45.73,91.06,1,151.61
2026-01-18 06:00,Sudeste,SU-01,56.29,95.41,5,151.5
2026-01-18 06:00,Sudeste,SU-02,63.97,103.91,2,166.93
2026-01-18 06:00,Sul,SU-01,71.26,124.28,2,157.46
2026-01-18 06:00,Sul,SU-02,55.03,93.96,3,136.3
2026-01-18 07:00,Centro-Oeste,CE-01,48.08,94.59,2,154.75
2026-01-18 07:00,Centro-Oeste,CE-02,58.43,129.61,2,143.98
2026-01-18 07:00,Nordeste,NO-01,62.38,111.47,1,141.45
2026-01-18 07:00,Nordeste,NO-02,56.83,112.42,3,164.48
2026-01-18 07:00,Norte,NO-01,66.73,126.49,5,143.78
2026-01-18 07:00,Norte,NO-02,51.16,94.93,1,153.99
2026-01-18 07:00,Sudeste,SU-01,55.53,95.25,5,148.57
2026-01-18 07:00,Sudeste,SU-02,60.15,108.81,2,156.5
2026-01-18 07:00,Sul,SU-01,69.1,120.89,2,146.84
2026-01-18 07:00,Sul,SU-02,58.04,100.08,3,162.72
2026-01-18 08:00,Centro-Oeste,CE-01,46.53,96.57,2,147.53
2026-01-18 08:00,Centro-Oeste,CE-02,59.6,136.08,2,153.1
2026-01-18 08:00,Nordeste,NO-01,61.3,110.34,1,150.41
2026-01-18 08:00,Nordeste,NO-02,57.94,113.55,3,161.71
2026-01-18 08:00,Norte,NO-01,66.42,128.53,5,128.08
2026-01-18 08:00,Norte,NO-02,49.64,90.35,1,150.63
2026-01-18 08:00,Sudeste,SU-01,59.22,99.4,5,144.06
2026-01-18 08:00,Sudeste,SU-02,68.74,111.62,2,153.3
2026-01-18 08:00,Sul,SU-01,70.09,125.98,2,148.34
2026-01-18 08:00,Sul,SU-02,58.72,99.96,3,152.25
2026-01-18 09:00,Centro-Oeste,CE-01,48.11,96.34,2,148.85
2026-01-18 09:00,Centro-Oeste,CE-02,56.54,133.9,2,150.66
2026-01-18 09:00,Nordeste,NO-01,60.92,116.11,1,172.07
2026-01-18 09:00,Nordeste,NO-02,61.14,114.93,3,135.64
2026-01-18 09:00,Norte,NO-01,72.26,131.45,5,151.25
2026-01-18 09:00,Norte,NO-02,48.58,99.16,1,155.2
2026-01-18 09:00,Sudeste,SU-01,59.61,101.9,5,148.46
2026-01-18 09:00,Sudeste,SU-02,67.65,110.27,2,159.21
2026-01-18 09:00,Sul,SU-01,69.87,134.25,2,162.44
2026-01-18 09:00,Sul,SU-02,59.24,104.24,3,152.13
2026-01-18 10:00,Centro-Oeste,CE-01,48.35,100.51,2,151.78
2026-01-18 10:00,Centro-Oeste,CE-02,57.62,136.0,2,145.15
2026-01-18 10:00,Nordeste,NO-01,61.77,120.82,1,142.42
2026-01-18 10:00,Nordeste,NO-02,62.43,122.56,3,157.97
2026-01-18 10:00,Norte,NO-01,76.33,132.02,5,148.55
2026-01-18 10:00,Norte,NO-02,53.69,100.21,1,146.29
2026-01-18 10:00,Sudeste,SU-01,58.89,102.99,5,144.45
2026-01-18 10:00,Sudeste,SU-02,72.61,112.28,2,183.12
2026-01-18 10:00,Sul,SU-01,76.12,133.05,2,152.8
2026-01-18 10:00,Sul,SU-02,56.65,103.61,3,144.73
2026-01-18 11:00,Centro-Oeste,CE-01,50.17,99.12,2,150.83
2026-01-18 11:00,Centro-Oeste,CE-02,66.78,133.97,2,147.66
2026-01-18 11:00,Nordeste,NO-01,69.7,115.3,1,161.19
2026-01-18 11:00,Nordeste,NO-02,62.82,120.01,3,149.73
2026-01-18 11:00,Norte,NO-01,80.35,127.28,5,152.47
2026-01-18 11:00,Norte,NO-02,55.79,95.49,1,146.13
2026-01-18 11:00,Sudeste,SU-01,66.54,96.72,5,188.87
2026-01-18 11:00,Sudeste,SU-02,73.9,114.11,2,171.18
2026-01-18 11:00,Sul,SU-01,77.13,126.91,2,144.49
2026-01-18 11:00,Sul,SU-02,60.98,103.9,3,140.82
2026-01-18 12:00,Centro-Oeste,CE-01,53.86,98.97,2,153.52
2026-01-18 12:00,Centro-Oeste,CE-02,67.5,134.64,2,159.29
2026-01-18 12:00,Nordeste,NO-01,68.28,114.87,1,160.01
2026-01-18 12:00,Nordeste,NO-02,67.56,116.13,3,163.56
2026-01-18 12:00,Norte,NO-01,81.14,131.51,5,149.95
2026-01-18 12:00,Norte,NO-02,57.75,97.86,1,167.08
2026-01-18 12:00,Sudeste,SU-01,66.38,101.55,5,188.09
2026-01-18 12:00,Sudeste,SU-02,83.32,113.27,2,232.22
2026-01-18 12:00,Sul,SU-01,77.52,133.07,2,142.26
2026-01-18 12:00,Sul,SU-02,62.98,103.97,3,159.4
2026-01-18 13:00,Centro-Oeste,CE-01,54.99,97.79,2,159.28
2026-01-18 13:00,Centro-Oeste,CE-02,67.15,134.26,2,143.02
2026-01-18 13:00,Nordeste,NO-01,73.7,119.9,1,152.77
2026-01-18 13:00,Nordeste,NO-02,67.36,122.13,3,156.9
2026-01-18 13:00,Norte,NO-01,84.84,130.76,5,174.31
2026-01-18 13:00,Norte,NO-02,58.97,95.42,1,176.12
2026-01-18 13:00,Sudeste,SU-01,71.21,100.56,5,199.83
2026-01-18 13:00,Sudeste,SU-02,82.34,113.35,2,215.08
2026-01-18 13:00,Sul,SU-01,84.89,135.86,2,159.24
2026-01-18 13:00,Sul,SU-02,66.84,104.92,3,156.75
2026-01-18 14:00,Centro-Oeste,CE-01,60.15,96.71,2,155.0
2026-01-18 14:00,Centro-Oeste,CE-02,75.0,133.04,2,139.57
2026-01-18 14:00,Nordeste,NO-01,75.17,117.53,1,170.34
2026-01-18 14:00,Nordeste,NO-02,76.75,119.61,3,156.84
2026-01-18 14:00,Norte,NO-01,90.25,134.83,5,180.59
2026-01-18 14:00,Norte,NO-02,63.78,99.87,1,171.17
2026-01-18 14:00,Sudeste,SU-01,74.54,99.25,5,218.4
2026-01-18 14:00,Sudeste,SU-02,91.62,114.24,2,256.92
2026-01-18 14:00,Sul,SU-01,83.81,127.3,2,183.16
2026-01-18 14:00,Sul,SU-02,67.77,99.8,3,170.11
2026-01-18 15:00,Centro-Oeste,CE-01,61.45,95.46,2,165.39
2026-01-18 15:00,Centro-Oeste,CE-02,72.47,133.73,2,146.98
2026-01-18 15:00,Nordeste,NO-01,78.73,116.27,1,192.05
2026-01-18 15:00,Nordeste,NO-02,73.27,116.4,3,161.12
2026-01-18 15:00,Norte,NO-01,93.11,132.4,5,194.72
2026-01-18 15:00,Norte,NO-02,64.51,97.02,1,183.17
2026-01-18 15:00,Sudeste,SU-01,78.58,99.09,5,245.24
2026-01-18 15:00,Sudeste,SU-02,92.34,116.39,2,246.46
2026-01-18 15:00,Sul,SU-01,90.91,128.38,2,211.89
2026-01-18 15:00,Sul,SU-02,67.24,103.73,3,182.4
2026-01-18 16:00,Centro-Oeste,CE-01,66.93,92.81,2,204.21
2026-01-18 16:00,Centro-Oeste,CE-02,84.64,134.58,2,167.74
2026-01-18 16:00,Nordeste,NO-01,79.09,116.33,1,182.96
2026-01-18 16:00,Nordeste,NO-02,80.51,114.33,3,207.23
2026-01-18 16:00,Norte,NO-01,96.34,132.52,5,221.33
2026-01-18 16:00,Norte,NO-02,67.29,97.76,1,199.78
2026-01-18 16:00,Sudeste,SU-01,82.99,95.65,5,269.48
2026-01-18 16:00,Sudeste,SU-02,93.94,110.53,2,269.57
2026-01-18 16:00,Sul,SU-01,88.57,132.24,2,185.21
2026-01-18 16:00,Sul,SU-02,73.78,98.73,3,223.89
2026-01-18 17:00,Centro-Oeste,CE-01,67.65,91.43,2,227.11
2026-01-18 17:00,Centro-Oeste,CE-02,82.99,130.44,2,157.58
2026-01-18 17:00,Nordeste,NO-01,84.53,110.72,1,225.72
2026-01-18 17:00,Nordeste,NO-02,78.79,117.16,3,202.11
2026-01-18 17:00,Norte,NO-01,91.53,125.09,5,206.84
2026-01-18 17:00,Norte,NO-02,65.4,97.47,1,193.5
2026-01-18 17:00,Sudeste,SU-01,83.28,99.02,5,265.55
2026-01-18 17:00,Sudeste,SU-02,94.29,108.06,2,288.59
2026-01-18 17:00,Sul,SU-01,90.36,125.47,2,207.07
2026-01-18 17:00,Sul,SU-02,74.06,97.44,3,239.65
2026-01-18 18:00,Centro-Oeste,CE-01,68.79,95.45,2,205.6
2026-01-18 18:00,Centro-Oeste,CE-02,91.45,126.13,2,218.39
2026-01-18 18:00,Nordeste,NO-01,83.72,113.61,1,223.3
2026-01-18 18:00,Nordeste,NO-02,81.3,114.52,3,198.84
2026-01-18 18:00,Norte,NO-01,95.33,127.28,5,224.27
2026-01-18 18:00,Norte,NO-02,68.31,91.67,1,228.62
2026-01-18 18:00,Sudeste,SU-01,84.41,92.68,5,302.74
2026-01-18 18:00,Sudeste,SU-02,95.35,111.93,2,275.61
2026-01-18 18:00,Sul,SU-01,96.89,124.79,2,240.6
2026-01-18 18:00,Sul,SU-02,75.14,99.08,3,234.73
2026-01-18 19:00,Centro-Oeste,CE-01,69.73,91.15,2,223.33
2026-01-18 19:00,Centro-Oeste,CE-02,86.39,125.35,2,186.74
2026-01-18 19:00,Nordeste,NO-01,87.9,112.58,1,239.87
2026-01-18 19:00,Nordeste,NO-02,77.03,110.19,3,209.58
2026-01-18 19:00,Norte,NO-01,98.32,123.6,5,256.57
2026-01-18 19:00,Norte,NO-02,70.8,93.03,1,228.38
2026-01-18 19:00,Sudeste,SU-01,81.12,93.74,5,277.46
2026-01-18 19:00,Sudeste,SU-02,95.63,106.53,2,308.06
2026-01-18 19:00,Sul,SU-01,95.99,121.52,2,235.49
2026-01-18 19:00,Sul,SU-02,78.24,92.01,3,272.7
2026-01-18 20:00,Centro-Oeste,CE-01,73.66,91.28,2,254.74
2026-01-18 20:00,Centro-Oeste,CE-02,91.62,121.87,2,229.7
2026-01-18 20:00,Nordeste,NO-01,89.36,110.21,1,258.43
2026-01-18 20:00,Nordeste,NO-02,79.83,110.37,3,212.51
2026-01-18 20:00,Norte,NO-01,95.1,123.37,5,235.36
2026-01-18 20:00,Norte,NO-02,65.97,91.94,1,211.31
2026-01-18 20:00,Sudeste,SU-01,79.98,90.94,5,294.69
2026-01-18 20:00,Sudeste,SU-02,101.07,105.92,2,328.86
2026-01-18 20:00,Sul,SU-01,98.31,122.61,2,260.66
2026-01-18 20:00,Sul,SU-02,77.8,96.45,3,256.8
2026-01-18 21:00,Centro-Oeste,CE-01,72.46,87.59,2,270.3
2026-01-18 21:00,Centro-Oeste,CE-02,87.04,126.63,2,198.51
2026-01-18 21:00,Nordeste,NO-01,84.47,105.38,1,266.05
2026-01-18 21:00,Nordeste,NO-02,81.02,108.37,3,228.21
2026-01-18 21:00,Norte,NO-01,93.75,121.73,5,225.65
2026-01-18 21:00,Norte,NO-02,65.08,90.48,1,210.21
2026-01-18 21:00,Sudeste,SU-01,77.12,92.04,5,270.09
2026-01-18 21:00,Sudeste,SU-02,89.27,105.11,2,279.88
2026-01-18 21:00,Sul,SU-01,95.34,123.05,2,241.23
2026-01-18 21:00,Sul,SU-02,77.06,94.55,3,271.77
2026-01-18 22:00,Centro-Oeste,CE-01,68.28,88.71,2,232.15
2026-01-18 22:00,Centro-Oeste,CE-02,85.62,120.04,2,203.44
2026-01-18 22:00,Nordeste,NO-01,81.77,104.93,1,238.92
2026-01-18 22:00,Nordeste,NO-02,79.41,107.25,3,200.74
2026-01-18 22:00,Norte,NO-01,89.83,122.06,5,225.26
2026-01-18 22:00,Norte,NO-02,58.3,89.55,1,189.44
2026-01-18 22:00,Sudeste,SU-01,78.92,90.47,5,275.26
2026-01-18 22:00,Sudeste,SU-02,85.56,103.08,2,271.48
2026-01-18 22:00,Sul,SU-01,91.87,116.96,2,250.05
2026-01-18 22:00,Sul,SU-02,68.79,91.72,3,240.44
2026-01-18 23:00,Centro-Oeste,CE-01,72.36,90.77,2,248.71
2026-01-18 23:00,Centro-Oeste,CE-02,84.87,118.71,2,212.32
2026-01-18 23:00,Nordeste,NO-01,78.57,104.54,1,224.6
2026-01-18 23:00,Nordeste,NO-02,74.84,109.34,3,205.63
2026-01-18 23:00,Norte,NO-01,83.02,116.4,5,203.95
2026-01-18 23:00,Norte,NO-02,61.35,83.99,1,212.58
2026-01-18 23:00,Sudeste,SU-01,67.59,86.43,5,239.26
2026-01-18 23:00,Sudeste,SU-02,82.84,101.03,2,264.35
2026-01-18 23:00,Sul,SU-01,93.08,117.0,2,245.17
2026-01-18 23:00,Sul,SU-02,77.2,93.86,3,260.89
2026-01-19 00:00,Centro-Oeste,CE-01,73.81,87.46,2,266.66
2026-01-19 00:00,Centro-Oeste,CE-02,86.18,116.41,2,212.59
2026-01-19 00:00,Nordeste,NO-01,84.82,103.17,1,263.85
2026-01-19 00:00,Nordeste,NO-02,74.19,107.13,3,192.65
2026-01-19 00:00,Norte,NO-01,90.05,121.84,5,231.97
2026-01-19 00:00,Norte,NO-02,65.93,87.0,1,228.89
2026-01-19 00:00,Sudeste,SU-01,75.2,88.43,5,282.07
2026-01-19 00:00,Sudeste,SU-02,84.21,102.81,2,258.79
2026-01-19 00:00,Sul,SU-01,100.85,118.0,2,256.42
2026-01-19 00:00,Sul,SU-02,77.79,92.07,3,285.17
2026-01-19 01:00,Centro-Oeste,CE-01,68.91,89.05,2,240.14
2026-01-19 01:00,Centro-Oeste,CE-02,82.69,119.72,2,204.4
2026-01-19 01:00,Nordeste,NO-01,81.44,105.85,1,240.57
2026-01-19 01:00,Nordeste,NO-02,72.26,103.89,3,190.43
2026-01-19 01:00,Norte,NO-01,86.82,122.68,5,208.54
2026-01-19 01:00,Norte,NO-02,64.07,93.39,1,194.82
2026-01-19 01:00,Sudeste,SU-01,71.91,89.75,5,257.85
2026-01-19 01:00,Sudeste,SU-02,77.88,103.06,2,213.7
2026-01-19 01:00,Sul,SU-01,90.01,118.49,2,227.28
2026-01-19 01:00,Sul,SU-02,76.01,91.42,3,278.42
2026-01-19 02:00,Centro-Oeste,CE-01,66.3,91.18,2,216.7
2026-01-19 02:00,Centro-Oeste,CE-02,81.92,118.76,2,189.96
2026-01-19 02:00,Nordeste,NO-01,75.22,104.6,1,213.74
2026-01-19 02:00,Nordeste,NO-02,68.48,109.31,3,174.22
2026-01-19 02:00,Norte,NO-01,78.23,122.09,5,166.82
2026-01-19 02:00,Norte,NO-02,56.26,89.19,1,172.36
2026-01-19 02:00,Sudeste,SU-01,67.28,92.54,5,215.99
2026-01-19 02:00,Sudeste,SU-02,77.17,105.68,2,206.98
2026-01-19 02:00,Sul,SU-01,89.07,119.08,2,228.48
2026-01-19 02:00,Sul,SU-02,74.29,89.87,3,265.11
2026-01-19 03:00,Centro-Oeste,CE-01,60.82,89.8,2,191.93
2026-01-19 03:00,Centro-Oeste,CE-02,71.15,121.73,2,160.58
2026-01-19 03:00,Nordeste,NO-01,70.19,105.14,1,190.87
2026-01-19 03:00,Nordeste,NO-02,67.21,106.44,3,172.22
2026-01-19 03:00,Norte,NO-01,77.03,119.77,5,170.84
2026-01-19 03:00,Norte,NO-02,53.81,88.11,1,159.87
2026-01-19 03:00,Sudeste,SU-01,62.57,89.24,5,192.84
2026-01-19 03:00,Sudeste,SU-02,76.52,104.03,2,224.98
2026-01-19 03:00,Sul,SU-01,86.67,122.23,2,200.6
2026-01-19 03:00,Sul,SU-02,68.25,88.9,3,226.75
2026-01-19 04:00,Centro-Oeste,CE-01,58.85,90.0,2,174.87
2026-01-19 04:00,Centro-Oeste,CE-02,68.86,125.15,2,151.64
2026-01-19 04:00,Nordeste,NO-01,70.16,106.44,1,170.59
2026-01-19 04:00,Nordeste,NO-02,68.45,109.74,3,167.73
2026-01-19 04:00,Norte,NO-01,75.32,124.76,5,149.24
2026-01-19 04:00,Norte,NO-02,52.29,91.15,1,141.49
2026-01-19 04:00,Sudeste,SU-01,61.08,91.16,5,190.61
2026-01-19 04:00,Sudeste,SU-02,72.06,105.49,2,187.73
2026-01-19 04:00,Sul,SU-01,82.86,114.31,2,215.68
2026-01-19 04:00,Sul,SU-02,64.51,89.87,3,210.09
2026-01-19 05:00,Centro-Oeste,CE-01,53.35,92.24,2,164.17
2026-01-19 05:00,Centro-Oeste,CE-02,68.1,124.95,2,165.07
2026-01-19 05:00,Nordeste,NO-01,68.37,110.05,1,158.4
2026-01-19 05:00,Nordeste,NO-02,65.8,115.54,3,154.37
2026-01-19 05:00,Norte,NO-01,76.8,126.48,5,152.99
2026-01-19 05:00,Norte,NO-02,52.04,91.8,1,150.86
2026-01-19 05:00,Sudeste,SU-01,58.51,93.67,5,164.31
2026-01-19 05:00,Sudeste,SU-02,68.04,103.82,2,192.19
2026-01-19 05:00,Sul,SU-01,82.73,122.92,2,194.24
2026-01-19 05:00,Sul,SU-02,63.27,95.23,3,176.18
2026-01-19 06:00,Centro-Oeste,CE-01,51.02,93.81,2,157.72
2026-01-19 06:00,Centro-Oeste,CE-02,63.94,129.09,2,156.6
2026-01-19 06:00,Nordeste,NO-01,67.72,114.03,1,153.85
2026-01-19 06:00,Nordeste,NO-02,64.54,112.15,3,147.48
2026-01-19 06:00,Norte,NO-01,73.92,124.55,5,148.13
2026-01-19 06:00,Norte,NO-02,53.42,95.91,1,145.33
2026-01-19 06:00,Sudeste,SU-01,58.38,93.37,5,175.97
2026-01-19 06:00,Sudeste,SU-02,69.51,108.41,2,174.84
2026-01-19 06:00,Sul,SU-01,78.99,123.61,2,163.59
2026-01-19 06:00,Sul,SU-02,61.94,94.14,3,163.0
2026-01-19 07:00,Centro-Oeste,CE-01,49.7,92.19,2,151.66
2026-01-19 07:00,Centro-Oeste,CE-02,61.88,124.31,2,152.85
2026-01-19 07:00,Nordeste,NO-01,67.87,113.11,1,165.81
2026-01-19 07:00,Nordeste,NO-02,61.88,114.57,3,145.9
2026-01-19 07:00,Norte,NO-01,71.65,126.98,5,149.24
2026-01-19 07:00,Norte,NO-02,48.8,97.24,1,164.73
2026-01-19 07:00,Sudeste,SU-01,60.36,94.53,5,181.72
2026-01-19 07:00,Sudeste,SU-02,71.24,110.45,2,177.8
2026-01-19 07:00,Sul,SU-01,76.55,125.7,2,155.86
2026-01-19 07:00,Sul,SU-02,64.18,100.15,3,166.04
2026-01-19 08:00,Centro-Oeste,CE-01,50.91,94.69,2,145.54
2026-01-19 08:00,Centro-Oeste,CE-02,60.69,128.16,2,144.88
2026-01-19 08:00,Nordeste,NO-01,65.56,116.5,1,145.22
2026-01-19 08:00,Nordeste,NO-02,66.12,116.38,3,160.07
2026-01-19 08:00,Norte,NO-01,75.92,128.33,5,143.55
2026-01-19 08:00,Norte,NO-02,54.47,94.94,1,172.04
2026-01-19 08:00,Sudeste,SU-01,62.42,98.91,5,164.92
2026-01-19 08:00,Sudeste,SU-02,72.15,104.1,2,189.64
2026-01-19 08:00,Sul,SU-01,74.14,129.3,2,141.16
2026-01-19 08:00,Sul,SU-02,63.39,101.96,3,163.12
2026-01-19 09:00,Centro-Oeste,CE-01,52.49,99.66,2,151.96
2026-01-19 09:00,Centro-Oeste,CE-02,60.33,135.44,2,156.25
2026-01-19 09:00,Nordeste,NO-01,67.79,116.8,1,150.73
2026-01-19 09:00,Nordeste,NO-02,65.38,116.84,3,158.48
2026-01-19 09:00,Norte,NO-01,78.14,132.67,5,140.04
2026-01-19 09:00,Norte,NO-02,53.78,98.57,1,141.58
2026-01-19 09:00,Sudeste,SU-01,65.85,103.37,5,169.73
2026-01-19 09:00,Sudeste,SU-02,76.24,113.27,2,187.23
2026-01-19 09:00,Sul,SU-01,78.86,131.68,2,153.02
2026-01-19 09:00,Sul,SU-02,58.59,99.93,3,153.67
2026-01-19 10:00,Centro-Oeste,CE-01,56.67,97.01,2,149.79
2026-01-19 10:00,Centro-Oeste,CE-02,63.73,132.22,2,155.51
2026-01-19 10:00,Nordeste,NO-01,66.83,119.2,1,153.61
2026-01-19 10:00,Nordeste,NO-02,65.19,115.82,3,148.18
2026-01-19 10:00,Norte,NO-01,77.9,129.83,5,149.92
2026-01-19 10:00,Norte,NO-02,58.11,97.33,1,152.94
2026-01-19 10:00,Sudeste,SU-01,67.86,100.25,5,197.95
2026-01-19 10:00,Sudeste,SU-02,77.09,111.29,2,191.18
2026-01-19 10:00,Sul,SU-01,79.05,130.0,2,150.17
2026-01-19 10:00,Sul,SU-02,61.68,100.75,3,168.48
2026-01-19 11:00,Centro-Oeste,CE-01,54.17,98.77,2,139.65
2026-01-19 11:00,Centro-Oeste,CE-02,68.93,132.24,2,160.44
2026-01-19 11:00,Nordeste,NO-01,70.59,117.63,1,152.75
2026-01-19 11:00,Nordeste,NO-02,70.64,119.14,3,159.29
2026-01-19 11:00,Norte,NO-01,85.62,134.42,5,162.33
2026-01-19 11:00,Norte,NO-02,60.84,97.06,1,144.33
2026-01-19 11:00,Sudeste,SU-01,70.44,101.46,5,204.25
2026-01-19 11:00,Sudeste,SU-02,81.73,117.69,2,196.79
2026-01-19 11:00,Sul,SU-01,81.93,133.51,2,156.38
2026-01-19 11:00,Sul,SU-02,65.3,105.63,3,154.25
2026-01-19 12:00,Centro-Oeste,CE-01,56.77,96.26,2,161.48
2026-01-19 12:00,Centro-Oeste,CE-02,75.87,135.28,2,150.49
2026-01-19 12:00,Nordeste,NO-01,78.0,121.2,1,167.44
2026-01-19 12:00,Nordeste,NO-02,70.84,121.01,3,154.03
2026-01-19 12:00,Norte,NO-01,91.35,127.8,5,204.82
2026-01-19 12:00,Norte,NO-02,63.35,99.81,1,179.68
2026-01-19 12:00,Sudeste,SU-01,73.88,99.66,5,211.83
2026-01-19 12:00,Sudeste,SU-02,90.06,113.28,2,246.92
2026-01-19 12:00,Sul,SU-01,87.77,129.16,2,195.72
2026-01-19 12:00,Sul,SU-02,71.43,105.28,3,186.94
2026-01-19 13:00,Centro-Oeste,CE-01,60.66,94.3,2,178.59
2026-01-19 13:00,Centro-Oeste,CE-02,75.78,131.47,2,145.97
2026-01-19 13:00,Nordeste,NO-01,77.11,115.83,1,181.34
2026-01-19 13:00,Nordeste,NO-02,73.36,118.54,3,169.12
2026-01-19 13:00,Norte,NO-01,91.93,135.56,5,180.08
2026-01-19 13:00,Norte,NO-02,63.21,99.01,1,170.69
2026-01-19 13:00,Sudeste,SU-01,78.56,105.34,5,237.53
2026-01-19 13:00,Sudeste,SU-02,91.89,113.05,2,259.5
2026-01-19 13:00,Sul,SU-01,87.31,129.7,2,191.99
2026-01-19 13:00,Sul,SU-02,70.96,101.88,3,207.03
2026-01-19 14:00,Centro-Oeste,CE-01,64.74,97.75,2,178.75
2026-01-19 14:00,Centro-Oeste,CE-02,83.04,134.89,2,155.27
2026-01-19 14:00,Nordeste,NO-01,82.57,112.12,1,220.54
2026-01-19 14:00,Nordeste,NO-02,76.55,118.11,3,171.35
2026-01-19 14:00,Norte,NO-01,96.71,134.35,5,205.86
2026-01-19 14:00,Norte,NO-02,68.28,99.58,1,197.33
2026-01-19 14:00,Sudeste,SU-01,78.05,95.27,5,245.09
2026-01-19 14:00,Sudeste,SU-02,99.02,118.39,2,257.17
2026-01-19 14:00,Sul,SU-01,89.17,132.81,2,189.49
2026-01-19 14:00,Sul,SU-02,73.98,101.08,3,212.35
2026-01-19 15:00,Centro-Oeste,CE-01,70.8,95.39,2,225.31
2026-01-19 15:00,Centro-Oeste,CE-02,82.99,132.14,2,152.71
2026-01-19 15:00,Nordeste,NO-01,82.47,115.35,1,213.14
2026-01-19 15:00,Nordeste,NO-02,80.45,112.4,3,208.37
2026-01-19 15:00,Norte,NO-01,99.84,134.71,5,213.59
2026-01-19 15:00,Norte,NO-02,70.93,97.57,1,211.01
2026-01-19 15:00,Sudeste,SU-01,81.42,99.79,5,258.06
2026-01-19 15:00,Sudeste,SU-02,99.52,109.77,2,307.55
2026-01-19 15:00,Sul,SU-01,97.76,130.18,2,224.92
2026-01-19 15:00,Sul,SU-02,73.83,98.54,3,230.93
2026-01-19 16:00,Centro-Oeste,CE-01,73.44,97.99,2,227.93
2026-01-19 16:00,Centro-Oeste,CE-02,92.09,131.89,2,186.47
2026-01-19 16:00,Nordeste,NO-01,85.91,113.87,1,214.93
2026-01-19 16:00,Nordeste,NO-02,87.7,115.69,3,222.0
2026-01-19 16:00,Norte,NO-01,103.69,127.61,5,260.07
2026-01-19 16:00,Norte,NO-02,69.32,96.87,1,206.26
2026-01-19 16:00,Sudeste,SU-01,88.75,100.03,5,317.22
2026-01-19 16:00,Sudeste,SU-02,100.74,112.12,2,298.07
2026-01-19 16:00,Sul,SU-01,98.94,130.86,2,233.55
2026-01-19 16:00,Sul,SU-02,82.61,97.83,3,264.04
2026-01-19 17:00,Centro-Oeste,CE-01,73.94,96.46,2,237.31
2026-01-19 17:00,Centro-Oeste,CE-02,92.23,123.96,2,210.59
2026-01-19 17:00,Nordeste,NO-01,88.64,110.43,1,256.54
2026-01-19 17:00,Nordeste,NO-02,87.73,112.29,3,236.03
2026-01-19 17:00,Norte,NO-01,103.21,127.63,5,248.32
2026-01-19 17:00,Norte,NO-02,71.91,96.03,1,230.69
2026-01-19 17:00,Sudeste,SU-01,88.31,96.39,5,304.22
2026-01-19 17:00,Sudeste,SU-02,107.72,110.4,2,330.82
2026-01-19 17:00,Sul,SU-01,97.27,128.04,2,240.46
2026-01-19 17:00,Sul,SU-02,80.53,98.11,3,246.03
2026-01-19 18:00,Centro-Oeste,CE-01,76.03,90.97,2,269.18
2026-01-19 18:00,Centro-Oeste,CE-02,95.19,126.58,2,219.85
2026-01-19 18:00,Nordeste,NO-01,86.55,108.26,1,251.43
2026-01-19 18:00,Nordeste,NO-02,81.65,110.0,3,202.98
2026-01-19 18:00,Norte,NO-01,106.11,126.11,5,274.78
2026-01-19 18:00,Norte,NO-02,72.6,94.83,1,230.38
2026-01-19 18:00,Sudeste,SU-01,84.29,96.3,5,302.06
2026-01-19 18:00,Sudeste,SU-02,107.15,109.5,2,339.2
2026-01-19 18:00,Sul,SU-01,105.97,127.08,2,269.05
2026-01-19 18:00,Sul,SU-02,79.48,99.76,3,246.26
2026-01-19 19:00,Centro-Oeste,CE-01,82.45,91.14,2,304.38
2026-01-19 19:00,Centro-Oeste,CE-02,98.86,122.87,2,239.77
2026-01-19 19:00,Nordeste,NO-01,88.51,111.86,1,247.28
2026-01-19 19:00,Nordeste,NO-02,87.87,109.56,3,264.46
2026-01-19 19:00,Norte,NO-01,109.03,122.04,5,303.1
2026-01-19 19:00,Norte,NO-02,76.19,92.05,1,263.67
2026-01-19 19:00,Sudeste,SU-01,91.49,94.61,5,333.15
2026-01-19 19:00,Sudeste,SU-02,99.67,108.77,2,320.44
2026-01-19 19:00,Sul,SU-01,105.06,123.5,2,273.29
2026-01-19 19:00,Sul,SU-02,82.67,96.99,3,282.64
2026-01-19 20:00,Centro-Oeste,CE-01,81.1,91.48,2,302.97
2026-01-19 20:00,Centro-Oeste,CE-02,102.64,124.64,2,254.16
2026-01-19 20:00,Nordeste,NO-01,91.79,108.73,1,261.57
2026-01-19 20:00,Nordeste,NO-02,84.76,109.48,3,252.28
2026-01-19 20:00,Norte,NO-01,100.58,120.99,5,257.94
2026-01-19 20:00,Norte,NO-02,73.18,94.07,1,224.99
2026-01-19 20:00,Sudeste,SU-01,87.1,90.94,5,317.67
2026-01-19 20:00,Sudeste,SU-02,95.96,105.01,2,310.78
2026-01-19 20:00,Sul,SU-01,110.32,119.9,2,310.16
2026-01-19 20:00,Sul,SU-02,84.66,92.57,3,287.11
2026-01-19 21:00,Centro-Oeste,CE-01,77.2,87.46,2,288.59
2026-01-19 21:00,Centro-Oeste,CE-02,90.6,118.69,2,236.58
2026-01-19 21:00,Nordeste,NO-01,91.59,108.74,1,267.26
2026-01-19 21:00,Nordeste,NO-02,82.41,106.52,3,244.69
2026-01-19 21:00,Norte,NO-01,96.5,123.35,5,236.66
2026-01-19 21:00,Norte,NO-02,70.89,94.28,1,237.53
2026-01-19 21:00,Sudeste,SU-01,83.36,92.39,5,315.04
2026-01-19 21:00,Sudeste,SU-02,102.23,104.82,2,340.22
2026-01-19 21:00,Sul,SU-01,107.23,119.55,2,301.66
2026-01-19 21:00,Sul,SU-02,87.17,93.6,3,320.71
2026-01-19 22:00,Centro-Oeste,CE-01,82.08,86.47,2,324.89
2026-01-19 22:00,Centro-Oeste,CE-02,96.28,123.07,2,245.36
2026-01-19 22:00,Nordeste,NO-01,83.97,104.13,1,241.78
2026-01-19 22:00,Nordeste,NO-02,81.98,107.07,3,241.72
2026-01-19 22:00,Norte,NO-01,101.33,114.31,5,294.21
2026-01-19 22:00,Norte,NO-02,72.18,88.47,1,258.31
2026-01-19 22:00,Sudeste,SU-01,82.02,91.56,5,305.46
2026-01-19 22:00,Sudeste,SU-02,90.41,100.45,2,298.14
2026-01-19 22:00,Sul,SU-01,100.77,116.64,2,282.66
2026-01-19 22:00,Sul,SU-02,83.96,91.16,3,313.72
2026-01-19 23:00,Centro-Oeste,CE-01,76.12,87.15,2,298.19
2026-01-19 23:00,Centro-Oeste,CE-02,92.59,117.9,2,233.8
2026-01-19 23:00,Nordeste,NO-01,86.83,105.97,1,272.23
2026-01-19 23:00,Nordeste,NO-02,78.89,106.7,3,209.09
2026-01-19 23:00,Norte,NO-01,89.98,118.61,5,232.89
2026-01-19 23:00,Norte,NO-02,69.0,88.88,1,225.87
2026-01-19 23:00,Sudeste,SU-01,78.42,87.22,5,296.64
2026-01-19 23:00,Sudeste,SU-02,90.78,102.01,2,297.71
2026-01-19 23:00,Sul,SU-01,100.39,114.45,2,309.91
2026-01-19 23:00,Sul,SU-02,79.79,88.67,3,311.51
2026-01-20 00:00,Centro-Oeste,CE-01,74.42,84.4,2,285.04
2026-01-20 00:00,Centro-Oeste,CE-02,87.72,119.52,2,233.81
2026-01-20 00:00,Nordeste,NO-01,80.5,101.85,1,232.24
2026-01-20 00:00,Nordeste,NO-02,78.33,106.82,3,213.26
2026-01-20 00:00,Norte,NO-01,89.49,117.35,5,223.09
2026-01-20 00:00,Norte,NO-02,64.28,87.3,1,224.83
2026-01-20 00:00,Sudeste,SU-01,74.79,86.52,5,279.76
2026-01-20 00:00,Sudeste,SU-02,87.11,104.19,2,254.75
2026-01-20 00:00,Sul,SU-01,102.47,114.11,2,307.36
2026-01-20 00:00,Sul,SU-02,76.28,89.69,3,264.99
2026-01-20 01:00,Centro-Oeste,CE-01,68.49,87.15,2,248.17
2026-01-20 01:00,Centro-Oeste,CE-02,85.4,120.24,2,206.34
2026-01-20 01:00,Nordeste,NO-01,76.31,108.71,1,201.65
2026-01-20 01:00,Nordeste,NO-02,73.99,104.53,3,205.7
2026-01-20 01:00,Norte,NO-01,83.72,120.45,5,199.06
2026-01-20 01:00,Norte,NO-02,58.11,88.39,1,183.83
2026-01-20 01:00,Sudeste,SU-01,74.71,89.26,5,262.47
2026-01-20 01:00,Sudeste,SU-02,82.39,102.27,2,247.84
2026-01-20 01:00,Sul,SU-01,102.3,115.1,2,289.95
2026-01-20 01:00,Sul,SU-02,77.18,92.37,3,268.29
2026-01-20 02:00,Centro-Oeste,CE-01,66.2,85.76,2,235.85
2026-01-20 02:00,Centro-Oeste,CE-02,82.06,123.1,2,169.17
2026-01-20 02:00,Nordeste,NO-01,74.91,103.41,1,215.41
2026-01-20 02:00,Nordeste,NO-02,73.03,105.52,3,198.53
2026-01-20 02:00,Norte,NO-01,82.29,116.71,5,218.05
2026-01-20 02:00,Norte,NO-02,60.56,90.59,1,180.66
2026-01-20 02:00,Sudeste,SU-01,65.17,90.38,5,198.25
2026-01-20 02:00,Sudeste,SU-02,79.14,102.91,2,246.03
2026-01-20 02:00,Sul,SU-01,93.65,117.49,2,246.27
2026-01-20 02:00,Sul,SU-02,76.42,92.29,3,257.7
2026-01-20 03:00,Centro-Oeste,CE-01,63.69,89.97,2,201.6
2026-01-20 03:00,Centro-Oeste,CE-02,74.51,122.14,2,151.87
2026-01-20 03:00,Nordeste,NO-01,70.55,105.95,1,193.14
2026-01-20 03:00,Nordeste,NO-02,70.48,105.97,3,187.08
2026-01-20 03:00,Norte,NO-01,75.37,123.88,5,160.9
2026-01-20 03:00,Norte,NO-02,56.45,91.73,1,167.71
2026-01-20 03:00,Sudeste,SU-01,63.75,94.5,5,196.37
2026-01-20 03:00,Sudeste,SU-02,72.04,109.49,2,177.99
2026-01-20 03:00,Sul,SU-01,87.94,119.74,2,232.88
2026-01-20 03:00,Sul,SU-02,69.28,97.67,3,194.7
2026-01-20 04:00,Centro-Oeste,CE-01,55.53,90.68,2,153.25
2026-01-20 04:00,Centro-Oeste,CE-02,69.37,125.76,2,137.9
2026-01-20 04:00,Nordeste,NO-01,70.69,104.94,1,179.34
2026-01-20 04:00,Nordeste,NO-02,65.63,109.59,3,148.75
2026-01-20 04:00,Norte,NO-01,79.32,122.99,5,153.72
2026-01-20 04:00,Norte,NO-02,53.57,90.03,1,152.78
2026-01-20 04:00,Sudeste,SU-01,61.92,92.36,5,199.61
2026-01-20 04:00,Sudeste,SU-02,72.36,105.37,2,188.39
2026-01-20 04:00,Sul,SU-01,85.29,116.87,2,222.76
2026-01-20 04:00,Sul,SU-02,65.35,93.29,3,189.16
2026-01-20 05:00,Centro-Oeste,CE-01,56.45,93.97,2,152.75
2026-01-20 05:00,Centro-Oeste,CE-02,67.28,124.49,2,157.06
2026-01-20 05:00,Nordeste,NO-01,68.98,108.78,1,168.72
2026-01-20 05:00,Nordeste,NO-02,64.59,106.76,3,155.97
2026-01-20 05:00,Norte,NO-01,80.96,122.77,5,176.81
2026-01-20 05:00,Norte,NO-02,53.93,92.59,1,137.93
2026-01-20 05:00,Sudeste,SU-01,59.41,91.54,5,158.86
2026-01-20 05:00,Sudeste,SU-02,68.9,106.66,2,168.75
2026-01-20 05:00,Sul,SU-01,83.87,128.02,2,181.97
2026-01-20 05:00,Sul,SU-02,61.81,95.86,3,172.61
2026-01-20 06:00,Centro-Oeste,CE-01,51.23,94.51,2,163.59
2026-01-20 06:00,Centro-Oeste,CE-02,62.83,129.53,2,136.57
2026-01-20 06:00,Nordeste,NO-01,68.88,111.86,1,156.59
2026-01-20 06:00,Nordeste,NO-02,62.57,112.7,3,158.17
2026-01-20 06:00,Norte,NO-01,78.62,125.89,5,164.72
2026-01-20 06:00,Norte,NO-02,56.4,94.0,1,153.95
2026-01-20 06:00,Sudeste,SU-01,57.01,91.06,5,159.4
2026-01-20 06:00,Sudeste,SU-02,66.18,108.32,2,151.0
2026-01-20 06:00,Sul,SU-01,79.25,125.25,2,162.74
2026-01-20 06:00,Sul,SU-02,61.22,100.4,3,147.25
2026-01-20 07:00,Centro-Oeste,CE-01,52.99,98.23,2,150.17
2026-01-20 07:00,Centro-Oeste,CE-02,61.84,133.94,2,134.08
2026-01-20 07:00,Nordeste,NO-01,64.5,112.21,1,150.41
2026-01-20 07:00,Nordeste,NO-02,63.32,115.51,3,144.05
2026-01-20 07:00,Norte,NO-01,87.62,133.15,5,163.32
2026-01-20 07:00,Norte,NO-02,59.82,97.68,1,165.66
2026-01-20 07:00,Sudeste,SU-01,60.16,97.93,5,154.01
2026-01-20 07:00,Sudeste,SU-02,72.25,113.21,2,164.43
2026-01-20 07:00,Sul,SU-01,76.88,128.62,2,150.33
2026-01-20 07:00,Sul,SU-02,63.55,102.18,3,152.58
2026-01-20 08:00,Centro-Oeste,CE-01,51.08,94.61,2,156.11
2026-01-20 08:00,Centro-Oeste,CE-02,65.77,132.63,2,147.83
2026-01-20 08:00,Nordeste,NO-01,68.42,114.19,1,142.33
2026-01-20 08:00,Nordeste,NO-02,61.28,120.43,3,139.46
2026-01-20 08:00,Norte,NO-01,90.28,128.95,5,207.4
2026-01-20 08:00,Norte,NO-02,62.25,92.13,1,164.47
2026-01-20 08:00,Sudeste,SU-01,59.9,98.37,5,142.78
2026-01-20 08:00,Sudeste,SU-02,69.65,109.51,2,152.2
2026-01-20 08:00,Sul,SU-01,78.22,129.05,2,154.3
2026-01-20 08:00,Sul,SU-02,60.12,98.86,3,142.81
2026-01-20 09:00,Centro-Oeste,CE-01,52.51,96.27,2,143.25
2026-01-20 09:00,Centro-Oeste,CE-02,65.29,132.76,2,155.99
2026-01-20 09:00,Nordeste,NO-01,72.47,114.21,1,185.21
2026-01-20 09:00,Nordeste,NO-02,65.8,115.33,3,150.62
2026-01-20 09:00,Norte,NO-01,94.04,132.22,5,201.3
2026-01-20 09:00,Norte,NO-02,63.0,96.61,1,177.28
2026-01-20 09:00,Sudeste,SU-01,66.41,98.47,5,182.13
2026-01-20 09:00,Sudeste,SU-02,73.42,108.24,2,195.33
2026-01-20 09:00,Sul,SU-01,75.87,127.98,2,147.39
2026-01-20 09:00,Sul,SU-02,60.02,102.56,3,159.9
2026-01-20 10:00,Centro-Oeste,CE-01,52.82,99.29,2,139.43
2026-01-20 10:00,Centro-Oeste,CE-02,66.34,132.62,2,149.25
2026-01-20 10:00,Nordeste,NO-01,70.21,115.2,1,153.34
2026-01-20 10:00,Nordeste,NO-02,63.83,119.05,3,146.66
2026-01-20 10:00,Norte,NO-01,106.23,137.02,5,237.1
2026-01-20 10:00,Norte,NO-02,71.68,96.88,1,213.96
2026-01-20 10:00,Sudeste,SU-01,64.64,100.22,5,178.65
2026-01-20 10:00,Sudeste,SU-02,77.1,113.5,2,187.81
2026-01-20 10:00,Sul,SU-01,75.03,133.62,2,142.38
2026-01-20 10:00,Sul,SU-02,57.74,103.67,3,134.51
2026-01-20 11:00,Centro-Oeste,CE-01,52.45,100.49,2,133.57
2026-01-20 11:00,Centro-Oeste,CE-02,66.01,131.61,2,152.35
2026-01-20 11:00,Nordeste,NO-01,71.77,119.81,1,143.19
2026-01-20 11:00,Nordeste,NO-02,68.7,118.25,3,157.45
2026-01-20 11:00,Norte,NO-01,109.97,125.68,5,287.32
2026-01-20 11:00,Norte,NO-02,78.73,97.63,1,261.77
2026-01-20 11:00,Sudeste,SU-01,69.71,101.22,5,196.5
2026-01-20 11:00,Sudeste,SU-02,81.84,109.2,2,233.55
2026-01-20 11:00,Sul,SU-01,79.96,132.21,2,151.92
2026-01-20 11:00,Sul,SU-02,63.15,99.67,3,164.32
2026-01-20 12:00,Centro-Oeste,CE-01,54.37,101.33,2,149.2
2026-01-20 12:00,Centro-Oeste,CE-02,71.87,135.69,2,161.85
2026-01-20 12:00,Nordeste,NO-01,74.16,113.63,1,173.67
2026-01-20 12:00,Nordeste,NO-02,71.12,117.79,3,149.55
2026-01-20 12:00,Norte,NO-01,117.58,131.47,5,311.46
2026-01-20 12:00,Norte,NO-02,81.38,98.45,1,269.09
2026-01-20 12:00,Sudeste,SU-01,75.6,98.89,5,232.01
2026-01-20 12:00,Sudeste,SU-02,82.99,112.15,2,219.69
2026-01-20 12:00,Sul,SU-01,82.59,134.13,2,148.57
2026-01-20 12:00,Sul,SU-02,69.29,101.29,3,189.69
2026-01-20 13:00,Centro-Oeste,CE-01,61.89,97.55,2,174.89
2026-01-20 13:00,Centro-Oeste,CE-02,73.93,134.04,2,149.71
2026-01-20 13:00,Nordeste,NO-01,80.09,116.67,1,185.4
2026-01-20 13:00,Nordeste,NO-02,75.6,121.74,3,169.32
2026-01-20 13:00,Norte,NO-01,121.8,135.37,5,290.21
2026-01-20 13:00,Norte,NO-02,85.11,98.53,1,274.53
2026-01-20 13:00,Sudeste,SU-01,85.26,102.25,5,266.52
2026-01-20 13:00,Sudeste,SU-02,91.49,114.72,2,250.34
2026-01-20 13:00,Sul,SU-01,90.72,133.91,2,182.91
2026-01-20 13:00,Sul,SU-02,75.26,105.77,3,205.86
2026-01-20 14:00,Centro-Oeste,CE-01,64.39,95.48,2,189.0
2026-01-20 14:00,Centro-Oeste,CE-02,80.47,134.49,2,161.68
2026-01-20 14:00,Nordeste,NO-01,78.49,118.75,1,181.32
2026-01-20 14:00,Nordeste,NO-02,79.63,119.1,3,172.67
2026-01-20 14:00,Norte,NO-01,120.86,136.0,5,275.97
2026-01-20 14:00,Norte,NO-02,92.15,99.25,1,315.31
2026-01-20 14:00,Sudeste,SU-01,82.1,97.46,5,282.97
2026-01-20 14:00,Sudeste,SU-02,89.72,114.96,2,251.17
2026-01-20 14:00,Sul,SU-01,105.17,132.11,2,253.02
2026-01-20 14:00,Sul,SU-02,83.17,102.41,3,253.93
2026-01-20 15:00,Centro-Oeste,CE-01,67.93,97.15,2,199.81
2026-01-20 15:00,Centro-Oeste,CE-02,84.66,133.19,2,182.77
2026-01-20 15:00,Nordeste,NO-01,87.15,113.25,1,228.48
2026-01-20 15:00,Nordeste,NO-02,77.76,119.88,3,170.57
2026-01-20 15:00,Norte,NO-01,133.03,126.19,5,371.45
2026-01-20 15:00,Norte,NO-02,95.52,95.84,1,337.85
2026-01-20 15:00,Sudeste,SU-01,84.74,99.64,5,268.1
2026-01-20 15:00,Sudeste,SU-02,97.45,115.01,2,271.16
2026-01-20 15:00,Sul,SU-01,110.31,132.27,2,260.38
2026-01-20 15:00,Sul,SU-02,86.21,102.57,3,274.29
2026-01-20 16:00,Centro-Oeste,CE-01,69.77,92.21,2,227.65
2026-01-20 16:00,Centro-Oeste,CE-02,89.4,126.83,2,208.89
2026-01-20 16:00,Nordeste,NO-01,86.98,114.64,1,216.29
2026-01-20 16:00,Nordeste,NO-02,83.0,114.41,3,204.82
2026-01-20 16:00,Norte,NO-01,129.36,130.24,5,340.67
2026-01-20 16:00,Norte,NO-02,96.33,98.78,1,334.01
2026-01-20 16:00,Sudeste,SU-01,92.96,94.71,5,327.96
2026-01-20 16:00,Sudeste,SU-02,103.23,114.04,2,310.31
2026-01-20 16:00,Sul,SU-01,115.06,130.41,2,302.41
2026-01-20 16:00,Sul,SU-02,91.23,100.02,3,303.48
2026-01-20 17:00,Centro-Oeste,CE-01,75.17,94.95,2,244.74
2026-01-20 17:00,Centro-Oeste,CE-02,91.92,129.24,2,207.45
2026-01-20 17:00,Nordeste,NO-01,93.34,112.85,1,258.34
2026-01-20 17:00,Nordeste,NO-02,84.94,117.14,3,219.86
2026-01-20 17:00,Norte,NO-01,131.92,130.02,5,365.93
2026-01-20 17:00,Norte,NO-02,93.77,94.15,1,346.65
2026-01-20 17:00,Sudeste,SU-01,86.86,95.33,5,301.42
2026-01-20 17:00,Sudeste,SU-02,101.75,114.76,2,291.25
2026-01-20 17:00,Sul,SU-01,123.6,127.32,2,327.28
2026-01-20 17:00,Sul,SU-02,96.65,95.92,3,344.39
2026-01-20 18:00,Centro-Oeste,CE-01,76.66,92.95,2,253.79
2026-01-20 18:00,Centro-Oeste,CE-02,98.78,125.93,2,237.1
2026-01-20 18:00,Nordeste,NO-01,89.91,108.47,1,271.48
2026-01-20 18:00,Nordeste,NO-02,86.32,113.33,3,233.98
2026-01-20 18:00,Norte,NO-01,133.88,124.44,5,397.23
2026-01-20 18:00,Norte,NO-02,92.45,92.02,1,336.36
2026-01-20 18:00,Sudeste,SU-01,85.31,92.88,5,299.67
2026-01-20 18:00,Sudeste,SU-02,109.44,105.51,2,381.21
2026-01-20 18:00,Sul,SU-01,129.33,122.58,2,398.2
2026-01-20 18:00,Sul,SU-02,96.37,96.38,3,352.84
2026-01-20 19:00,Centro-Oeste,CE-01,76.54,88.7,2,282.4
2026-01-20 19:00,Centro-Oeste,CE-02,99.87,124.81,2,246.46
2026-01-20 19:00,Nordeste,NO-01,90.93,107.08,1,268.98
2026-01-20 19:00,Nordeste,NO-02,91.27,113.88,3,255.64
2026-01-20 19:00,Norte,NO-01,123.15,124.54,5,336.25
2026-01-20 19:00,Norte,NO-02,87.54,91.17,1,320.23
2026-01-20 19:00,Sudeste,SU-01,83.29,93.11,5,295.68
2026-01-20 19:00,Sudeste,SU-02,100.15,104.99,2,324.39
2026-01-20 19:00,Sul,SU-01,125.58,124.72,2,361.24
2026-01-20 19:00,Sul,SU-02,102.65,96.52,3,364.81
2026-01-20 20:00,Centro-Oeste,CE-01,78.96,90.64,2,287.51
2026-01-20 20:00,Centro-Oeste,CE-02,100.42,124.15,2,253.75
2026-01-20 20:00,Nordeste,NO-01,92.83,105.02,1,292.59
2026-01-20 20:00,Nordeste,NO-02,85.81,110.55,3,234.46
2026-01-20 20:00,Norte,NO-01,129.23,122.26,5,375.03
2026-01-20 20:00,Norte,NO-02,85.27,89.87,1,321.8
2026-01-20 20:00,Sudeste,SU-01,87.63,91.84,5,324.82
2026-01-20 20:00,Sudeste,SU-02,106.63,104.58,2,362.32
2026-01-20 20:00,Sul,SU-01,124.6,124.08,2,345.62
2026-01-20 20:00,Sul,SU-02,104.43,92.54,3,412.37
2026-01-20 21:00,Centro-Oeste,CE-01,78.57,89.43,2,278.71
2026-01-20 21:00,Centro-Oeste,CE-02,95.1,119.39,2,255.15
2026-01-20 21:00,Nordeste,NO-01,92.84,105.06,1,287.74
2026-01-20 21:00,Nordeste,NO-02,84.39,109.6,3,253.53
2026-01-20 21:00,Norte,NO-01,115.02,120.34,5,327.29
2026-01-20 21:00,Norte,NO-02,82.31,84.41,1,338.49
2026-01-20 21:00,Sudeste,SU-01,82.89,91.83,5,301.16
2026-01-20 21:00,Sudeste,SU-02,100.08,103.25,2,339.44
2026-01-20 21:00,Sul,SU-01,124.97,121.77,2,365.13
2026-01-20 21:00,Sul,SU-02,103.91,95.46,3,392.53
2026-01-20 22:00,Centro-Oeste,CE-01,77.76,89.51,2,291.37
2026-01-20 22:00,Centro-Oeste,CE-02,93.88,120.74,2,239.59
2026-01-20 22:00,Nordeste,NO-01,91.71,110.13,1,267.54
2026-01-20 22:00,Nordeste,NO-02,80.77,106.7,3,220.57
2026-01-20 22:00,Norte,NO-01,110.29,118.21,5,309.65
2026-01-20 22:00,Norte,NO-02,72.75,88.36,1,270.12
2026-01-20 22:00,Sudeste,SU-01,89.33,87.66,5,355.78
2026-01-20 22:00,Sudeste,SU-02,109.4,101.93,2,383.88
2026-01-20 22:00,Sul,SU-01,132.23,118.02,2,413.43
2026-01-20 22:00,Sul,SU-02,102.2,89.81,3,410.9
2026-01-20 23:00,Centro-Oeste,CE-01,75.2,90.84,2,255.18
2026-01-20 23:00,Centro-Oeste,CE-02,93.52,122.5,2,237.6
2026-01-20 23:00,Nordeste,NO-01,83.84,103.87,1,257.77
2026-01-20 23:00,Nordeste,NO-02,81.28,107.65,3,228.03
2026-01-20 23:00,Norte,NO-01,102.22,116.6,5,280.29
2026-01-20 23:00,Norte,NO-02,68.98,91.74,1,243.62
2026-01-20 23:00,Sudeste,SU-01,98.75,89.77,5,407.49
2026-01-20 23:00,Sudeste,SU-02,110.72,105.42,2,382.92
2026-01-20 23:00,Sul,SU-01,122.26,116.4,2,377.4
2026-01-20 23:00,Sul,SU-02,98.68,95.71,3,339.16
2026-01-21 00:00,Centro-Oeste,CE-01,73.68,88.9,2,252.99
2026-01-21 00:00,Centro-Oeste,CE-02,89.36,118.78,2,222.61
2026-01-21 00:00,Nordeste,NO-01,84.59,104.39,1,266.57
2026-01-21 00:00,Nordeste,NO-02,78.96,107.73,3,208.32
2026-01-21 00:00,Norte,NO-01,87.06,118.85,5,221.26
2026-01-21 00:00,Norte,NO-02,62.45,87.56,1,218.47
2026-01-21 00:00,Sudeste,SU-01,98.96,92.11,5,405.56
2026-01-21 00:00,Sudeste,SU-02,116.46,101.95,2,423.72
2026-01-21 00:00,Sul,SU-01,122.39,118.01,2,373.34
2026-01-21 00:00,Sul,SU-02,100.32,91.2,3,397.19
2026-01-21 01:00,Centro-Oeste,CE-01,63.64,88.98,2,204.35
2026-01-21 01:00,Centro-Oeste,CE-02,80.01,124.85,2,182.87
2026-01-21 01:00,Nordeste,NO-01,82.28,104.42,1,242.87
2026-01-21 01:00,Nordeste,NO-02,80.07,107.91,3,214.37
2026-01-21 01:00,Norte,NO-01,82.47,114.17,5,211.18
2026-01-21 01:00,Norte,NO-02,61.22,89.17,1,185.18
2026-01-21 01:00,Sudeste,SU-01,92.39,86.34,5,366.28
2026-01-21 01:00,Sudeste,SU-02,111.87,102.92,2,394.66
2026-01-21 01:00,Sul,SU-01,113.31,118.33,2,330.21
2026-01-21 01:00,Sul,SU-02,89.86,92.14,3,333.44
2026-01-21 02:00,Centro-Oeste,CE-01,66.81,86.13,2,236.69
2026-01-21 02:00,Centro-Oeste,CE-02,80.95,122.43,2,179.27
2026-01-21 02:00,Nordeste,NO-01,75.72,106.53,1,195.79
2026-01-21 02:00,Nordeste,NO-02,73.98,109.64,3,186.31
2026-01-21 02:00,Norte,NO-01,82.39,119.56,5,192.03
2026-01-21 02:00,Norte,NO-02,58.49,91.1,1,173.78
2026-01-21 02:00,Sudeste,SU-01,95.02,89.26,5,367.78
2026-01-21 02:00,Sudeste,SU-02,102.03,102.78,2,336.43
2026-01-21 02:00,Sul,SU-01,115.61,118.59,2,342.24
2026-01-21 02:00,Sul,SU-02,86.45,92.42,3,302.04
2026-01-21 03:00,Centro-Oeste,CE-01,62.78,90.09,2,204.93
2026-01-21 03:00,Centro-Oeste,CE-02,74.26,118.13,2,159.64
2026-01-21 03:00,Nordeste,NO-01,71.55,105.29,1,188.57
2026-01-21 03:00,Nordeste,NO-02,71.05,108.77,3,183.74
2026-01-21 03:00,Norte,NO-01,79.14,121.86,5,171.94
2026-01-21 03:00,Norte,NO-02,56.53,89.47,1,175.71
2026-01-21 03:00,Sudeste,SU-01,78.1,91.1,5,277.47
2026-01-21 03:00,Sudeste,SU-02,86.54,106.34,2,244.89
2026-01-21 03:00,Sul,SU-01,100.13,116.55,2,291.53
2026-01-21 03:00,Sul,SU-02,78.82,94.07,3,255.06
2026-01-21 04:00,Centro-Oeste,CE-01,54.76,92.06,2,156.11
2026-01-21 04:00,Centro-Oeste,CE-02,69.7,118.38,2,149.65
2026-01-21 04:00,Nordeste,NO-01,69.6,106.52,1,166.59
2026-01-21 04:00,Nordeste,NO-02,68.28,109.55,3,161.24
2026-01-21 04:00,Norte,NO-01,76.73,123.68,5,145.39
2026-01-21 04:00,Norte,NO-02,52.14,88.54,1,152.97
2026-01-21 04:00,Sudeste,SU-01,68.19,91.13,5,219.05
2026-01-21 04:00,Sudeste,SU-02,78.09,102.48,2,230.94
2026-01-21 04:00,Sul,SU-01,99.4,123.67,2,263.73
2026-01-21 04:00,Sul,SU-02,78.25,90.81,3,280.28
2026-01-21 05:00,Centro-Oeste,CE-01,56.04,94.67,2,138.4
2026-01-21 05:00,Centro-Oeste,CE-02,69.23,124.17,2,157.08
2026-01-21 05:00,Nordeste,NO-01,65.82,108.75,1,141.94
2026-01-21 05:00,Nordeste,NO-02,65.16,109.56,3,157.08
2026-01-21 05:00,Norte,NO-01,73.41,129.05,5,149.57
2026-01-21 05:00,Norte,NO-02,53.22,92.24,1,159.39
2026-01-21 05:00,Sudeste,SU-01,60.56,94.02,5,162.57
2026-01-21 05:00,Sudeste,SU-02,72.97,107.49,2,189.5
2026-01-21 05:00,Sul,SU-01,92.22,122.32,2,231.66
2026-01-21 05:00,Sul,SU-02,69.76,94.69,3,225.46
2026-01-21 06:00,Centro-Oeste,CE-01,49.95,95.41,2,151.58
2026-01-21 06:00,Centro-Oeste,CE-02,67.63,129.96,2,149.42
2026-01-21 06:00,Nordeste,NO-01,68.45,114.01,1,157.48
2026-01-21 06:00,Nordeste,NO-02,63.74,109.99,3,152.67
2026-01-21 06:00,Norte,NO-01,72.62,125.64,5,160.41
2026-01-21 06:00,Norte,NO-02,54.06,92.65,1,152.21
2026-01-21 06:00,Sudeste,SU-01,58.35,94.44,5,162.44
2026-01-21 06:00,Sudeste,SU-02,67.68,109.75,2,150.25
2026-01-21 06:00,Sul,SU-01,85.13,124.87,2,193.37
2026-01-21 06:00,Sul,SU-02,65.74,97.0,3,175.65
2026-01-21 07:00,Centro-Oeste,CE-01,50.48,97.88,2,146.98
2026-01-21 07:00,Centro-Oeste,CE-02,62.28,130.0,2,155.78
2026-01-21 07:00,Nordeste,NO-01,71.35,113.65,1,161.44
2026-01-21 07:00,Nordeste,NO-02,68.8,112.15,3,153.06
2026-01-21 07:00,Norte,NO-01,74.84,128.88,5,144.31
2026-01-21 07:00,Norte,NO-02,51.7,97.02,1,151.55
2026-01-21 07:00,Sudeste,SU-01,59.34,97.0,5,151.48
2026-01-21 07:00,Sudeste,SU-02,68.66,112.38,2,154.79
2026-01-21 07:00,Sul,SU-01,75.93,123.92,2,153.66
2026-01-21 07:00,Sul,SU-02,60.36,94.5,3,163.61
2026-01-21 08:00,Centro-Oeste,CE-01,52.53,93.41,2,150.96
2026-01-21 08:00,Centro-Oeste,CE-02,60.13,130.34,2,148.07
2026-01-21 08:00,Nordeste,NO-01,63.26,112.0,1,149.93
2026-01-21 08:00,Nordeste,NO-02,64.5,118.8,3,145.03
2026-01-21 08:00,Norte,NO-01,78.0,129.25,5,141.81
2026-01-21 08:00,Norte,NO-02,53.53,97.73,1,149.58
2026-01-21 08:00,Sudeste,SU-01,60.77,99.22,5,162.77
2026-01-21 08:00,Sudeste,SU-02,72.41,110.69,2,175.79
2026-01-21 08:00,Sul,SU-01,80.67,124.11,2,172.36
2026-01-21 08:00,Sul,SU-02,62.65,101.07,3,156.38
2026-01-21 09:00,Centro-Oeste,CE-01,52.37,100.34,2,141.38
2026-01-21 09:00,Centro-Oeste,CE-02,61.72,128.65,2,153.57
2026-01-21 09:00,Nordeste,NO-01,68.53,113.52,1,142.19
2026-01-21 09:00,Nordeste,NO-02,64.38,119.01,3,159.51
2026-01-21 09:00,Norte,NO-01,76.25,132.8,5,152.22
2026-01-21 09:00,Norte,NO-02,54.39,98.61,1,144.29
2026-01-21 09:00,Sudeste,SU-01,67.11,99.1,5,192.38
2026-01-21 09:00,Sudeste,SU-02,74.8,107.81,2,207.88
2026-01-21 09:00,Sul,SU-01,78.37,124.7,2,160.81
2026-01-21 09:00,Sul,SU-02,62.47,102.45,3,149.31
2026-01-21 10:00,Centro-Oeste,CE-01,54.91,96.51,2,155.13
2026-01-21 10:00,Centro-Oeste,CE-02,68.63,131.37,2,162.67
2026-01-21 10:00,Nordeste,NO-01,71.67,115.55,1,152.24
2026-01-21 10:00,Nordeste,NO-02,65.64,121.34,3,149.48
2026-01-21 10:00,Norte,NO-01,82.71,131.85,5,169.3
2026-01-21 10:00,Norte,NO-02,57.0,97.81,1,161.07
2026-01-21 10:00,Sudeste,SU-01,67.23,97.47,5,208.51
2026-01-21 10:00,Sudeste,SU-02,83.44,116.93,2,225.07
2026-01-21 10:00,Sul,SU-01,82.31,131.45,2,164.21
2026-01-21 10:00,Sul,SU-02,62.38,103.56,3,161.45
2026-01-21 11:00,Centro-Oeste,CE-01,55.42,98.27,2,144.18
2026-01-21 11:00,Centro-Oeste,CE-02,67.76,131.88,2,141.15
2026-01-21 11:00,Nordeste,NO-01,72.45,117.04,1,163.42
2026-01-21 11:00,Nordeste,NO-02,65.7,121.04,3,164.47
2026-01-21 11:00,Norte,NO-01,85.77,133.09,5,166.06
2026-01-21 11:00,Norte,NO-02,61.14,101.25,1,154.6
2026-01-21 11:00,Sudeste,SU-01,69.6,103.26,5,188.47
2026-01-21 11:00,Sudeste,SU-02,89.46,113.97,2,230.43
2026-01-21 11:00,Sul,SU-01,79.65,130.81,2,153.04
2026-01-21 11:00,Sul,SU-02,62.56,102.93,3,147.05
2026-01-21 12:00,Centro-Oeste,CE-01,60.19,98.52,2,155.02
2026-01-21 12:00,Centro-Oeste,CE-02,74.5,131.64,2,149.36
2026-01-21 12:00,Nordeste,NO-01,78.31,115.7,1,193.23
2026-01-21 12:00,Nordeste,NO-02,73.96,115.73,3,171.42
2026-01-21 12:00,Norte,NO-01,89.33,135.61,5,166.38
2026-01-21 12:00,Norte,NO-02,62.4,100.32,1,176.32
2026-01-21 12:00,Sudeste,SU-01,75.94,102.55,5,226.72
2026-01-21 12:00,Sudeste,SU-02,84.71,113.8,2,238.93
2026-01-21 12:00,Sul,SU-01,84.36,129.95,2,174.97
2026-01-21 12:00,Sul,SU-02,66.78,101.03,3,188.5
2026-01-21 13:00,Centro-Oeste,CE-01,61.23,98.94,2,157.95
2026-01-21 13:00,Centro-Oeste,CE-02,76.19,132.51,2,144.62
2026-01-21 13:00,Nordeste,NO-01,81.51,116.8,1,201.31
2026-01-21 13:00,Nordeste,NO-02,78.29,119.77,3,189.53
2026-01-21 13:00,Norte,NO-01,93.43,131.76,5,219.98
2026-01-21 13:00,Norte,NO-02,64.79,98.03,1,187.88
2026-01-21 13:00,Sudeste,SU-01,78.27,98.11,5,244.74
2026-01-21 13:00,Sudeste,SU-02,91.49,114.78,2,242.13
2026-01-21 13:00,Sul,SU-01,81.3,130.38,2,156.79
2026-01-21 13:00,Sul,SU-02,69.95,102.51,3,181.66
2026-01-21 14:00,Centro-Oeste,CE-01,70.22,97.35,2,218.24
2026-01-21 14:00,Centro-Oeste,CE-02,82.0,136.29,2,143.63
2026-01-21 14:00,Nordeste,NO-01,81.36,117.27,1,204.28
2026-01-21 14:00,Nordeste,NO-02,73.55,116.75,3,158.69
2026-01-21 14:00,Norte,NO-01,101.99,131.92,5,242.75
2026-01-21 14:00,Norte,NO-02,68.28,99.02,1,205.91
2026-01-21 14:00,Sudeste,SU-01,80.35,100.79,5,253.37
2026-01-21 14:00,Sudeste,SU-02,94.01,114.84,2,258.47
2026-01-21 14:00,Sul,SU-01,93.82,128.68,2,210.77
2026-01-21 14:00,Sul,SU-02,72.87,101.06,3,214.93
2026-01-21 15:00,Centro-Oeste,CE-01,66.59,95.06,2,206.18
2026-01-21 15:00,Centro-Oeste,CE-02,88.5,137.29,2,172.41
2026-01-21 15:00,Nordeste,NO-01,91.24,118.41,1,224.01
2026-01-21 15:00,Nordeste,NO-02,79.34,119.45,3,173.48
2026-01-21 15:00,Norte,NO-01,101.1,135.89,5,214.88
2026-01-21 15:00,Norte,NO-02,69.99,96.79,1,203.36
2026-01-21 15:00,Sudeste,SU-01,88.73,99.72,5,290.01
2026-01-21 15:00,Sudeste,SU-02,98.3,107.13,2,314.99
2026-01-21 15:00,Sul,SU-01,97.36,132.72,2,220.67
2026-01-21 15:00,Sul,SU-02,74.67,101.66,3,205.85
2026-01-21 16:00,Centro-Oeste,CE-01,73.34,94.45,2,232.72
2026-01-21 16:00,Centro-Oeste,CE-02,86.6,129.5,2,176.03
2026-01-21 16:00,Nordeste,NO-01,88.08,112.56,1,233.53
2026-01-21 16:00,Nordeste,NO-02,80.83,118.75,3,187.82
2026-01-21 16:00,Norte,NO-01,104.63,131.88,5,237.98
2026-01-21 16:00,Norte,NO-02,73.44,98.61,1,222.88
2026-01-21 16:00,Sudeste,SU-01,91.18,98.25,5,303.97
2026-01-21 16:00,Sudeste,SU-02,107.12,115.32,2,306.26
2026-01-21 16:00,Sul,SU-01,98.78,125.96,2,241.57
2026-01-21 16:00,Sul,SU-02,78.25,98.9,3,253.54
2026-01-21 17:00,Centro-Oeste,CE-01,78.6,95.95,2,257.4
2026-01-21 17:00,Centro-Oeste,CE-02,88.65,135.21,2,178.48
2026-01-21 17:00,Nordeste,NO-01,93.46,110.77,1,258.39
2026-01-21 17:00,Nordeste,NO-02,81.15,116.05,3,197.33
2026-01-21 17:00,Norte,NO-01,107.89,130.19,5,265.58
2026-01-21 17:00,Norte,NO-02,78.66,99.32,1,238.87
2026-01-21 17:00,Sudeste,SU-01,86.89,99.52,5,303.6
2026-01-21 17:00,Sudeste,SU-02,102.66,110.65,2,302.77
2026-01-21 17:00,Sul,SU-01,97.97,125.15,2,243.45
2026-01-21 17:00,Sul,SU-02,80.56,97.25,3,267.83
2026-01-21 18:00,Centro-Oeste,CE-01,80.75,96.8,2,280.54
2026-01-21 18:00,Centro-Oeste,CE-02,96.39,127.79,2,230.31
2026-01-21 18:00,Nordeste,NO-01,91.51,108.33,1,263.12
2026-01-21 18:00,Nordeste,NO-02,85.47,113.92,3,228.58
2026-01-21 18:00,Norte,NO-01,104.51,120.81,5,292.83
2026-01-21 18:00,Norte,NO-02,74.55,94.79,1,249.05
2026-01-21 18:00,Sudeste,SU-01,91.34,93.28,5,349.78
2026-01-21 18:00,Sudeste,SU-02,104.69,105.42,2,343.85
2026-01-21 18:00,Sul,SU-01,108.32,128.4,2,277.1
2026-01-21 18:00,Sul,SU-02,77.32,96.35,3,241.18
2026-01-21 19:00,Centro-Oeste,CE-01,78.73,95.42,2,248.4
2026-01-21 19:00,Centro-Oeste,CE-02,99.78,127.05,2,241.95
2026-01-21 19:00,Nordeste,NO-01,87.84,107.8,1,260.07
2026-01-21 19:00,Nordeste,NO-02,86.38,108.51,3,246.22
2026-01-21 19:00,Norte,NO-01,105.03,121.47,5,268.41
2026-01-21 19:00,Norte,NO-02,71.88,89.06,1,249.0
2026-01-21 19:00,Sudeste,SU-01,86.77,93.76,5,308.92
2026-01-21 19:00,Sudeste,SU-02,102.47,104.03,2,351.5
2026-01-21 19:00,Sul,SU-01,100.75,122.71,2,257.64
2026-01-21 19:00,Sul,SU-02,84.97,91.99,3,305.2
2026-01-21 20:00,Centro-Oeste,CE-01,80.18,91.04,2,288.57
2026-01-21 20:00,Centro-Oeste,CE-02,96.56,121.51,2,253.56
2026-01-21 20:00,Nordeste,NO-01,85.58,106.72,1,246.91
2026-01-21 20:00,Nordeste,NO-02,85.78,108.49,3,245.71
2026-01-21 20:00,Norte,NO-01,95.06,125.39,5,230.35
2026-01-21 20:00,Norte,NO-02,73.25,92.48,1,247.74
2026-01-21 20:00,Sudeste,SU-01,86.62,92.26,5,324.73
2026-01-21 20:00,Sudeste,SU-02,103.11,106.2,2,338.35
2026-01-21 20:00,Sul,SU-01,106.22,122.95,2,286.22
2026-01-21 20:00,Sul,SU-02,83.03,97.42,3,282.05
2026-01-21 21:00,Centro-Oeste,CE-01,77.26,93.95,2,258.66
2026-01-21 21:00,Centro-Oeste,CE-02,102.13,118.56,2,269.93
2026-01-21 21:00,Nordeste,NO-01,88.73,104.34,1,262.82
2026-01-21 21:00,Nordeste,NO-02,86.34,107.9,3,252.62
2026-01-21 21:00,Norte,NO-01,101.32,123.02,5,269.53
2026-01-21 21:00,Norte,NO-02,71.14,92.23,1,233.15
2026-01-21 21:00,Sudeste,SU-01,87.24,92.62,5,315.17
2026-01-21 21:00,Sudeste,SU-02,101.23,106.12,2,331.81
2026-01-21 21:00,Sul,SU-01,106.03,122.69,2,278.71
2026-01-21 21:00,Sul,SU-02,82.58,91.38,3,300.07
2026-01-21 22:00,Centro-Oeste,CE-01,74.72,89.52,2,258.71
2026-01-21 22:00,Centro-Oeste,CE-02,93.6,120.44,2,231.36
2026-01-21 22:00,Nordeste,NO-01,85.74,101.99,1,283.08
2026-01-21 22:00,Nordeste,NO-02,84.5,108.06,3,249.34
2026-01-21 22:00,Norte,NO-01,98.3,120.91,5,257.41
2026-01-21 22:00,Norte,NO-02,67.57,87.54,1,230.86
2026-01-21 22:00,Sudeste,SU-01,83.18,90.11,5,308.64
2026-01-21 22:00,Sudeste,SU-02,94.57,102.68,2,308.83
2026-01-21 22:00,Sul,SU-01,106.5,121.0,2,291.94
2026-01-21 22:00,Sul,SU-02,80.36,92.88,3,290.78
2026-01-21 23:00,Centro-Oeste,CE-01,75.03,86.7,2,292.01
2026-01-21 23:00,Centro-Oeste,CE-02,92.84,119.2,2,237.25
2026-01-21 23:00,Nordeste,NO-01,86.97,108.79,1,244.17
2026-01-21 23:00,Nordeste,NO-02,77.75,104.69,3,226.12
2026-01-21 23:00,Norte,NO-01,93.76,120.98,5,235.79
2026-01-21 23:00,Norte,NO-02,70.14,90.53,1,236.94
2026-01-21 23:00,Sudeste,SU-01,79.0,88.9,5,299.46
2026-01-21 23:00,Sudeste,SU-02,91.13,102.08,2,298.76
2026-01-21 23:00,Sul,SU-01,102.28,121.39,2,260.68
2026-01-21 23:00,Sul,SU-02,84.4,93.68,3,302.71
2026-01-22 00:00,Centro-Oeste,CE-01,70.4,86.61,2,245.91
2026-01-22 00:00,Centro-Oeste,CE-02,92.42,121.15,2,227.0
2026-01-22 00:00,Nordeste,NO-01,82.3,103.69,1,245.42
2026-01-22 00:00,Nordeste,NO-02,84.92,103.33,3,264.54
2026-01-22 00:00,Norte,NO-01,92.97,117.61,5,248.75
2026-01-22 00:00,Norte,NO-02,64.68,86.8,1,229.71
2026-01-22 00:00,Sudeste,SU-01,74.01,89.78,5,272.5
2026-01-22 00:00,Sudeste,SU-02,88.46,102.14,2,277.73
2026-01-22 00:00,Sul,SU-01,98.32,119.09,2,273.62
2026-01-22 00:00,Sul,SU-02,79.45,88.84,3,298.22
2026-01-22 01:00,Centro-Oeste,CE-01,69.48,88.86,2,247.49
2026-01-22 01:00,Centro-Oeste,CE-02,86.31,119.23,2,217.32
2026-01-22 01:00,Nordeste,NO-01,78.58,105.26,1,223.15
2026-01-22 01:00,Nordeste,NO-02,74.18,107.48,3,204.82
2026-01-22 01:00,Norte,NO-01,90.54,125.89,5,210.92
2026-01-22 01:00,Norte,NO-02,57.69,88.61,1,193.3
2026-01-22 01:00,Sudeste,SU-01,68.39,90.5,5,229.0
2026-01-22 01:00,Sudeste,SU-02,85.52,101.24,2,270.85
2026-01-22 01:00,Sul,SU-01,94.68,118.07,2,263.07
2026-01-22 01:00,Sul,SU-02,76.5,92.44,3,274.97
2026-01-22 02:00,Centro-Oeste,CE-01,66.91,90.7,2,224.78
2026-01-22 02:00,Centro-Oeste,CE-02,83.31,121.91,2,197.81
2026-01-22 02:00,Nordeste,NO-01,73.31,108.77,1,189.45
2026-01-22 02:00,Nordeste,NO-02,71.77,109.37,3,186.92
2026-01-22 02:00,Norte,NO-01,82.77,119.91,5,194.09
2026-01-22 02:00,Norte,NO-02,58.78,88.55,1,163.06
2026-01-22 02:00,Sudeste,SU-01,69.94,91.97,5,220.62
2026-01-22 02:00,Sudeste,SU-02,74.33,100.67,2,220.83
2026-01-22 02:00,Sul,SU-01,84.68,121.89,2,207.89
2026-01-22 02:00,Sul,SU-02,71.41,93.14,3,236.09
2026-01-22 03:00,Centro-Oeste,CE-01,59.49,90.29,2,194.82
2026-01-22 03:00,Centro-Oeste,CE-02,77.71,121.37,2,176.59
2026-01-22 03:00,Nordeste,NO-01,74.2,107.93,1,207.24
2026-01-22 03:00,Nordeste,NO-02,69.75,109.16,3,168.83
2026-01-22 03:00,Norte,NO-01,77.59,120.83,5,167.75
2026-01-22 03:00,Norte,NO-02,55.28,88.77,1,164.43
2026-01-22 03:00,Sudeste,SU-01,64.91,87.92,5,225.97
2026-01-22 03:00,Sudeste,SU-02,76.56,105.85,2,206.12
2026-01-22 03:00,Sul,SU-01,87.77,116.52,2,236.27
2026-01-22 03:00,Sul,SU-02,68.35,97.45,3,210.43
2026-01-22 04:00,Centro-Oeste,CE-01,58.0,90.46,2,184.7
2026-01-22 04:00,Centro-Oeste,CE-02,73.02,120.38,2,146.2
2026-01-22 04:00,Nordeste,NO-01,70.0,107.24,1,167.97
2026-01-22 04:00,Nordeste,NO-02,66.87,104.95,3,172.22
2026-01-22 04:00,Norte,NO-01,75.45,121.68,5,154.62
2026-01-22 04:00,Norte,NO-02,52.93,87.73,1,160.61
2026-01-22 04:00,Sudeste,SU-01,58.91,93.24,5,169.09
2026-01-22 04:00,Sudeste,SU-02,73.04,103.85,2,187.87
2026-01-22 04:00,Sul,SU-01,84.99,121.09,2,203.22
2026-01-22 04:00,Sul,SU-02,68.44,96.09,3,211.38
2026-01-22 05:00,Centro-Oeste,CE-01,54.03,90.97,2,162.68
2026-01-22 05:00,Centro-Oeste,CE-02,66.32,125.97,2,156.2
2026-01-22 05:00,Nordeste,NO-01,66.55,106.21,1,151.58
2026-01-22 05:00,Nordeste,NO-02,63.76,111.21,3,149.74
2026-01-22 05:00,Norte,NO-01,73.36,123.41,5,159.02
2026-01-22 05:00,Norte,NO-02,53.87,90.33,1,155.41
2026-01-22 05:00,Sudeste,SU-01,59.63,96.79,5,170.89
2026-01-22 05:00,Sudeste,SU-02,72.72,105.63,2,195.11
2026-01-22 05:00,Sul,SU-01,80.84,121.3,2,187.65
2026-01-22 05:00,Sul,SU-02,62.78,97.17,3,170.97
2026-01-22 06:00,Centro-Oeste,CE-01,52.5,91.97,2,146.68
2026-01-22 06:00,Centro-Oeste,CE-02,65.16,126.65,2,154.49
2026-01-22 06:00,Nordeste,NO-01,66.12,108.75,1,147.03
2026-01-22 06:00,Nordeste,NO-02,63.56,111.38,3,148.9
2026-01-22 06:00,Norte,NO-01,71.58,127.9,5,146.99
2026-01-22 06:00,Norte,NO-02,54.59,91.98,1,162.32
2026-01-22 06:00,Sudeste,SU-01,59.24,93.84,5,164.94
2026-01-22 06:00,Sudeste,SU-02,67.13,104.45,2,181.25
2026-01-22 06:00,Sul,SU-01,77.38,126.7,2,160.29
2026-01-22 06:00,Sul,SU-02,63.44,98.13,3,167.29
2026-01-22 07:00,Centro-Oeste,CE-01,52.55,94.55,2,147.48
2026-01-22 07:00,Centro-Oeste,CE-02,61.9,127.65,2,156.53
2026-01-22 07:00,Nordeste,NO-01,64.91,113.2,1,171.32
2026-01-22 07:00,Nordeste,NO-02,61.91,113.05,3,151.1
2026-01-22 07:00,Norte,NO-01,72.43,129.63,5,161.04
2026-01-22 07:00,Norte,NO-02,51.88,93.35,1,155.06
2026-01-22 07:00,Sudeste,SU-01,60.28,97.92,5,165.0
2026-01-22 07:00,Sudeste,SU-02,67.83,108.31,2,163.47
2026-01-22 07:00,Sul,SU-01,79.62,121.78,2,163.52
2026-01-22 07:00,Sul,SU-02,63.85,98.43,3,166.96
2026-01-22 08:00,Centro-Oeste,CE-01,49.93,95.94,2,138.67
2026-01-22 08:00,Centro-Oeste,CE-02,64.22,132.68,2,137.79
2026-01-22 08:00,Nordeste,NO-01,67.19,115.49,1,147.73
2026-01-22 08:00,Nordeste,NO-02,65.26,119.58,3,148.7
2026-01-22 08:00,Norte,NO-01,73.67,135.47,5,141.89
2026-01-22 08:00,Norte,NO-02,53.72,96.61,1,145.29
2026-01-22 08:00,Sudeste,SU-01,59.32,99.78,5,147.27
2026-01-22 08:00,Sudeste,SU-02,73.13,108.57,2,172.73
2026-01-22 08:00,Sul,SU-01,81.39,130.51,2,154.06
2026-01-22 08:00,Sul,SU-02,60.06,101.98,3,138.96
2026-01-22 09:00,Centro-Oeste,CE-01,50.41,94.73,2,148.94
2026-01-22 09:00,Centro-Oeste,CE-02,64.44,132.41,2,152.26
2026-01-22 09:00,Nordeste,NO-01,69.53,118.02,1,144.59
2026-01-22 09:00,Nordeste,NO-02,66.67,121.93,3,149.11
2026-01-22 09:00,Norte,NO-01,78.88,131.94,5,150.24
2026-01-22 09:00,Norte,NO-02,55.04,96.1,1,147.27
2026-01-22 09:00,Sudeste,SU-01,61.61,101.38,5,150.45
2026-01-22 09:00,Sudeste,SU-02,75.46,109.99,2,195.34
2026-01-22 09:00,Sul,SU-01,80.57,128.44,2,151.78
2026-01-22 09:00,Sul,SU-02,62.71,103.21,3,139.53
2026-01-22 10:00,Centro-Oeste,CE-01,53.79,95.94,2,146.49
2026-01-22 10:00,Centro-Oeste,CE-02,64.06,132.97,2,140.3
2026-01-22 10:00,Nordeste,NO-01,68.89,118.23,1,156.32
2026-01-22 10:00,Nordeste,NO-02,66.11,119.54,3,141.79
2026-01-22 10:00,Norte,NO-01,83.64,134.79,5,150.18
2026-01-22 10:00,Norte,NO-02,53.74,98.04,1,132.24
2026-01-22 10:00,Sudeste,SU-01,66.57,102.71,5,161.18
2026-01-22 10:00,Sudeste,SU-02,76.55,114.15,2,192.1
2026-01-22 10:00,Sul,SU-01,77.07,137.38,2,163.01
2026-01-22 10:00,Sul,SU-02,62.08,102.45,3,151.44
2026-01-22 11:00,Centro-Oeste,CE-01,54.2,96.57,2,149.61
2026-01-22 11:00,Centro-Oeste,CE-02,68.55,135.03,2,165.08
2026-01-22 11:00,Nordeste,NO-01,71.98,115.21,1,165.87
2026-01-22 11:00,Nordeste,NO-02,68.53,120.74,3,150.03
2026-01-22 11:00,Norte,NO-01,79.35,129.78,5,160.88
2026-01-22 11:00,Norte,NO-02,61.0,98.35,1,164.18
2026-01-22 11:00,Sudeste,SU-01,71.86,98.47,5,209.74
2026-01-22 11:00,Sudeste,SU-02,80.93,115.09,2,210.86
2026-01-22 11:00,Sul,SU-01,82.85,135.32,2,168.64
2026-01-22 11:00,Sul,SU-02,66.13,102.57,3,176.55
2026-01-22 12:00,Centro-Oeste,CE-01,56.91,101.3,2,160.26
2026-01-22 12:00,Centro-Oeste,CE-02,66.26,132.14,2,163.79
2026-01-22 12:00,Nordeste,NO-01,75.8,116.45,1,187.04
2026-01-22 12:00,Nordeste,NO-02,72.37,120.93,3,143.09
2026-01-22 12:00,Norte,NO-01,88.23,134.46,5,167.15
2026-01-22 12:00,Norte,NO-02,62.46,96.94,1,167.02
2026-01-22 12:00,Sudeste,SU-01,77.36,103.39,5,231.39
2026-01-22 12:00,Sudeste,SU-02,85.97,112.69,2,215.24
2026-01-22 12:00,Sul,SU-01,84.34,131.45,2,171.8
2026-01-22 12:00,Sul,SU-02,69.33,102.14,3,182.53
2026-01-22 13:00,Centro-Oeste,CE-01,61.57,97.25,2,161.94
2026-01-22 13:00,Centro-Oeste,CE-02,73.15,136.37,2,134.59
2026-01-22 13:00,Nordeste,NO-01,80.67,116.16,1,206.35
2026-01-22 13:00,Nordeste,NO-02,72.42,118.59,3,152.13
2026-01-22 13:00,Norte,NO-01,94.96,135.46,5,181.91
2026-01-22 13:00,Norte,NO-02,63.61,97.04,1,180.76
2026-01-22 13:00,Sudeste,SU-01,77.63,102.06,5,224.4
2026-01-22 13:00,Sudeste,SU-02,91.2,114.02,2,269.17
2026-01-22 13:00,Sul,SU-01,88.42,134.12,2,171.66
2026-01-22 13:00,Sul,SU-02,65.83,105.35,3,178.68
2026-01-22 14:00,Centro-Oeste,CE-01,64.96,96.91,2,186.54
2026-01-22 14:00,Centro-Oeste,CE-02,81.22,134.65,2,160.91
2026-01-22 14:00,Nordeste,NO-01,83.94,117.12,1,213.33
2026-01-22 14:00,Nordeste,NO-02,81.52,119.09,3,190.54
2026-01-22 14:00,Norte,NO-01,98.5,129.8,5,220.47
2026-01-22 14:00,Norte,NO-02,69.84,103.74,1,189.18
2026-01-22 14:00,Sudeste,SU-01,76.6,99.28,5,232.64
2026-01-22 14:00,Sudeste,SU-02,92.47,111.07,2,284.64
2026-01-22 14:00,Sul,SU-01,90.84,133.35,2,202.84
2026-01-22 14:00,Sul,SU-02,69.97,98.62,3,205.02
2026-01-22 15:00,Centro-Oeste,CE-01,71.19,96.67,2,219.71
2026-01-22 15:00,Centro-Oeste,CE-02,85.37,134.78,2,154.05
2026-01-22 15:00,Nordeste,NO-01,90.12,113.88,1,239.94
2026-01-22 15:00,Nordeste,NO-02,81.56,115.98,3,194.15
2026-01-22 15:00,Norte,NO-01,98.82,127.65,5,238.74
2026-01-22 15:00,Norte,NO-02,73.14,99.9,1,206.86
2026-01-22 15:00,Sudeste,SU-01,86.4,98.3,5,290.96
2026-01-22 15:00,Sudeste,SU-02,102.41,113.4,2,287.86
2026-01-22 15:00,Sul,SU-01,93.78,130.06,2,208.74
2026-01-22 15:00,Sul,SU-02,75.18,100.39,3,207.77
2026-01-22 16:00,Centro-Oeste,CE-01,71.84,95.85,2,232.58
2026-01-22 16:00,Centro-Oeste,CE-02,89.24,127.83,2,191.2
2026-01-22 16:00,Nordeste,NO-01,88.32,115.2,1,229.74
2026-01-22 16:00,Nordeste,NO-02,85.52,119.07,3,189.43
2026-01-22 16:00,Norte,NO-01,97.02,127.58,5,221.65
2026-01-22 16:00,Norte,NO-02,75.68,95.78,1,241.59
2026-01-22 16:00,Sudeste,SU-01,86.91,98.76,5,285.76
2026-01-22 16:00,Sudeste,SU-02,105.49,109.46,2,330.63
2026-01-22 16:00,Sul,SU-01,99.46,126.71,2,237.29
2026-01-22 16:00,Sul,SU-02,78.1,98.72,3,251.05
2026-01-22 17:00,Centro-Oeste,CE-01,77.95,94.53,2,262.0
2026-01-22 17:00,Centro-Oeste,CE-02,89.85,130.07,2,210.11
2026-01-22 17:00,Nordeste,NO-01,89.11,110.01,1,258.06
2026-01-22 17:00,Nordeste,NO-02,86.2,117.06,3,217.91
2026-01-22 17:00,Norte,NO-01,105.07,129.9,5,243.97
2026-01-22 17:00,Norte,NO-02,78.11,98.79,1,253.01
2026-01-22 17:00,Sudeste,SU-01,92.79,95.15,5,354.58
2026-01-22 17:00,Sudeste,SU-02,104.26,112.67,2,308.82
2026-01-22 17:00,Sul,SU-01,102.54,131.3,2,241.49
2026-01-22 17:00,Sul,SU-02,81.18,99.04,3,273.37
2026-01-22 18:00,Centro-Oeste,CE-01,71.13,93.63,2,237.9
2026-01-22 18:00,Centro-Oeste,CE-02,96.23,126.2,2,226.03
2026-01-22 18:00,Nordeste,NO-01,91.53,111.03,1,272.87
2026-01-22 18:00,Nordeste,NO-02,92.83,116.94,3,241.24
2026-01-22 18:00,Norte,NO-01,100.53,125.58,5,254.0
2026-01-22 18:00,Norte,NO-02,70.96,94.18,1,234.33
2026-01-22 18:00,Sudeste,SU-01,90.8,97.09,5,319.64
2026-01-22 18:00,Sudeste,SU-02,108.87,104.21,2,361.2
2026-01-22 18:00,Sul,SU-01,108.0,128.64,2,268.14
2026-01-22 18:00,Sul,SU-02,79.17,97.79,3,252.8
2026-01-22 19:00,Centro-Oeste,CE-01,81.65,90.85,2,307.91
2026-01-22 19:00,Centro-Oeste,CE-02,99.43,125.82,2,247.42
2026-01-22 19:00,Nordeste,NO-01,92.97,112.48,1,268.87
2026-01-22 19:00,Nordeste,NO-02,87.64,110.21,3,244.62
2026-01-22 19:00,Norte,NO-01,99.97,123.99,5,260.03
2026-01-22 19:00,Norte,NO-02,72.11,93.34,1,222.46
2026-01-22 19:00,Sudeste,SU-01,94.45,93.73,5,351.99
2026-01-22 19:00,Sudeste,SU-02,96.29,110.37,2,285.53
2026-01-22 19:00,Sul,SU-01,113.49,115.76,2,342.95
2026-01-22 19:00,Sul,SU-02,83.26,95.18,3,292.11
2026-01-22 20:00,Centro-Oeste,CE-01,80.12,90.23,2,284.73
2026-01-22 20:00,Centro-Oeste,CE-02,100.18,124.89,2,257.55
2026-01-22 20:00,Nordeste,NO-01,86.71,110.46,1,245.75
2026-01-22 20:00,Nordeste,NO-02,89.18,108.68,3,271.57
2026-01-22 20:00,Norte,NO-01,101.67,121.82,5,250.99
2026-01-22 20:00,Norte,NO-02,67.86,90.23,1,226.08
2026-01-22 20:00,Sudeste,SU-01,86.88,92.73,5,333.45
2026-01-22 20:00,Sudeste,SU-02,106.74,102.36,2,363.51
2026-01-22 20:00,Sul,SU-01,113.46,124.92,2,305.6
2026-01-22 20:00,Sul,SU-02,87.28,94.81,3,305.54
2026-01-22 21:00,Centro-Oeste,CE-01,82.32,91.51,2,305.1
2026-01-22 21:00,Centro-Oeste,CE-02,92.57,118.67,2,239.01
2026-01-22 21:00,Nordeste,NO-01,86.2,107.25,1,245.28
2026-01-22 21:00,Nordeste,NO-02,84.8,109.91,3,251.27
2026-01-22 21:00,Norte,NO-01,101.58,121.03,5,278.25
2026-01-22 21:00,Norte,NO-02,72.12,88.4,1,243.51
2026-01-22 21:00,Sudeste,SU-01,86.79,85.59,5,366.72
2026-01-22 21:00,Sudeste,SU-02,98.18,103.23,2,331.46
2026-01-22 21:00,Sul,SU-01,117.78,122.57,2,328.54
2026-01-22 21:00,Sul,SU-02,92.99,92.68,3,345.77
2026-01-22 22:00,Centro-Oeste,CE-01,78.24,87.7,2,307.61
2026-01-22 22:00,Centro-Oeste,CE-02,96.3,119.69,2,249.66
2026-01-22 22:00,Nordeste,NO-01,90.28,106.64,1,268.88
2026-01-22 22:00,Nordeste,NO-02,81.08,108.21,3,235.12
2026-01-22 22:00,Norte,NO-01,94.6,114.07,5,260.95
2026-01-22 22:00,Norte,NO-02,68.14,88.66,1,229.09
2026-01-22 22:00,Sudeste,SU-01,82.51,87.25,5,321.21
2026-01-22 22:00,Sudeste,SU-02,99.28,100.81,2,347.31
2026-01-22 22:00,Sul,SU-01,124.93,116.5,2,383.6
2026-01-22 22:00,Sul,SU-02,95.15,92.23,3,377.15
2026-01-22 23:00,Centro-Oeste,CE-01,72.12,88.75,2,255.82
2026-01-22 23:00,Centro-Oeste,CE-02,91.07,120.35,2,222.42
2026-01-22 23:00,Nordeste,NO-01,88.74,106.47,1,287.75
2026-01-22 23:00,Nordeste,NO-02,82.67,108.93,3,242.0
2026-01-22 23:00,Norte,NO-01,89.19,116.75,5,237.66
2026-01-22 23:00,Norte,NO-02,66.49,88.87,1,226.18
2026-01-22 23:00,Sudeste,SU-01,76.39,89.68,5,279.28
2026-01-22 23:00,Sudeste,SU-02,88.89,103.4,2,276.76
2026-01-22 23:00,Sul,SU-01,121.1,115.38,2,380.26
2026-01-22 23:00,Sul,SU-02,96.97,93.28,3,373.8
2026-01-23 00:00,Centro-Oeste,CE-01,70.46,88.87,2,235.3
2026-01-23 00:00,Centro-Oeste,CE-02,86.2,117.21,2,206.61
2026-01-23 00:00,Nordeste,NO-01,86.37,104.28,1,257.59
2026-01-23 00:00,Nordeste,NO-02,76.78,106.86,3,206.41
2026-01-23 00:00,Norte,NO-01,87.24,116.67,5,224.08
2026-01-23 00:00,Norte,NO-02,61.52,86.58,1,206.91
2026-01-23 00:00,Sudeste,SU-01,74.87,94.16,5,252.7
2026-01-23 00:00,Sudeste,SU-02,83.98,103.41,2,250.14
2026-01-23 00:00,Sul,SU-01,125.91,117.07,2,375.41
2026-01-23 00:00,Sul,SU-02,101.37,94.01,3,393.2
2026-01-23 01:00,Centro-Oeste,CE-01,69.15,86.28,2,245.15
2026-01-23 01:00,Centro-Oeste,CE-02,86.48,118.07,2,233.22
2026-01-23 01:00,Nordeste,NO-01,76.76,104.02,1,225.21
2026-01-23 01:00,Nordeste,NO-02,75.74,102.86,3,223.6
2026-01-23 01:00,Norte,NO-01,84.42,118.81,5,192.12
2026-01-23 01:00,Norte,NO-02,58.9,86.69,1,185.86
2026-01-23 01:00,Sudeste,SU-01,69.76,89.76,5,239.04
2026-01-23 01:00,Sudeste,SU-02,82.47,103.0,2,241.64
2026-01-23 01:00,Sul,SU-01,125.32,116.19,2,387.86
2026-01-23 01:00,Sul,SU-02,99.56,86.66,3,421.22
2026-01-23 02:00,Centro-Oeste,CE-01,68.79,88.25,2,238.89
2026-01-23 02:00,Centro-Oeste,CE-02,87.21,118.19,2,211.92
2026-01-23 02:00,Nordeste,NO-01,74.68,105.28,1,213.26
2026-01-23 02:00,Nordeste,NO-02,74.53,101.76,3,216.66
2026-01-23 02:00,Norte,NO-01,80.8,119.94,5,181.25
2026-01-23 02:00,Norte,NO-02,57.22,89.46,1,169.48
2026-01-23 02:00,Sudeste,SU-01,68.17,90.41,5,243.55
2026-01-23 02:00,Sudeste,SU-02,78.82,105.19,2,238.81
2026-01-23 02:00,Sul,SU-01,121.18,117.24,2,364.79
2026-01-23 02:00,Sul,SU-02,99.07,90.67,3,407.64
2026-01-23 03:00,Centro-Oeste,CE-01,61.13,88.35,2,201.17
2026-01-23 03:00,Centro-Oeste,CE-02,74.92,121.5,2,172.67
2026-01-23 03:00,Nordeste,NO-01,77.2,103.41,1,218.52
2026-01-23 03:00,Nordeste,NO-02,66.4,107.94,3,162.66
2026-01-23 03:00,Norte,NO-01,80.34,121.9,5,163.79
2026-01-23 03:00,Norte,NO-02,53.77,87.94,1,144.99
2026-01-23 03:00,Sudeste,SU-01,63.71,90.45,5,199.82
2026-01-23 03:00,Sudeste,SU-02,73.58,101.59,2,214.34
2026-01-23 03:00,Sul,SU-01,120.76,121.54,2,348.27
2026-01-23 03:00,Sul,SU-02,91.53,92.9,3,356.56
2026-01-23 04:00,Centro-Oeste,CE-01,56.79,91.17,2,164.36
2026-01-23 04:00,Centro-Oeste,CE-02,71.82,120.93,2,149.48
2026-01-23 04:00,Nordeste,NO-01,69.38,105.07,1,167.09
2026-01-23 04:00,Nordeste,NO-02,69.89,110.68,3,165.67
2026-01-23 04:00,Norte,NO-01,75.44,123.3,5,173.45
2026-01-23 04:00,Norte,NO-02,51.12,89.55,1,148.5
2026-01-23 04:00,Sudeste,SU-01,59.74,94.29,5,176.48
2026-01-23 04:00,Sudeste,SU-02,69.7,109.15,2,163.84
2026-01-23 04:00,Sul,SU-01,113.72,122.23,2,314.87
2026-01-23 04:00,Sul,SU-02,91.92,94.22,3,330.45
2026-01-23 05:00,Centro-Oeste,CE-01,56.24,90.91,2,157.02
2026-01-23 05:00,Centro-Oeste,CE-02,67.62,127.32,2,146.95
2026-01-23 05:00,Nordeste,NO-01,69.82,110.34,1,165.5
2026-01-23 05:00,Nordeste,NO-02,67.04,114.88,3,157.68
2026-01-23 05:00,Norte,NO-01,78.17,123.31,5,163.64
2026-01-23 05:00,Norte,NO-02,51.59,92.13,1,140.43
2026-01-23 05:00,Sudeste,SU-01,60.92,95.43,5,159.02
2026-01-23 05:00,Sudeste,SU-02,71.23,106.26,2,181.84
2026-01-23 05:00,Sul,SU-01,123.63,121.14,2,339.02
2026-01-23 05:00,Sul,SU-02,88.63,96.27,3,303.6
2026-01-23 06:00,Centro-Oeste,CE-01,53.44,94.02,2,152.62
2026-01-23 06:00,Centro-Oeste,CE-02,63.33,127.63,2,168.83
2026-01-23 06:00,Nordeste,NO-01,64.79,112.19,1,141.14
2026-01-23 06:00,Nordeste,NO-02,63.83,111.84,3,154.39
2026-01-23 06:00,Norte,NO-01,71.07,120.13,5,145.46
2026-01-23 06:00,Norte,NO-02,52.15,92.43,1,160.79
2026-01-23 06:00,Sudeste,SU-01,59.96,91.61,5,177.28
2026-01-23 06:00,Sudeste,SU-02,70.24,108.39,2,162.34
2026-01-23 06:00,Sul,SU-01,114.57,122.27,2,312.25
2026-01-23 06:00,Sul,SU-02,90.88,99.78,3,317.09
2026-01-23 07:00,Centro-Oeste,CE-01,54.58,97.64,2,146.93
2026-01-23 07:00,Centro-Oeste,CE-02,62.88,128.82,2,137.8
2026-01-23 07:00,Nordeste,NO-01,66.47,112.59,1,138.18
2026-01-23 07:00,Nordeste,NO-02,63.77,112.43,3,150.46
2026-01-23 07:00,Norte,NO-01,72.62,131.84,5,147.09
2026-01-23 07:00,Norte,NO-02,53.03,92.81,1,171.7
2026-01-23 07:00,Sudeste,SU-01,60.35,95.17,5,190.56
2026-01-23 07:00,Sudeste,SU-02,72.41,106.33,2,181.1
2026-01-23 07:00,Sul,SU-01,113.08,128.73,2,279.96
2026-01-23 07:00,Sul,SU-02,87.93,97.41,3,296.6
2026-01-23 08:00,Centro-Oeste,CE-01,52.45,95.83,2,151.87
2026-01-23 08:00,Centro-Oeste,CE-02,62.13,131.35,2,133.23
2026-01-23 08:00,Nordeste,NO-01,68.04,111.71,1,162.63
2026-01-23 08:00,Nordeste,NO-02,67.45,117.65,3,157.44
2026-01-23 08:00,Norte,NO-01,76.77,133.78,5,139.55
2026-01-23 08:00,Norte,NO-02,52.74,97.98,1,144.29
2026-01-23 08:00,Sudeste,SU-01,62.69,99.51,5,174.66
2026-01-23 08:00,Sudeste,SU-02,72.59,111.67,2,172.97
2026-01-23 08:00,Sul,SU-01,114.24,127.93,2,283.39
2026-01-23 08:00,Sul,SU-02,88.58,100.13,3,290.16
2026-01-23 09:00,Centro-Oeste,CE-01,50.1,96.45,2,130.52
2026-01-23 09:00,Centro-Oeste,CE-02,61.77,131.24,2,151.57
2026-01-23 09:00,Nordeste,NO-01,73.83,114.66,1,156.59
2026-01-23 09:00,Nordeste,NO-02,63.43,118.25,3,154.63
2026-01-23 09:00,Norte,NO-01,77.62,130.03,5,154.98
2026-01-23 09:00,Norte,NO-02,56.87,98.32,1,169.77
2026-01-23 09:00,Sudeste,SU-01,65.7,96.28,5,192.77
2026-01-23 09:00,Sudeste,SU-02,69.88,113.25,2,156.27
2026-01-23 09:00,Sul,SU-01,110.87,131.52,2,264.57
2026-01-23 09:00,Sul,SU-02,87.99,101.95,3,279.18
2026-01-23 10:00,Centro-Oeste,CE-01,53.18,99.9,2,144.26
2026-01-23 10:00,Centro-Oeste,CE-02,64.52,132.3,2,152.87
2026-01-23 10:00,Nordeste,NO-01,68.29,121.8,1,152.96
2026-01-23 10:00,Nordeste,NO-02,67.32,123.34,3,140.54
2026-01-23 10:00,Norte,NO-01,78.34,134.11,5,134.42
2026-01-23 10:00,Norte,NO-02,56.85,102.25,1,157.24
2026-01-23 10:00,Sudeste,SU-01,68.38,99.99,5,195.86
2026-01-23 10:00,Sudeste,SU-02,76.16,111.39,2,176.54
2026-01-23 10:00,Sul,SU-01,113.09,129.54,2,296.49
2026-01-23 10:00,Sul,SU-02,85.52,104.71,3,262.53
2026-01-23 11:00,Centro-Oeste,CE-01,55.47,102.21,2,141.46
2026-01-23 11:00,Centro-Oeste,CE-02,67.88,133.63,2,148.93
2026-01-23 11:00,Nordeste,NO-01,73.74,120.22,1,159.91
2026-01-23 11:00,Nordeste,NO-02,71.21,118.62,3,139.69
2026-01-23 11:00,Norte,NO-01,85.96,134.88,5,171.05
2026-01-23 11:00,Norte,NO-02,59.96,100.29,1,134.44
2026-01-23 11:00,Sudeste,SU-01,71.37,100.68,5,208.87
2026-01-23 11:00,Sudeste,SU-02,79.97,112.26,2,211.96
2026-01-23 11:00,Sul,SU-01,110.65,134.51,2,260.87
2026-01-23 11:00,Sul,SU-02,95.39,101.31,3,328.35
2026-01-23 12:00,Centro-Oeste,CE-01,58.71,99.59,2,146.37
2026-01-23 12:00,Centro-Oeste,CE-02,70.33,133.41,2,157.1
2026-01-23 12:00,Nordeste,NO-01,73.05,121.48,1,164.02
2026-01-23 12:00,Nordeste,NO-02,68.9,122.17,3,147.06
2026-01-23 12:00,Norte,NO-01,92.17,132.32,5,189.95
2026-01-23 12:00,Norte,NO-02,67.9,99.96,1,184.19
2026-01-23 12:00,Sudeste,SU-01,74.9,102.26,5,213.44
2026-01-23 12:00,Sudeste,SU-02,85.76,109.2,2,237.36
2026-01-23 12:00,Sul,SU-01,117.27,131.54,2,299.17
2026-01-23 12:00,Sul,SU-02,92.5,104.53,3,296.55
2026-01-23 13:00,Centro-Oeste,CE-01,61.03,96.34,2,172.72
2026-01-23 13:00,Centro-Oeste,CE-02,76.01,134.93,2,142.91
2026-01-23 13:00,Nordeste,NO-01,82.39,119.38,1,197.64
2026-01-23 13:00,Nordeste,NO-02,70.69,122.46,3,143.41
2026-01-23 13:00,Norte,NO-01,90.23,133.49,5,195.97
2026-01-23 13:00,Norte,NO-02,67.08,99.04,1,184.08
2026-01-23 13:00,Sudeste,SU-01,78.75,103.65,5,222.13
2026-01-23 13:00,Sudeste,SU-02,86.74,113.52,2,224.04
2026-01-23 13:00,Sul,SU-01,114.72,132.11,2,277.61
2026-01-23 13:00,Sul,SU-02,89.42,104.82,3,293.76
2026-01-23 14:00,Centro-Oeste,CE-01,62.33,98.54,2,180.01
2026-01-23 14:00,Centro-Oeste,CE-02,83.09,135.16,2,159.22
2026-01-23 14:00,Nordeste,NO-01,78.29,118.44,1,176.48
2026-01-23 14:00,Nordeste,NO-02,79.9,119.52,3,189.45
2026-01-23 14:00,Norte,NO-01,97.07,134.03,5,225.31
2026-01-23 14:00,Norte,NO-02,73.89,98.95,1,234.72
2026-01-23 14:00,Sudeste,SU-01,81.34,97.86,5,260.09
2026-01-23 14:00,Sudeste,SU-02,97.7,114.02,2,273.83
2026-01-23 14:00,Sul,SU-01,118.46,129.53,2,302.57
2026-01-23 14:00,Sul,SU-02,94.48,100.88,3,329.88
2026-01-23 15:00,Centro-Oeste,CE-01,68.86,94.7,2,213.64
2026-01-23 15:00,Centro-Oeste,CE-02,82.79,130.43,2,164.55
2026-01-23 15:00,Nordeste,NO-01,85.92,114.74,1,223.65
2026-01-23 15:00,Nordeste,NO-02,81.63,118.54,3,205.25
2026-01-23 15:00,Norte,NO-01,99.59,131.52,5,228.3
2026-01-23 15:00,Norte,NO-02,71.21,95.45,1,219.52
2026-01-23 15:00,Sudeste,SU-01,83.8,102.35,5,268.69
2026-01-23 15:00,Sudeste,SU-02,105.87,110.75,2,328.65
2026-01-23 15:00,Sul,SU-01,117.99,131.45,2,299.49
2026-01-23 15:00,Sul,SU-02,92.93,102.26,3,302.03
2026-01-23 16:00,Centro-Oeste,CE-01,73.66,93.66,2,235.17
2026-01-23 16:00,Centro-Oeste,CE-02,89.67,130.26,2,177.93
2026-01-23 16:00,Nordeste,NO-01,83.08,111.57,1,229.68
2026-01-23 16:00,Nordeste,NO-02,83.74,117.02,3,203.03
2026-01-23 16:00,Norte,NO-01,101.67,127.79,5,235.81
2026-01-23 16:00,Norte,NO-02,74.5,93.01,1,261.43
2026-01-23 16:00,Sudeste,SU-01,88.08,95.62,5,304.83
2026-01-23 16:00,Sudeste,SU-02,102.26,110.3,2,314.62
2026-01-23 16:00,Sul,SU-01,121.67,131.52,2,305.62
2026-01-23 16:00,Sul,SU-02,99.13,104.84,3,332.37
2026-01-23 17:00,Centro-Oeste,CE-01,74.01,97.56,2,233.45
2026-01-23 17:00,Centro-Oeste,CE-02,90.46,130.73,2,190.65
2026-01-23 17:00,Nordeste,NO-01,91.58,111.88,1,259.1
2026-01-23 17:00,Nordeste,NO-02,89.42,112.81,3,239.5
2026-01-23 17:00,Norte,NO-01,104.04,130.42,5,250.39
2026-01-23 17:00,Norte,NO-02,74.23,95.88,1,230.93
2026-01-23 17:00,Sudeste,SU-01,87.25,99.4,5,286.69
2026-01-23 17:00,Sudeste,SU-02,96.25,108.78,2,296.75
2026-01-23 17:00,Sul,SU-01,120.7,127.28,2,329.46
2026-01-23 17:00,Sul,SU-02,91.67,98.46,3,322.52
2026-01-23 18:00,Centro-Oeste,CE-01,75.45,89.37,2,276.13
2026-01-23 18:00,Centro-Oeste,CE-02,93.5,126.43,2,212.76
2026-01-23 18:00,Nordeste,NO-01,87.34,115.32,1,233.81
2026-01-23 18:00,Nordeste,NO-02,87.18,112.97,3,233.88
2026-01-23 18:00,Norte,NO-01,98.49,124.37,5,239.0
2026-01-23 18:00,Norte,NO-02,76.2,94.98,1,258.97
2026-01-23 18:00,Sudeste,SU-01,86.27,96.8,5,286.44
2026-01-23 18:00,Sudeste,SU-02,104.86,109.24,2,342.12
2026-01-23 18:00,Sul,SU-01,115.63,123.88,2,323.93
2026-01-23 18:00,Sul,SU-02,92.88,94.27,3,345.59
2026-01-23 19:00,Centro-Oeste,CE-01,80.99,91.17,2,300.59
2026-01-23 19:00,Centro-Oeste,CE-02,93.26,126.42,2,226.63
2026-01-23 19:00,Nordeste,NO-01,95.01,106.15,1,297.57
2026-01-23 19:00,Nordeste,NO-02,85.69,113.06,3,238.49
2026-01-23 19:00,Norte,NO-01,103.76,121.47,5,270.67
2026-01-23 19:00,Norte,NO-02,73.99,90.52,1,258.71
2026-01-23 19:00,Sudeste,SU-01,85.41,87.56,5,335.24
2026-01-23 19:00,Sudeste,SU-02,105.02,106.44,2,343.62
2026-01-23 19:00,Sul,SU-01,115.64,122.86,2,331.78
2026-01-23 19:00,Sul,SU-02,95.24,97.47,3,335.79
2026-01-23 20:00,Centro-Oeste,CE-01,81.9,90.61,2,296.06
2026-01-23 20:00,Centro-Oeste,CE-02,99.05,127.78,2,233.12
2026-01-23 20:00,Nordeste,NO-01,93.05,105.46,1,292.83
2026-01-23 20:00,Nordeste,NO-02,91.52,110.95,3,262.78
2026-01-23 20:00,Norte,NO-01,101.4,125.36,5,254.22
2026-01-23 20:00,Norte,NO-02,69.14,88.68,1,229.97
2026-01-23 20:00,Sudeste,SU-01,88.48,91.94,5,333.53
2026-01-23 20:00,Sudeste,SU-02,100.97,106.83,2,318.23
2026-01-23 20:00,Sul,SU-01,107.77,116.41,2,307.58
2026-01-23 20:00,Sul,SU-02,86.8,93.13,3,325.98
2026-01-23 21:00,Centro-Oeste,CE-01,80.83,90.99,2,299.28
2026-01-23 21:00,Centro-Oeste,CE-02,93.2,123.43,2,218.27
2026-01-23 21:00,Nordeste,NO-01,84.01,106.4,1,235.8
2026-01-23 21:00,Nordeste,NO-02,87.1,109.91,3,247.38
2026-01-23 21:00,Norte,NO-01,100.36,120.33,5,270.18
2026-01-23 21:00,Norte,NO-02,71.34,89.4,1,249.98
2026-01-23 21:00,Sudeste,SU-01,89.07,90.22,5,346.84
2026-01-23 21:00,Sudeste,SU-02,98.83,102.32,2,333.57
2026-01-23 21:00,Sul,SU-01,106.47,113.55,2,325.04
2026-01-23 21:00,Sul,SU-02,85.25,90.12,3,313.12
2026-01-23 22:00,Centro-Oeste,CE-01,74.96,87.55,2,266.62
2026-01-23 22:00,Centro-Oeste,CE-02,95.45,124.44,2,234.22
2026-01-23 22:00,Nordeste,NO-01,89.36,109.08,1,260.63
2026-01-23 22:00,Nordeste,NO-02,83.7,108.43,3,245.41
2026-01-23 22:00,Norte,NO-01,93.25,119.68,5,248.68
2026-01-23 22:00,Norte,NO-02,67.03,88.67,1,225.49
2026-01-23 22:00,Sudeste,SU-01,81.77,88.52,5,317.37
2026-01-23 22:00,Sudeste,SU-02,94.64,100.48,2,311.09
2026-01-23 22:00,Sul,SU-01,101.56,119.05,2,281.39
2026-01-23 22:00,Sul,SU-02,83.99,89.87,3,324.98
2026-01-23 23:00,Centro-Oeste,CE-01,76.73,87.77,2,279.97
2026-01-23 23:00,Centro-Oeste,CE-02,90.99,116.08,2,235.88
2026-01-23 23:00,Nordeste,NO-01,86.43,104.59,1,264.51
2026-01-23 23:00,Nordeste,NO-02,82.12,105.94,3,238.42
2026-01-23 23:00,Norte,NO-01,89.5,118.74,5,202.71
2026-01-23 23:00,Norte,NO-02,65.21,85.71,1,233.26
2026-01-23 23:00,Sudeste,SU-01,77.53,91.88,5,278.03
2026-01-23 23:00,Sudeste,SU-02,92.33,98.97,2,309.11
2026-01-23 23:00,Sul,SU-01,103.72,114.53,2,300.12
2026-01-23 23:00,Sul,SU-02,76.58,93.57,3,265.42
2026-01-24 00:00,Centro-Oeste,CE-01,66.21,86.58,2,231.83
2026-01-24 00:00,Centro-Oeste,CE-02,83.15,118.01,2,212.38
2026-01-24 00:00,Nordeste,NO-01,73.62,105.3,1,196.85
2026-01-24 00:00,Nordeste,NO-02,74.93,104.26,3,211.28
2026-01-24 00:00,Norte,NO-01,81.48,120.94,5,187.33
2026-01-24 00:00,Norte,NO-02,58.08,87.07,1,187.04
2026-01-24 00:00,Sudeste,SU-01,69.53,88.55,5,254.07
2026-01-24 00:00,Sudeste,SU-02,79.18,102.01,2,238.05
2026-01-24 00:00,Sul,SU-01,89.35,119.25,2,220.89
2026-01-24 00:00,Sul,SU-02,73.06,87.95,3,260.9
2026-01-24 01:00,Centro-Oeste,CE-01,65.0,88.29,2,215.63
2026-01-24 01:00,Centro-Oeste,CE-02,78.26,117.75,2,178.19
2026-01-24 01:00,Nordeste,NO-01,71.64,106.05,1,183.21
2026-01-24 01:00,Nordeste,NO-02,71.73,109.91,3,174.27
2026-01-24 01:00,Norte,NO-01,79.04,115.77,5,190.46
2026-01-24 01:00,Norte,NO-02,54.69,90.83,1,143.87
2026-01-24 01:00,Sudeste,SU-01,63.78,86.77,5,218.73
2026-01-24 01:00,Sudeste,SU-02,75.89,100.01,2,235.45
2026-01-24 01:00,Sul,SU-01,83.05,116.4,2,204.17
2026-01-24 01:00,Sul,SU-02,69.64,91.54,3,231.19
2026-01-24 02:00,Centro-Oeste,CE-01,57.17,87.58,2,169.49
2026-01-24 02:00,Centro-Oeste,CE-02,75.51,116.95,2,174.0
2026-01-24 02:00,Nordeste,NO-01,73.3,107.42,1,179.66
2026-01-24 02:00,Nordeste,NO-02,65.36,112.27,3,145.49
2026-01-24 02:00,Norte,NO-01,77.94,123.68,5,168.08
2026-01-24 02:00,Norte,NO-02,55.62,85.71,1,181.01
2026-01-24 02:00,Sudeste,SU-01,61.14,87.72,5,187.96
2026-01-24 02:00,Sudeste,SU-02,69.36,100.14,2,206.24
2026-01-24 02:00,Sul,SU-01,85.27,116.52,2,217.14
2026-01-24 02:00,Sul,SU-02,69.2,93.98,3,219.11
2026-01-24 03:00,Centro-Oeste,CE-01,57.13,90.92,2,158.62
2026-01-24 03:00,Centro-Oeste,CE-02,69.61,123.12,2,152.25
2026-01-24 03:00,Nordeste,NO-01,66.59,107.03,1,165.34
2026-01-24 03:00,Nordeste,NO-02,64.76,111.38,3,158.83
2026-01-24 03:00,Norte,NO-01,71.37,121.63,5,150.06
2026-01-24 03:00,Norte,NO-02,51.42,87.91,1,146.06
2026-01-24 03:00,Sudeste,SU-01,57.0,91.8,5,159.71
2026-01-24 03:00,Sudeste,SU-02,66.42,103.87,2,180.5
2026-01-24 03:00,Sul,SU-01,79.22,119.61,2,173.59
2026-01-24 03:00,Sul,SU-02,60.82,93.25,3,182.14
2026-01-24 04:00,Centro-Oeste,CE-01,55.01,89.95,2,165.07
2026-01-24 04:00,Centro-Oeste,CE-02,66.89,124.25,2,145.97
2026-01-24 04:00,Nordeste,NO-01,65.22,110.02,1,149.76
2026-01-24 04:00,Nordeste,NO-02,59.48,109.31,3,139.94
2026-01-24 04:00,Norte,NO-01,68.72,117.39,5,150.98
2026-01-24 04:00,Norte,NO-02,47.49,87.28,1,152.01
2026-01-24 04:00,Sudeste,SU-01,57.29,89.64,5,159.81
2026-01-24 04:00,Sudeste,SU-02,63.87,105.51,2,139.05
2026-01-24 04:00,Sul,SU-01,78.04,124.04,2,164.89
2026-01-24 04:00,Sul,SU-02,62.99,91.9,3,195.22
2026-01-24 05:00,Centro-Oeste,CE-01,52.32,95.24,2,152.13
2026-01-24 05:00,Centro-Oeste,CE-02,66.15,123.04,2,166.14
2026-01-24 05:00,Nordeste,NO-01,66.17,110.99,1,158.39
2026-01-24 05:00,Nordeste,NO-02,58.73,113.32,3,141.35
2026-01-24 05:00,Norte,NO-01,67.85,121.92,5,148.3
2026-01-24 05:00,Norte,NO-02,49.26,92.97,1,144.81
2026-01-24 05:00,Sudeste,SU-01,56.85,96.41,5,155.56
2026-01-24 05:00,Sudeste,SU-02,63.76,106.04,2,153.66
2026-01-24 05:00,Sul,SU-01,73.21,124.44,2,153.84
2026-01-24 05:00,Sul,SU-02,60.08,97.91,3,159.76
2026-01-24 06:00,Centro-Oeste,CE-01,48.68,93.69,2,150.43
2026-01-24 06:00,Centro-Oeste,CE-02,63.95,128.68,2,142.23
2026-01-24 06:00,Nordeste,NO-01,63.28,110.33,1,151.49
2026-01-24 06:00,Nordeste,NO-02,60.63,115.37,3,146.4
2026-01-24 06:00,Norte,NO-01,67.51,126.12,5,151.29
2026-01-24 06:00,Norte,NO-02,49.77,94.78,1,147.16
2026-01-24 06:00,Sudeste,SU-01,54.56,95.48,5,142.79
2026-01-24 06:00,Sudeste,SU-02,63.23,105.98,2,147.53
2026-01-24 06:00,Sul,SU-01,73.91,124.52,2,139.8
2026-01-24 06:00,Sul,SU-02,61.86,95.2,3,195.71
2026-01-24 07:00,Centro-Oeste,CE-01,45.21,92.83,2,153.16
2026-01-24 07:00,Centro-Oeste,CE-02,59.39,127.46,2,145.96
2026-01-24 07:00,Nordeste,NO-01,57.13,113.38,1,136.84
2026-01-24 07:00,Nordeste,NO-02,62.49,118.72,3,154.05
2026-01-24 07:00,Norte,NO-01,69.06,127.14,5,159.71
2026-01-24 07:00,Norte,NO-02,49.89,96.92,1,154.15
2026-01-24 07:00,Sudeste,SU-01,53.03,97.38,5,163.99
2026-01-24 07:00,Sudeste,SU-02,63.29,110.85,2,139.09
2026-01-24 07:00,Sul,SU-01,72.06,126.09,2,152.77
2026-01-24 07:00,Sul,SU-02,55.6,97.95,3,148.58
2026-01-24 08:00,Centro-Oeste,CE-01,46.29,97.96,2,152.26
2026-01-24 08:00,Centro-Oeste,CE-02,57.55,129.63,2,168.56
2026-01-24 08:00,Nordeste,NO-01,62.07,117.55,1,155.36
2026-01-24 08:00,Nordeste,NO-02,59.35,119.45,3,139.73
2026-01-24 08:00,Norte,NO-01,69.17,131.7,5,154.08
2026-01-24 08:00,Norte,NO-02,49.7,94.2,1,140.99
2026-01-24 08:00,Sudeste,SU-01,55.41,99.88,5,144.96
2026-01-24 08:00,Sudeste,SU-02,62.71,108.7,2,159.22
2026-01-24 08:00,Sul,SU-01,72.31,123.79,2,134.56
2026-01-24 08:00,Sul,SU-02,54.75,100.48,3,145.61
2026-01-24 09:00,Centro-Oeste,CE-01,49.3,93.2,2,140.8
2026-01-24 09:00,Centro-Oeste,CE-02,59.19,132.68,2,141.04
2026-01-24 09:00,Nordeste,NO-01,63.39,114.77,1,142.43
2026-01-24 09:00,Nordeste,NO-02,57.16,122.17,3,146.66
2026-01-24 09:00,Norte,NO-01,75.82,131.66,5,160.16
2026-01-24 09:00,Norte,NO-02,52.67,95.13,1,148.57
2026-01-24 09:00,Sudeste,SU-01,62.6,98.6,5,157.47
2026-01-24 09:00,Sudeste,SU-02,74.77,112.14,2,184.08
2026-01-24 09:00,Sul,SU-01,71.41,129.05,2,139.69
2026-01-24 09:00,Sul,SU-02,57.45,101.86,3,161.15
2026-01-24 10:00,Centro-Oeste,CE-01,50.76,98.4,2,138.08
2026-01-24 10:00,Centro-Oeste,CE-02,58.72,134.46,2,154.9
2026-01-24 10:00,Nordeste,NO-01,65.26,116.88,1,145.73
2026-01-24 10:00,Nordeste,NO-02,63.99,119.94,3,167.85
2026-01-24 10:00,Norte,NO-01,72.56,133.29,5,148.8
2026-01-24 10:00,Norte,NO-02,53.92,100.61,1,150.1
2026-01-24 10:00,Sudeste,SU-01,61.31,100.4,5,144.72
2026-01-24 10:00,Sudeste,SU-02,69.65,113.41,2,137.29
2026-01-24 10:00,Sul,SU-01,72.32,128.86,2,149.61
2026-01-24 10:00,Sul,SU-02,59.03,101.3,3,134.15
2026-01-24 11:00,Centro-Oeste,CE-01,50.69,98.71,2,155.48
2026-01-24 11:00,Centro-Oeste,CE-02,65.5,135.85,2,152.69
2026-01-24 11:00,Nordeste,NO-01,64.64,118.3,1,141.85
2026-01-24 11:00,Nordeste,NO-02,62.8,118.27,3,151.42
2026-01-24 11:00,Norte,NO-01,78.19,134.81,5,160.5
2026-01-24 11:00,Norte,NO-02,55.27,97.7,1,160.84
2026-01-24 11:00,Sudeste,SU-01,62.22,106.42,5,145.63
2026-01-24 11:00,Sudeste,SU-02,77.41,111.39,2,193.68
2026-01-24 11:00,Sul,SU-01,71.73,133.47,2,148.85
2026-01-24 11:00,Sul,SU-02,57.38,103.08,3,125.65
2026-01-24 12:00,Centro-Oeste,CE-01,54.15,99.64,2,147.98
2026-01-24 12:00,Centro-Oeste,CE-02,66.73,135.3,2,149.15
2026-01-24 12:00,Nordeste,NO-01,69.47,112.64,1,162.99
2026-01-24 12:00,Nordeste,NO-02,69.48,115.64,3,152.5
2026-01-24 12:00,Norte,NO-01,81.83,131.88,5,167.98
2026-01-24 12:00,Norte,NO-02,59.98,101.84,1,153.97
2026-01-24 12:00,Sudeste,SU-01,65.09,100.24,5,165.36
2026-01-24 12:00,Sudeste,SU-02,80.23,114.95,2,209.53
2026-01-24 12:00,Sul,SU-01,77.67,131.88,2,130.84
2026-01-24 12:00,Sul,SU-02,62.11,102.01,3,160.18
2026-01-24 13:00,Centro-Oeste,CE-01,56.39,102.63,2,159.64
2026-01-24 13:00,Centro-Oeste,CE-02,70.7,139.46,2,131.1
2026-01-24 13:00,Nordeste,NO-01,74.6,119.82,1,150.64
2026-01-24 13:00,Nordeste,NO-02,70.08,121.25,3,149.41
2026-01-24 13:00,Norte,NO-01,90.43,137.05,5,188.12
2026-01-24 13:00,Norte,NO-02,61.63,97.69,1,166.58
2026-01-24 13:00,Sudeste,SU-01,75.06,98.63,5,237.77
2026-01-24 13:00,Sudeste,SU-02,84.23,111.09,2,243.99
2026-01-24 13:00,Sul,SU-01,80.7,131.75,2,155.9
2026-01-24 13:00,Sul,SU-02,65.8,105.2,3,152.7
2026-01-24 14:00,Centro-Oeste,CE-01,61.49,98.05,2,171.85
2026-01-24 14:00,Centro-Oeste,CE-02,75.15,137.47,2,142.15
2026-01-24 14:00,Nordeste,NO-01,71.95,115.24,1,172.31
2026-01-24 14:00,Nordeste,NO-02,73.08,120.14,3,159.14
2026-01-24 14:00,Norte,NO-01,90.01,131.64,5,194.14
2026-01-24 14:00,Norte,NO-02,64.95,96.87,1,176.78
2026-01-24 14:00,Sudeste,SU-01,78.32,101.49,5,230.11
2026-01-24 14:00,Sudeste,SU-02,85.27,115.66,2,212.58
2026-01-24 14:00,Sul,SU-01,78.38,129.36,2,139.7
2026-01-24 14:00,Sul,SU-02,65.67,101.56,3,169.52
2026-01-24 15:00,Centro-Oeste,CE-01,63.8,99.59,2,156.83
2026-01-24 15:00,Centro-Oeste,CE-02,77.78,131.89,2,158.81
2026-01-24 15:00,Nordeste,NO-01,78.31,115.33,1,198.78
2026-01-24 15:00,Nordeste,NO-02,74.55,122.34,3,160.33
2026-01-24 15:00,Norte,NO-01,90.56,133.42,5,191.13
2026-01-24 15:00,Norte,NO-02,66.93,97.18,1,184.3
2026-01-24 15:00,Sudeste,SU-01,78.35,99.15,5,250.57
2026-01-24 15:00,Sudeste,SU-02,93.48,113.28,2,264.26
2026-01-24 15:00,Sul,SU-01,85.33,131.85,2,169.58
2026-01-24 15:00,Sul,SU-02,69.22,102.66,3,200.88
2026-01-24 16:00,Centro-Oeste,CE-01,63.39,96.11,2,169.03
2026-01-24 16:00,Centro-Oeste,CE-02,80.84,127.6,2,157.93
2026-01-24 16:00,Nordeste,NO-01,80.64,116.22,1,194.1
2026-01-24 16:00,Nordeste,NO-02,76.6,115.77,3,181.38
2026-01-24 16:00,Norte,NO-01,92.11,132.65,5,183.91
2026-01-24 16:00,Norte,NO-02,65.0,93.82,1,190.43
2026-01-24 16:00,Sudeste,SU-01,82.6,96.84,5,252.32
2026-01-24 16:00,Sudeste,SU-02,98.49,110.9,2,297.76
2026-01-24 16:00,Sul,SU-01,92.29,132.75,2,209.59
2026-01-24 16:00,Sul,SU-02,76.85,101.57,3,238.77
2026-01-24 17:00,Centro-Oeste,CE-01,68.88,90.5,2,228.68
2026-01-24 17:00,Centro-Oeste,CE-02,85.64,127.86,2,183.76
2026-01-24 17:00,Nordeste,NO-01,82.82,114.83,1,213.23
2026-01-24 17:00,Nordeste,NO-02,78.77,112.06,3,185.6
2026-01-24 17:00,Norte,NO-01,97.46,127.39,5,229.09
2026-01-24 17:00,Norte,NO-02,68.51,96.65,1,212.75
2026-01-24 17:00,Sudeste,SU-01,82.81,95.6,5,294.94
2026-01-24 17:00,Sudeste,SU-02,98.08,113.44,2,284.79
2026-01-24 17:00,Sul,SU-01,93.51,121.69,2,231.41
2026-01-24 17:00,Sul,SU-02,74.7,101.67,3,233.74
2026-01-24 18:00,Centro-Oeste,CE-01,74.0,90.6,2,253.64
2026-01-24 18:00,Centro-Oeste,CE-02,86.32,124.6,2,198.81
2026-01-24 18:00,Nordeste,NO-01,86.37,112.83,1,230.8
2026-01-24 18:00,Nordeste,NO-02,80.04,113.12,3,204.77
2026-01-24 18:00,Norte,NO-01,97.56,130.07,5,239.8
2026-01-24 18:00,Norte,NO-02,64.56,96.47,1,182.49
2026-01-24 18:00,Sudeste,SU-01,83.0,95.51,5,281.6
2026-01-24 18:00,Sudeste,SU-02,97.35,106.17,2,298.49
2026-01-24 18:00,Sul,SU-01,101.27,118.63,2,290.11
2026-01-24 18:00,Sul,SU-02,76.26,95.8,3,258.09
2026-01-24 19:00,Centro-Oeste,CE-01,75.88,88.61,2,268.39
2026-01-24 19:00,Centro-Oeste,CE-02,90.98,121.95,2,217.56
2026-01-24 19:00,Nordeste,NO-01,88.46,115.29,1,241.41
2026-01-24 19:00,Nordeste,NO-02,80.66,113.77,3,207.03
2026-01-24 19:00,Norte,NO-01,100.38,124.79,5,246.98
2026-01-24 19:00,Norte,NO-02,71.38,90.81,1,244.71
2026-01-24 19:00,Sudeste,SU-01,82.33,90.76,5,304.46
2026-01-24 19:00,Sudeste,SU-02,95.47,107.63,2,306.77
2026-01-24 19:00,Sul,SU-01,95.21,127.5,2,231.41
2026-01-24 19:00,Sul,SU-02,73.77,96.8,3,240.42
2026-01-24 20:00,Centro-Oeste,CE-01,73.56,89.75,2,252.48
2026-01-24 20:00,Centro-Oeste,CE-02,92.2,123.1,2,218.88
2026-01-24 20:00,Nordeste,NO-01,82.89,109.51,1,230.9
2026-01-24 20:00,Nordeste,NO-02,82.15,108.89,3,226.05
2026-01-24 20:00,Norte,NO-01,93.73,124.17,5,222.1
2026-01-24 20:00,Norte,NO-02,64.66,92.13,1,197.49
2026-01-24 20:00,Sudeste,SU-01,82.61,91.84,5,296.57
2026-01-24 20:00,Sudeste,SU-02,94.55,108.06,2,287.21
2026-01-24 20:00,Sul,SU-01,99.38,121.51,2,245.7
2026-01-24 20:00,Sul,SU-02,78.74,96.67,3,248.33
2026-01-24 21:00,Centro-Oeste,CE-01,76.16,88.02,2,285.29
2026-01-24 21:00,Centro-Oeste,CE-02,93.95,120.34,2,242.72
2026-01-24 21:00,Nordeste,NO-01,76.22,102.63,1,222.16
2026-01-24 21:00,Nordeste,NO-02,81.25,110.96,3,201.79
2026-01-24 21:00,Norte,NO-01,92.89,122.61,5,230.05
2026-01-24 21:00,Norte,NO-02,63.61,89.47,1,210.06
2026-01-24 21:00,Sudeste,SU-01,74.01,89.29,5,268.7
2026-01-24 21:00,Sudeste,SU-02,92.4,105.71,2,281.69
2026-01-24 21:00,Sul,SU-01,98.82,122.47,2,247.31
2026-01-24 21:00,Sul,SU-02,78.23,93.61,3,268.45
2026-01-24 22:00,Centro-Oeste,CE-01,73.11,91.02,2,258.4
2026-01-24 22:00,Centro-Oeste,CE-02,90.46,116.87,2,220.82
2026-01-24 22:00,Nordeste,NO-01,83.4,106.26,1,227.69
2026-01-24 22:00,Nordeste,NO-02,77.58,104.36,3,217.39
2026-01-24 22:00,Norte,NO-01,89.77,121.73,5,203.11
2026-01-24 22:00,Norte,NO-02,60.7,86.87,1,206.91
2026-01-24 22:00,Sudeste,SU-01,71.35,89.93,5,249.07
2026-01-24 22:00,Sudeste,SU-02,87.15,102.29,2,287.67
2026-01-24 22:00,Sul,SU-01,96.9,115.55,2,269.2
2026-01-24 22:00,Sul,SU-02,79.6,94.36,3,268.65
2026-01-24 23:00,Centro-Oeste,CE-01,67.18,84.35,2,252.56
2026-01-24 23:00,Centro-Oeste,CE-02,86.76,119.73,2,214.05
2026-01-24 23:00,Nordeste,NO-01,79.56,102.63,1,242.06
2026-01-24 23:00,Nordeste,NO-02,73.52,106.69,3,186.32
2026-01-24 23:00,Norte,NO-01,86.92,116.89,5,212.48
2026-01-24 23:00,Norte,NO-02,59.38,86.24,1,206.82
2026-01-24 23:00,Sudeste,SU-01,69.82,87.41,5,262.16
2026-01-24 23:00,Sudeste,SU-02,83.3,99.04,2,279.68
2026-01-24 23:00,Sul,SU-01,103.74,123.23,2,282.24
2026-01-24 23:00,Sul,SU-02,84.7,91.08,3,311.37
2026-01-25 00:00,Centro-Oeste,CE-01,66.68,91.32,2,197.48
2026-01-25 00:00,Centro-Oeste,CE-02,77.53,123.31,2,163.66
2026-01-25 00:00,Nordeste,NO-01,73.3,105.15,1,206.87
2026-01-25 00:00,Nordeste,NO-02,75.61,106.82,3,202.04
2026-01-25 00:00,Norte,NO-01,83.3,116.64,5,201.72
2026-01-25 00:00,Norte,NO-02,56.11,85.42,1,192.14
2026-01-25 00:00,Sudeste,SU-01,68.15,85.87,5,245.69
2026-01-25 00:00,Sudeste,SU-02,77.43,104.28,2,229.71
2026-01-25 00:00,Sul,SU-01,106.61,117.25,2,285.28
2026-01-25 00:00,Sul,SU-02,83.13,92.78,3,291.8
2026-01-25 01:00,Centro-Oeste,CE-01,59.48,85.25,2,203.93
2026-01-25 01:00,Centro-Oeste,CE-02,76.56,121.6,2,171.21
2026-01-25 01:00,Nordeste,NO-01,74.22,103.57,1,211.99
2026-01-25 01:00,Nordeste,NO-02,66.9,106.13,3,157.32
2026-01-25 01:00,Norte,NO-01,78.74,121.26,5,160.33
2026-01-25 01:00,Norte,NO-02,56.52,85.68,1,187.24
2026-01-25 01:00,Sudeste,SU-01,68.29,88.72,5,233.21
2026-01-25 01:00,Sudeste,SU-02,77.41,98.48,2,231.6
2026-01-25 01:00,Sul,SU-01,99.93,115.8,2,286.94
2026-01-25 01:00,Sul,SU-02,83.7,94.16,3,294.52
2026-01-25 02:00,Centro-Oeste,CE-01,63.27,85.5,2,214.41
2026-01-25 02:00,Centro-Oeste,CE-02,70.34,117.83,2,147.34
2026-01-25 02:00,Nordeste,NO-01,69.52,104.9,1,195.85
2026-01-25 02:00,Nordeste,NO-02,66.98,108.3,3,162.4
2026-01-25 02:00,Norte,NO-01,77.05,117.7,5,179.67
2026-01-25 02:00,Norte,NO-02,52.86,88.44,1,153.1
2026-01-25 02:00,Sudeste,SU-01,64.42,89.86,5,213.67
2026-01-25 02:00,Sudeste,SU-02,72.96,100.89,2,213.38
2026-01-25 02:00,Sul,SU-01,100.64,116.96,2,272.71
2026-01-25 02:00,Sul,SU-02,78.4,93.54,3,268.06
2026-01-25 03:00,Centro-Oeste,CE-01,57.09,88.01,2,169.85
2026-01-25 03:00,Centro-Oeste,CE-02,66.12,120.98,2,158.39
2026-01-25 03:00,Nordeste,NO-01,71.74,103.98,1,206.43
2026-01-25 03:00,Nordeste,NO-02,65.08,108.95,3,162.06
2026-01-25 03:00,Norte,NO-01,72.02,122.27,5,134.08
2026-01-25 03:00,Norte,NO-02,50.82,92.47,1,158.29
2026-01-25 03:00,Sudeste,SU-01,61.76,91.85,5,187.86
2026-01-25 03:00,Sudeste,SU-02,66.65,106.25,2,157.25
2026-01-25 03:00,Sul,SU-01,103.1,119.44,2,286.25
2026-01-25 03:00,Sul,SU-02,77.43,93.79,3,269.58
2026-01-25 04:00,Centro-Oeste,CE-01,56.0,88.8,2,163.29
2026-01-25 04:00,Centro-Oeste,CE-02,66.24,121.72,2,154.06
2026-01-25 04:00,Nordeste,NO-01,68.52,106.98,1,171.25
2026-01-25 04:00,Nordeste,NO-02,63.79,111.8,3,151.68
2026-01-25 04:00,Norte,NO-01,64.61,121.15,5,162.16
2026-01-25 04:00,Norte,NO-02,48.58,90.27,1,158.49
2026-01-25 04:00,Sudeste,SU-01,56.6,91.71,5,163.08
2026-01-25 04:00,Sudeste,SU-02,64.86,103.42,2,146.75
2026-01-25 04:00,Sul,SU-01,97.36,120.96,2,250.5
2026-01-25 04:00,Sul,SU-02,77.5,94.64,3,261.35
2026-01-25 05:00,Centro-Oeste,CE-01,48.81,95.21,2,162.0
2026-01-25 05:00,Centro-Oeste,CE-02,65.52,129.02,2,144.2
2026-01-25 05:00,Nordeste,NO-01,62.11,110.37,1,145.28
2026-01-25 05:00,Nordeste,NO-02,59.36,113.01,3,146.59
2026-01-25 05:00,Norte,NO-01,66.3,122.21,5,156.42
2026-01-25 05:00,Norte,NO-02,48.04,90.68,1,139.27
2026-01-25 05:00,Sudeste,SU-01,54.58,92.16,5,152.53
2026-01-25 05:00,Sudeste,SU-02,64.6,104.49,2,181.78
2026-01-25 05:00,Sul,SU-01,89.21,125.34,2,209.99
2026-01-25 05:00,Sul,SU-02,75.43,94.39,3,244.37
2026-01-25 06:00,Centro-Oeste,CE-01,49.4,93.79,2,154.67
2026-01-25 06:00,Centro-Oeste,CE-02,56.87,126.72,2,162.8
2026-01-25 06:00,Nordeste,NO-01,62.11,111.08,1,146.05
2026-01-25 06:00,Nordeste,NO-02,56.94,109.57,3,157.59
2026-01-25 06:00,Norte,NO-01,66.04,128.11,5,148.54
2026-01-25 06:00,Norte,NO-02,46.06,96.01,1,158.04
2026-01-25 06:00,Sudeste,SU-01,55.71,94.56,5,136.72
2026-01-25 06:00,Sudeste,SU-02,65.89,105.21,2,179.06
2026-01-25 06:00,Sul,SU-01,92.48,119.66,2,233.63
2026-01-25 06:00,Sul,SU-02,68.86,94.97,3,223.17
2026-01-25 07:00,Centro-Oeste,CE-01,45.49,91.67,2,148.27
2026-01-25 07:00,Centro-Oeste,CE-02,59.81,130.6,2,146.04
2026-01-25 07:00,Nordeste,NO-01,59.62,112.62,1,157.27
2026-01-25 07:00,Nordeste,NO-02,59.87,112.68,3,160.56
2026-01-25 07:00,Norte,NO-01,67.81,129.1,5,153.48
2026-01-25 07:00,Norte,NO-02,47.75,93.52,1,156.65
2026-01-25 07:00,Sudeste,SU-01,56.19,97.37,5,149.89
2026-01-25 07:00,Sudeste,SU-02,63.37,108.61,2,159.05
2026-01-25 07:00,Sul,SU-01,91.78,123.44,2,220.63
2026-01-25 07:00,Sul,SU-02,72.31,99.27,3,209.45
2026-01-25 08:00,Centro-Oeste,CE-01,48.43,100.04,2,142.23
2026-01-25 08:00,Centro-Oeste,CE-02,59.31,131.23,2,151.31
2026-01-25 08:00,Nordeste,NO-01,61.6,113.52,1,149.81
2026-01-25 08:00,Nordeste,NO-02,59.11,115.37,3,142.58
2026-01-25 08:00,Norte,NO-01,65.34,127.78,5,148.91
2026-01-25 08:00,Norte,NO-02,49.93,94.14,1,150.92
2026-01-25 08:00,Sudeste,SU-01,56.61,98.86,5,135.12
2026-01-25 08:00,Sudeste,SU-02,66.56,113.26,2,149.4
2026-01-25 08:00,Sul,SU-01,87.23,131.68,2,185.54
2026-01-25 08:00,Sul,SU-02,69.3,98.01,3,203.8
2026-01-25 09:00,Centro-Oeste,CE-01,47.87,97.92,2,148.8
2026-01-25 09:00,Centro-Oeste,CE-02,55.98,131.54,2,148.77
2026-01-25 09:00,Nordeste,NO-01,61.42,110.96,1,158.8
2026-01-25 09:00,Nordeste,NO-02,60.57,118.88,3,156.62
2026-01-25 09:00,Norte,NO-01,70.3,128.01,5,152.95
2026-01-25 09:00,Norte,NO-02,50.84,96.66,1,146.16
2026-01-25 09:00,Sudeste,SU-01,57.89,99.96,5,134.67
2026-01-25 09:00,Sudeste,SU-02,66.47,113.27,2,144.68
2026-01-25 09:00,Sul,SU-01,89.7,126.88,2,209.51
2026-01-25 09:00,Sul,SU-02,68.99,98.97,3,196.57
2026-01-25 10:00,Centro-Oeste,CE-01,46.69,97.36,2,151.21
2026-01-25 10:00,Centro-Oeste,CE-02,63.11,135.43,2,145.64
2026-01-25 10:00,Nordeste,NO-01,68.4,116.82,1,153.83
2026-01-25 10:00,Nordeste,NO-02,61.54,117.17,3,170.22
2026-01-25 10:00,Norte,NO-01,75.08,133.4,5,145.53
2026-01-25 10:00,Norte,NO-02,53.06,95.6,1,150.73
2026-01-25 10:00,Sudeste,SU-01,60.37,100.92,5,150.79
2026-01-25 10:00,Sudeste,SU-02,68.44,111.38,2,156.93
2026-01-25 10:00,Sul,SU-01,85.74,129.09,2,176.66
2026-01-25 10:00,Sul,SU-02,69.05,98.84,3,209.19
2026-01-25 11:00,Centro-Oeste,CE-01,48.85,97.53,2,155.13
2026-01-25 11:00,Centro-Oeste,CE-02,60.86,138.08,2,148.96
2026-01-25 11:00,Nordeste,NO-01,65.47,114.75,1,140.79
2026-01-25 11:00,Nordeste,NO-02,62.59,118.31,3,155.95
2026-01-25 11:00,Norte,NO-01,76.85,132.44,5,146.12
2026-01-25 11:00,Norte,NO-02,55.91,98.14,1,145.86
2026-01-25 11:00,Sudeste,SU-01,60.53,102.1,5,155.38
2026-01-25 11:00,Sudeste,SU-02,79.48,114.81,2,195.76
2026-01-25 11:00,Sul,SU-01,86.0,129.35,2,181.05
2026-01-25 11:00,Sul,SU-02,67.88,101.28,3,180.31
2026-01-25 12:00,Centro-Oeste,CE-01,50.88,99.26,2,143.91
2026-01-25 12:00,Centro-Oeste,CE-02,64.07,135.26,2,147.4
2026-01-25 12:00,Nordeste,NO-01,70.23,121.24,1,155.38
2026-01-25 12:00,Nordeste,NO-02,65.6,118.68,3,144.31
2026-01-25 12:00,Norte,NO-01,83.0,131.93,5,155.46
2026-01-25 12:00,Norte,NO-02,60.03,98.59,1,147.71
2026-01-25 12:00,Sudeste,SU-01,66.44,99.15,5,169.89
2026-01-25 12:00,Sudeste,SU-02,83.35,112.45,2,224.63
2026-01-25 12:00,Sul,SU-01,89.83,129.71,2,205.04
2026-01-25 12:00,Sul,SU-02,69.88,102.99,3,171.39
2026-01-25 13:00,Centro-Oeste,CE-01,56.87,98.63,2,142.85
2026-01-25 13:00,Centro-Oeste,CE-02,70.11,133.09,2,144.28
2026-01-25 13:00,Nordeste,NO-01,75.84,122.9,1,153.42
2026-01-25 13:00,Nordeste,NO-02,68.31,120.86,3,158.73
2026-01-25 13:00,Norte,NO-01,86.85,137.63,5,153.86
2026-01-25 13:00,Norte,NO-02,63.52,96.65,1,170.69
2026-01-25 13:00,Sudeste,SU-01,73.34,100.45,5,216.44
2026-01-25 13:00,Sudeste,SU-02,87.35,117.07,2,222.48
2026-01-25 13:00,Sul,SU-01,90.35,134.76,2,178.41
2026-01-25 13:00,Sul,SU-02,70.18,107.6,3,181.68
2026-01-25 14:00,Centro-Oeste,CE-01,61.73,96.72,2,162.78
2026-01-25 14:00,Centro-Oeste,CE-02,74.55,129.8,2,147.46
2026-01-25 14:00,Nordeste,NO-01,76.81,115.69,1,178.0
2026-01-25 14:00,Nordeste,NO-02,71.79,120.61,3,146.34
2026-01-25 14:00,Norte,NO-01,91.2,129.46,5,206.91
2026-01-25 14:00,Norte,NO-02,63.59,96.12,1,185.29
2026-01-25 14:00,Sudeste,SU-01,73.2,101.91,5,207.61
2026-01-25 14:00,Sudeste,SU-02,90.16,110.94,2,244.53
2026-01-25 14:00,Sul,SU-01,85.31,132.91,2,174.25
2026-01-25 14:00,Sul,SU-02,68.65,101.53,3,193.57
2026-01-25 15:00,Centro-Oeste,CE-01,62.72,97.54,2,173.15
2026-01-25 15:00,Centro-Oeste,CE-02,81.57,134.22,2,161.77
2026-01-25 15:00,Nordeste,NO-01,77.49,112.72,1,200.4
2026-01-25 15:00,Nordeste,NO-02,73.43,116.28,3,155.02
2026-01-25 15:00,Norte,NO-01,92.67,124.28,5,217.81
2026-01-25 15:00,Norte,NO-02,65.52,99.83,1,177.56
2026-01-25 15:00,Sudeste,SU-01,80.44,99.43,5,261.47
2026-01-25 15:00,Sudeste,SU-02,95.55,110.13,2,280.67
2026-01-25 15:00,Sul,SU-01,83.22,129.99,2,175.72
2026-01-25 15:00,Sul,SU-02,70.78,106.0,3,200.35
2026-01-25 16:00,Centro-Oeste,CE-01,63.41,98.41,2,157.82
2026-01-25 16:00,Centro-Oeste,CE-02,78.62,132.16,2,150.94
2026-01-25 16:00,Nordeste,NO-01,83.38,117.04,1,191.43
2026-01-25 16:00,Nordeste,NO-02,74.89,113.67,3,177.46
2026-01-25 16:00,Norte,NO-01,93.94,128.23,5,203.64
2026-01-25 16:00,Norte,NO-02,67.96,96.22,1,207.97
2026-01-25 16:00,Sudeste,SU-01,81.68,99.04,5,269.67
2026-01-25 16:00,Sudeste,SU-02,96.81,108.68,2,306.35
2026-01-25 16:00,Sul,SU-01,94.59,132.86,2,218.36
2026-01-25 16:00,Sul,SU-02,67.01,96.9,3,194.84
2026-01-25 17:00,Centro-Oeste,CE-01,69.77,98.12,2,220.33
2026-01-25 17:00,Centro-Oeste,CE-02,80.3,128.18,2,158.53
2026-01-25 17:00,Nordeste,NO-01,83.95,109.24,1,225.27
2026-01-25 17:00,Nordeste,NO-02,79.9,114.67,3,198.92
2026-01-25 17:00,Norte,NO-01,101.44,122.94,5,261.78
2026-01-25 17:00,Norte,NO-02,68.84,92.29,1,207.81
2026-01-25 17:00,Sudeste,SU-01,79.15,98.34,5,242.64
2026-01-25 17:00,Sudeste,SU-02,93.56,108.31,2,274.15
2026-01-25 17:00,Sul,SU-01,86.98,123.3,2,207.35
2026-01-25 17:00,Sul,SU-02,77.6,99.97,3,228.05
2026-01-25 18:00,Centro-Oeste,CE-01,70.09,94.75,2,213.6
2026-01-25 18:00,Centro-Oeste,CE-02,88.29,128.03,2,199.75
2026-01-25 18:00,Nordeste,NO-01,88.4,109.76,1,251.82
2026-01-25 18:00,Nordeste,NO-02,82.89,113.29,3,216.61
2026-01-25 18:00,Norte,NO-01,99.31,122.65,5,246.6
2026-01-25 18:00,Norte,NO-02,66.05,92.31,1,211.48
2026-01-25 18:00,Sudeste,SU-01,77.79,95.99,5,243.71
2026-01-25 18:00,Sudeste,SU-02,97.98,110.02,2,293.14
2026-01-25 18:00,Sul,SU-01,96.05,126.29,2,233.26
2026-01-25 18:00,Sul,SU-02,71.99,96.1,3,225.78
2026-01-25 19:00,Centro-Oeste,CE-01,74.31,93.58,2,250.55
2026-01-25 19:00,Centro-Oeste,CE-02,90.45,125.8,2,204.4
2026-01-25 19:00,Nordeste,NO-01,83.39,109.67,1,232.82
2026-01-25 19:00,Nordeste,NO-02,73.17,109.61,3,165.5
2026-01-25 19:00,Norte,NO-01,92.62,123.42,5,228.61
2026-01-25 19:00,Norte,NO-02,67.35,93.97,1,201.56
2026-01-25 19:00,Sudeste,SU-01,82.53,94.07,5,300.7
2026-01-25 19:00,Sudeste,SU-02,102.44,107.53,2,335.06
2026-01-25 19:00,Sul,SU-01,96.68,123.27,2,237.07
2026-01-25 19:00,Sul,SU-02,74.14,92.6,3,250.47
2026-01-25 20:00,Centro-Oeste,CE-01,76.61,90.03,2,267.58
2026-01-25 20:00,Centro-Oeste,CE-02,87.1,124.04,2,195.26
2026-01-25 20:00,Nordeste,NO-01,82.53,107.09,1,232.04
2026-01-25 20:00,Nordeste,NO-02,84.85,109.35,3,228.24
2026-01-25 20:00,Norte,NO-01,94.91,122.09,5,237.25
2026-01-25 20:00,Norte,NO-02,67.14,93.64,1,213.36
2026-01-25 20:00,Sudeste,SU-01,78.66,92.22,5,280.79
2026-01-25 20:00,Sudeste,SU-02,97.67,105.41,2,313.46
2026-01-25 20:00,Sul,SU-01,88.71,121.06,2,215.96
2026-01-25 20:00,Sul,SU-02,79.11,97.15,3,271.12
2026-01-25 21:00,Centro-Oeste,CE-01,68.87,92.04,2,218.58
2026-01-25 21:00,Centro-Oeste,CE-02,90.26,123.85,2,208.59
2026-01-25 21:00,Nordeste,NO-01,85.22,107.25,1,253.14
2026-01-25 21:00,Nordeste,NO-02,72.33,110.8,3,181.67
2026-01-25 21:00,Norte,NO-01,95.69,122.42,5,239.65
2026-01-25 21:00,Norte,NO-02,67.54,88.45,1,232.76
2026-01-25 21:00,Sudeste,SU-01,76.03,88.38,5,276.47
2026-01-25 21:00,Sudeste,SU-02,88.46,103.04,2,275.12
2026-01-25 21:00,Sul,SU-01,95.65,119.68,2,246.99
2026-01-25 21:00,Sul,SU-02,76.21,94.02,3,250.26
2026-01-25 22:00,Centro-Oeste,CE-01,72.42,84.85,2,277.47
2026-01-25 22:00,Centro-Oeste,CE-02,84.35,123.45,2,181.56
2026-01-25 22:00,Nordeste,NO-01,80.21,109.83,1,215.68
2026-01-25 22:00,Nordeste,NO-02,77.74,107.73,3,214.04
2026-01-25 22:00,Norte,NO-01,89.03,124.42,5,203.99
2026-01-25 22:00,Norte,NO-02,64.24,87.95,1,207.65
2026-01-25 22:00,Sudeste,SU-01,78.73,88.14,5,289.54
2026-01-25 22:00,Sudeste,SU-02,86.29,100.66,2,289.76
2026-01-25 22:00,Sul,SU-01,96.02,117.7,2,258.59
2026-01-25 22:00,Sul,SU-02,75.86,92.64,3,248.67
2026-01-25 23:00,Centro-Oeste,CE-01,66.79,91.8,2,210.24
2026-01-25 23:00,Centro-Oeste,CE-02,84.34,123.67,2,203.04
2026-01-25 23:00,Nordeste,NO-01,79.91,105.82,1,226.15
2026-01-25 23:00,Nordeste,NO-02,76.47,107.69,3,201.33
2026-01-25 23:00,Norte,NO-01,87.75,118.26,5,222.96
2026-01-25 23:00,Norte,NO-02,62.55,87.75,1,209.91
2026-01-25 23:00,Sudeste,SU-01,73.67,91.81,5,251.83
2026-01-25 23:00,Sudeste,SU-02,83.61,104.33,2,245.83
2026-01-25 23:00,Sul,SU-01,97.26,117.13,2,249.13
2026-01-25 23:00,Sul,SU-02,71.87,88.67,3,261.94
2026-01-26 00:00,Centro-Oeste,CE-01,71.19,91.14,2,244.12
2026-01-26 00:00,Centro-Oeste,CE-02,90.14,118.01,2,233.86
2026-01-26 00:00,Nordeste,NO-01,84.62,103.55,1,249.85
2026-01-26 00:00,Nordeste,NO-02,76.51,107.98,3,196.08
2026-01-26 00:00,Norte,NO-01,92.65,117.12,5,249.17
2026-01-26 00:00,Norte,NO-02,62.42,89.39,1,202.68
2026-01-26 00:00,Sudeste,SU-01,67.68,90.78,5,215.29
2026-01-26 00:00,Sudeste,SU-02,84.84,105.56,2,241.96
2026-01-26 00:00,Sul,SU-01,102.11,120.0,2,268.29
2026-01-26 00:00,Sul,SU-02,80.34,90.77,3,276.36
2026-01-26 01:00,Centro-Oeste,CE-01,69.57,88.15,2,245.16
2026-01-26 01:00,Centro-Oeste,CE-02,87.13,120.89,2,210.05
2026-01-26 01:00,Nordeste,NO-01,77.46,106.86,1,206.79
2026-01-26 01:00,Nordeste,NO-02,74.37,108.74,3,179.76
2026-01-26 01:00,Norte,NO-01,84.79,120.36,5,207.99
2026-01-26 01:00,Norte,NO-02,57.99,88.76,1,174.62
2026-01-26 01:00,Sudeste,SU-01,69.56,91.16,5,235.85
2026-01-26 01:00,Sudeste,SU-02,83.94,100.58,2,279.38
2026-01-26 01:00,Sul,SU-01,100.67,120.11,2,281.34
2026-01-26 01:00,Sul,SU-02,76.75,92.15,3,255.85
2026-01-26 02:00,Centro-Oeste,CE-01,67.62,89.92,2,239.2
2026-01-26 02:00,Centro-Oeste,CE-02,81.02,119.04,2,191.52
2026-01-26 02:00,Nordeste,NO-01,78.08,106.6,1,211.06
2026-01-26 02:00,Nordeste,NO-02,74.3,105.76,3,212.41
2026-01-26 02:00,Norte,NO-01,81.98,118.64,5,196.45
2026-01-26 02:00,Norte,NO-02,59.76,83.6,1,214.13
2026-01-26 02:00,Sudeste,SU-01,65.61,89.33,5,222.37
2026-01-26 02:00,Sudeste,SU-02,79.64,101.27,2,242.67
2026-01-26 02:00,Sul,SU-01,87.99,119.26,2,208.36
2026-01-26 02:00,Sul,SU-02,72.24,92.46,3,242.82
2026-01-26 03:00,Centro-Oeste,CE-01,63.82,89.59,2,200.18
2026-01-26 03:00,Centro-Oeste,CE-02,76.51,122.04,2,161.36
2026-01-26 03:00,Nordeste,NO-01,75.26,100.5,1,218.93
2026-01-26 03:00,Nordeste,NO-02,67.66,108.3,3,153.5
2026-01-26 03:00,Norte,NO-01,79.69,115.32,5,194.37
2026-01-26 03:00,Norte,NO-02,54.97,91.87,1,158.02
2026-01-26 03:00,Sudeste,SU-01,61.74,91.07,5,182.69
2026-01-26 03:00,Sudeste,SU-02,74.55,107.9,2,186.09
2026-01-26 03:00,Sul,SU-01,83.81,119.87,2,195.54
2026-01-26 03:00,Sul,SU-02,68.56,91.37,3,233.31
2026-01-26 04:00,Centro-Oeste,CE-01,60.53,90.64,2,187.86
2026-01-26 04:00,Centro-Oeste,CE-02,67.77,126.3,2,136.89
2026-01-26 04:00,Nordeste,NO-01,68.67,107.54,1,162.24
2026-01-26 04:00,Nordeste,NO-02,64.89,108.66,3,139.39
2026-01-26 04:00,Norte,NO-01,70.47,120.96,5,141.78
2026-01-26 04:00,Norte,NO-02,51.22,91.45,1,166.86
2026-01-26 04:00,Sudeste,SU-01,59.91,92.41,5,170.03
2026-01-26 04:00,Sudeste,SU-02,69.81,104.66,2,196.19
2026-01-26 04:00,Sul,SU-01,82.87,118.84,2,198.75
2026-01-26 04:00,Sul,SU-02,65.79,96.25,3,188.76
2026-01-26 05:00,Centro-Oeste,CE-01,53.42,90.69,2,167.12
2026-01-26 05:00,Centro-Oeste,CE-02,64.33,118.86,2,148.01
2026-01-26 05:00,Nordeste,NO-01,68.2,109.97,1,163.01
2026-01-26 05:00,Nordeste,NO-02,67.98,113.22,3,155.61
2026-01-26 05:00,Norte,NO-01,73.02,126.42,5,142.38
2026-01-26 05:00,Norte,NO-02,54.56,87.98,1,172.75
2026-01-26 05:00,Sudeste,SU-01,57.69,92.46,5,162.18
2026-01-26 05:00,Sudeste,SU-02,68.86,106.27,2,162.85
2026-01-26 05:00,Sul,SU-01,83.7,128.35,2,181.68
2026-01-26 05:00,Sul,SU-02,65.12,93.5,3,204.18
2026-01-26 06:00,Centro-Oeste,CE-01,52.77,91.1,2,155.15
2026-01-26 06:00,Centro-Oeste,CE-02,66.23,126.43,2,156.42
2026-01-26 06:00,Nordeste,NO-01,66.51,110.01,1,153.46
2026-01-26 06:00,Nordeste,NO-02,66.04,115.65,3,152.09
2026-01-26 06:00,Norte,NO-01,70.5,126.55,5,144.75
2026-01-26 06:00,Norte,NO-02,53.15,93.34,1,142.46
2026-01-26 06:00,Sudeste,SU-01,59.58,93.27,5,168.75
2026-01-26 06:00,Sudeste,SU-02,67.2,103.66,2,161.72
2026-01-26 06:00,Sul,SU-01,77.88,127.72,2,144.32
2026-01-26 06:00,Sul,SU-02,65.04,97.38,3,201.78
2026-01-26 07:00,Centro-Oeste,CE-01,53.87,93.74,2,146.1
2026-01-26 07:00,Centro-Oeste,CE-02,65.66,128.13,2,141.59
2026-01-26 07:00,Nordeste,NO-01,68.37,108.56,1,173.12
2026-01-26 07:00,Nordeste,NO-02,61.05,113.38,3,151.31
2026-01-26 07:00,Norte,NO-01,75.48,129.56,5,152.44
2026-01-26 07:00,Norte,NO-02,52.52,96.03,1,171.69
2026-01-26 07:00,Sudeste,SU-01,62.41,97.22,5,168.29
2026-01-26 07:00,Sudeste,SU-02,73.04,106.47,2,189.91
2026-01-26 07:00,Sul,SU-01,82.68,124.52,2,178.78
2026-01-26 07:00,Sul,SU-02,58.23,98.32,3,137.37
2026-01-26 08:00,Centro-Oeste,CE-01,52.59,95.79,2,125.49
2026-01-26 08:00,Centro-Oeste,CE-02,59.6,129.0,2,157.4
2026-01-26 08:00,Nordeste,NO-01,66.89,117.54,1,138.58
2026-01-26 08:00,Nordeste,NO-02,64.39,114.48,3,149.84
2026-01-26 08:00,Norte,NO-01,75.3,128.51,5,151.24
2026-01-26 08:00,Norte,NO-02,49.75,94.76,1,136.05
2026-01-26 08:00,Sudeste,SU-01,59.79,97.67,5,153.83
2026-01-26 08:00,Sudeste,SU-02,68.13,113.94,2,148.07
2026-01-26 08:00,Sul,SU-01,80.2,133.58,2,156.68
2026-01-26 08:00,Sul,SU-02,62.5,100.58,3,172.68
2026-01-26 09:00,Centro-Oeste,CE-01,52.93,96.8,2,147.27
2026-01-26 09:00,Centro-Oeste,CE-02,64.1,130.64,2,155.19
2026-01-26 09:00,Nordeste,NO-01,65.48,112.57,1,135.74
2026-01-26 09:00,Nordeste,NO-02,62.8,117.28,3,149.77
2026-01-26 09:00,Norte,NO-01,79.04,130.9,5,153.84
2026-01-26 09:00,Norte,NO-02,54.77,96.58,1,146.61
2026-01-26 09:00,Sudeste,SU-01,65.95,98.85,5,182.84
2026-01-26 09:00,Sudeste,SU-02,74.78,112.21,2,175.09
2026-01-26 09:00,Sul,SU-01,77.67,129.46,2,150.67
2026-01-26 09:00,Sul,SU-02,66.32,100.2,3,183.46
2026-01-26 10:00,Centro-Oeste,CE-01,55.4,101.01,2,152.03
2026-01-26 10:00,Centro-Oeste,CE-02,62.51,129.14,2,161.3
2026-01-26 10:00,Nordeste,NO-01,69.71,117.13,1,149.83
2026-01-26 10:00,Nordeste,NO-02,65.87,118.78,3,137.2
2026-01-26 10:00,Norte,NO-01,78.82,135.29,5,142.97
2026-01-26 10:00,Norte,NO-02,56.51,95.18,1,148.08
2026-01-26 10:00,Sudeste,SU-01,69.89,97.94,5,207.12
2026-01-26 10:00,Sudeste,SU-02,78.21,112.93,2,205.95
2026-01-26 10:00,Sul,SU-01,81.25,130.14,2,168.82
2026-01-26 10:00,Sul,SU-02,62.74,104.74,3,147.34
2026-01-26 11:00,Centro-Oeste,CE-01,55.11,99.51,2,160.32
2026-01-26 11:00,Centro-Oeste,CE-02,69.35,138.29,2,153.27
2026-01-26 11:00,Nordeste,NO-01,72.97,119.28,1,153.51
2026-01-26 11:00,Nordeste,NO-02,65.93,122.19,3,150.83
2026-01-26 11:00,Norte,NO-01,80.14,136.48,5,155.98
2026-01-26 11:00,Norte,NO-02,58.06,102.02,1,154.53
2026-01-26 11:00,Sudeste,SU-01,70.2,99.66,5,204.39
2026-01-26 11:00,Sudeste,SU-02,85.74,117.48,2,216.76
2026-01-26 11:00,Sul,SU-01,81.8,131.2,2,152.57
2026-01-26 11:00,Sul,SU-02,62.91,104.48,3,155.1
2026-01-26 12:00,Centro-Oeste,CE-01,59.09,100.89,2,152.45
2026-01-26 12:00,Centro-Oeste,CE-02,72.92,136.01,2,149.54
2026-01-26 12:00,Nordeste,NO-01,72.75,117.74,1,164.73
2026-01-26 12:00,Nordeste,NO-02,70.43,123.73,3,153.2
2026-01-26 12:00,Norte,NO-01,89.61,135.82,5,166.3
2026-01-26 12:00,Norte,NO-02,63.69,98.72,1,180.75
2026-01-26 12:00,Sudeste,SU-01,73.46,99.93,5,217.57
2026-01-26 12:00,Sudeste,SU-02,87.35,111.48,2,243.51
2026-01-26 12:00,Sul,SU-01,82.43,130.64,2,150.24
2026-01-26 12:00,Sul,SU-02,65.95,100.9,3,187.64
2026-01-26 13:00,Centro-Oeste,CE-01,62.42,100.19,2,151.41
2026-01-26 13:00,Centro-Oeste,CE-02,75.24,136.16,2,142.62
2026-01-26 13:00,Nordeste,NO-01,80.75,113.85,1,219.4
2026-01-26 13:00,Nordeste,NO-02,74.03,118.78,3,166.85
2026-01-26 13:00,Norte,NO-01,90.45,129.88,5,177.82
2026-01-26 13:00,Norte,NO-02,66.44,98.5,1,178.53
2026-01-26 13:00,Sudeste,SU-01,76.89,101.79,5,239.99
2026-01-26 13:00,Sudeste,SU-02,91.39,117.4,2,249.87
2026-01-26 13:00,Sul,SU-01,84.28,133.19,2,163.08
2026-01-26 13:00,Sul,SU-02,67.82,103.18,3,171.76
2026-01-26 14:00,Centro-Oeste,CE-01,67.85,101.47,2,184.95
2026-01-26 14:00,Centro-Oeste,CE-02,84.24,133.05,2,166.03
2026-01-26 14:00,Nordeste,NO-01,85.21,120.18,1,198.32
2026-01-26 14:00,Nordeste,NO-02,80.09,119.3,3,187.3
2026-01-26 14:00,Norte,NO-01,99.17,132.88,5,221.02
2026-01-26 14:00,Norte,NO-02,70.33,94.62,1,212.53
2026-01-26 14:00,Sudeste,SU-01,81.66,103.3,5,245.09
2026-01-26 14:00,Sudeste,SU-02,96.59,108.4,2,290.91
2026-01-26 14:00,Sul,SU-01,88.69,132.74,2,200.23
2026-01-26 14:00,Sul,SU-02,70.54,102.29,3,205.87
2026-01-26 15:00,Centro-Oeste,CE-01,70.49,95.95,2,207.64
2026-01-26 15:00,Centro-Oeste,CE-02,84.13,129.59,2,172.51
2026-01-26 15:00,Nordeste,NO-01,81.94,116.72,1,192.34
2026-01-26 15:00,Nordeste,NO-02,80.82,121.22,3,182.62
2026-01-26 15:00,Norte,NO-01,100.02,133.71,5,226.48
2026-01-26 15:00,Norte,NO-02,69.22,96.11,1,204.02
2026-01-26 15:00,Sudeste,SU-01,84.67,98.28,5,279.37
2026-01-26 15:00,Sudeste,SU-02,95.61,113.94,2,260.1
2026-01-26 15:00,Sul,SU-01,98.95,130.93,2,225.03
2026-01-26 15:00,Sul,SU-02,76.22,98.18,3,241.85
2026-01-26 16:00,Centro-Oeste,CE-01,73.28,97.74,2,219.85
2026-01-26 16:00,Centro-Oeste,CE-02,91.98,130.45,2,195.12
2026-01-26 16:00,Nordeste,NO-01,91.41,113.73,1,250.25
2026-01-26 16:00,Nordeste,NO-02,80.2,117.47,3,188.58
2026-01-26 16:00,Norte,NO-01,100.87,129.37,5,246.23
2026-01-26 16:00,Norte,NO-02,74.03,99.99,1,219.28
2026-01-26 16:00,Sudeste,SU-01,89.19,95.8,5,315.69
2026-01-26 16:00,Sudeste,SU-02,98.36,109.29,2,300.83
2026-01-26 16:00,Sul,SU-01,97.64,123.91,2,248.22
2026-01-26 16:00,Sul,SU-02,77.07,100.45,3,225.56
2026-01-26 17:00,Centro-Oeste,CE-01,72.79,95.08,2,242.76
2026-01-26 17:00,Centro-Oeste,CE-02,93.13,132.57,2,188.91
2026-01-26 17:00,Nordeste,NO-01,90.91,114.74,1,252.47
2026-01-26 17:00,Nordeste,NO-02,87.48,117.59,3,232.58
2026-01-26 17:00,Norte,NO-01,105.12,127.86,5,250.73
2026-01-26 17:00,Norte,NO-02,77.9,91.67,1,273.37
2026-01-26 17:00,Sudeste,SU-01,89.66,94.9,5,329.72
2026-01-26 17:00,Sudeste,SU-02,105.11,106.8,2,347.37
2026-01-26 17:00,Sul,SU-01,100.35,124.4,2,250.09
2026-01-26 17:00,Sul,SU-02,80.26,100.77,3,265.12
2026-01-26 18:00,Centro-Oeste,CE-01,76.28,93.33,2,254.96
2026-01-26 18:00,Centro-Oeste,CE-02,97.28,125.23,2,242.56
2026-01-26 18:00,Nordeste,NO-01,90.97,110.19,1,274.81
2026-01-26 18:00,Nordeste,NO-02,90.89,111.94,3,245.67
2026-01-26 18:00,Norte,NO-01,108.79,126.01,5,289.74
2026-01-26 18:00,Norte,NO-02,75.22,89.51,1,273.93
2026-01-26 18:00,Sudeste,SU-01,88.35,97.28,5,305.84
2026-01-26 18:00,Sudeste,SU-02,106.57,107.91,2,342.94
2026-01-26 18:00,Sul,SU-01,101.71,122.08,2,270.84
2026-01-26 18:00,Sul,SU-02,84.0,94.74,3,303.78
2026-01-26 19:00,Centro-Oeste,CE-01,78.41,91.5,2,297.9
2026-01-26 19:00,Centro-Oeste,CE-02,93.64,124.52,2,235.06
2026-01-26 19:00,Nordeste,NO-01,93.54,109.67,1,277.0
2026-01-26 19:00,Nordeste,NO-02,85.73,112.63,3,225.43
2026-01-26 19:00,Norte,NO-01,101.4,121.52,5,268.17
2026-01-26 19:00,Norte,NO-02,72.09,93.72,1,220.67
2026-01-26 19:00,Sudeste,SU-01,85.76,95.39,5,295.25
2026-01-26 19:00,Sudeste,SU-02,109.67,104.72,2,370.84
2026-01-26 19:00,Sul,SU-01,99.45,125.0,2,231.26
2026-01-26 19:00,Sul,SU-02,79.47,97.72,3,251.43
2026-01-26 20:00,Centro-Oeste,CE-01,82.18,90.74,2,290.35
2026-01-26 20:00,Centro-Oeste,CE-02,99.61,123.2,2,272.07
2026-01-26 20:00,Nordeste,NO-01,85.13,104.3,1,242.69
2026-01-26 20:00,Nordeste,NO-02,85.6,108.55,3,246.59
2026-01-26 20:00,Norte,NO-01,103.41,122.69,5,262.81
2026-01-26 20:00,Norte,NO-02,71.74,89.5,1,265.03
2026-01-26 20:00,Sudeste,SU-01,91.18,91.68,5,355.03
2026-01-26 20:00,Sudeste,SU-02,95.22,103.03,2,325.84
2026-01-26 20:00,Sul,SU-01,109.53,119.7,2,303.15
2026-01-26 20:00,Sul,SU-02,86.06,90.77,3,327.38
2026-01-26 21:00,Centro-Oeste,CE-01,76.74,88.5,2,277.78
2026-01-26 21:00,Centro-Oeste,CE-02,99.02,118.39,2,275.13
2026-01-26 21:00,Nordeste,NO-01,85.65,106.8,1,263.6
2026-01-26 21:00,Nordeste,NO-02,85.33,108.39,3,242.22
2026-01-26 21:00,Norte,NO-01,94.94,122.31,5,238.71
2026-01-26 21:00,Norte,NO-02,70.52,88.12,1,254.65
2026-01-26 21:00,Sudeste,SU-01,86.68,91.03,5,331.07
2026-01-26 21:00,Sudeste,SU-02,99.95,102.48,2,327.8
2026-01-26 21:00,Sul,SU-01,103.53,120.28,2,285.1
2026-01-26 21:00,Sul,SU-02,85.26,93.84,3,315.67
2026-01-26 22:00,Centro-Oeste,CE-01,79.75,87.16,2,314.49
2026-01-26 22:00,Centro-Oeste,CE-02,93.81,120.05,2,231.27
2026-01-26 22:00,Nordeste,NO-01,85.64,104.56,1,248.76
2026-01-26 22:00,Nordeste,NO-02,76.53,104.94,3,222.26
2026-01-26 22:00,Norte,NO-01,95.49,121.46,5,246.16
2026-01-26 22:00,Norte,NO-02,69.76,85.9,1,243.77
2026-01-26 22:00,Sudeste,SU-01,84.59,92.1,5,304.41
2026-01-26 22:00,Sudeste,SU-02,95.68,101.67,2,325.7
2026-01-26 22:00,Sul,SU-01,107.37,120.47,2,287.15
2026-01-26 22:00,Sul,SU-02,84.2,92.97,3,297.81
2026-01-26 23:00,Centro-Oeste,CE-01,75.51,89.82,2,270.61
2026-01-26 23:00,Centro-Oeste,CE-02,91.71,121.2,2,234.35
2026-01-26 23:00,Nordeste,NO-01,83.63,106.5,1,252.58
2026-01-26 23:00,Nordeste,NO-02,83.78,109.29,3,232.83
2026-01-26 23:00,Norte,NO-01,91.04,117.76,5,245.21
2026-01-26 23:00,Norte,NO-02,68.94,90.66,1,229.42
2026-01-26 23:00,Sudeste,SU-01,76.64,85.97,5,305.16
2026-01-26 23:00,Sudeste,SU-02,89.91,103.1,2,277.88
2026-01-26 23:00,Sul,SU-01,99.47,118.85,2,272.97
2026-01-26 23:00,Sul,SU-02,81.31,90.07,3,292.26
2026-01-27 00:00,Centro-Oeste,CE-01,70.89,85.29,2,265.75
2026-01-27 00:00,Centro-Oeste,CE-02,97.08,114.79,2,265.06
2026-01-27 00:00,Nordeste,NO-01,83.01,103.8,1,267.67
2026-01-27 00:00,Nordeste,NO-02,76.41,106.78,3,205.91
2026-01-27 00:00,Norte,NO-01,90.93,117.87,5,234.01
2026-01-27 00:00,Norte,NO-02,64.25,85.48,1,220.95
2026-01-27 00:00,Sudeste,SU-01,76.07,90.34,5,275.5
2026-01-27 00:00,Sudeste,SU-02,89.05,103.84,2,284.74
2026-01-27 00:00,Sul,SU-01,94.33,114.04,2,256.7
2026-01-27 00:00,Sul,SU-02,76.47,90.14,3,274.85
2026-01-27 01:00,Centro-Oeste,CE-01,69.02,88.99,2,237.01
2026-01-27 01:00,Centro-Oeste,CE-02,83.74,122.44,2,190.05
2026-01-27 01:00,Nordeste,NO-01,80.27,103.41,1,230.56
2026-01-27 01:00,Nordeste,NO-02,75.99,103.67,3,222.02
2026-01-27 01:00,Norte,NO-01,84.14,113.53,5,228.23
2026-01-27 01:00,Norte,NO-02,63.15,86.68,1,198.58
2026-01-27 01:00,Sudeste,SU-01,76.2,91.25,5,263.1
2026-01-27 01:00,Sudeste,SU-02,80.3,98.5,2,254.26
2026-01-27 01:00,Sul,SU-01,96.69,115.95,2,269.49
2026-01-27 01:00,Sul,SU-02,77.82,93.68,3,251.4
2026-01-27 02:00,Centro-Oeste,CE-01,64.18,86.37,2,216.99
2026-01-27 02:00,Centro-Oeste,CE-02,77.78,119.68,2,178.2
2026-01-27 02:00,Nordeste,NO-01,79.5,106.08,1,226.99
2026-01-27 02:00,Nordeste,NO-02,71.46,107.42,3,166.66
2026-01-27 02:00,Norte,NO-01,81.41,121.84,5,178.24
2026-01-27 02:00,Norte,NO-02,55.07,92.02,1,145.47
2026-01-27 02:00,Sudeste,SU-01,66.97,91.4,5,223.27
2026-01-27 02:00,Sudeste,SU-02,79.42,101.24,2,248.07
2026-01-27 02:00,Sul,SU-01,90.93,117.13,2,228.14
2026-01-27 02:00,Sul,SU-02,72.78,88.01,3,259.65
2026-01-27 03:00,Centro-Oeste,CE-01,60.09,85.21,2,213.35
2026-01-27 03:00,Centro-Oeste,CE-02,75.5,121.84,2,158.59
2026-01-27 03:00,Nordeste,NO-01,70.93,104.09,1,179.84
2026-01-27 03:00,Nordeste,NO-02,65.34,110.24,3,142.91
2026-01-27 03:00,Norte,NO-01,75.22,117.66,5,164.59
2026-01-27 03:00,Norte,NO-02,52.52,90.44,1,142.63
2026-01-27 03:00,Sudeste,SU-01,62.59,92.83,5,182.85
2026-01-27 03:00,Sudeste,SU-02,75.47,104.79,2,212.5
2026-01-27 03:00,Sul,SU-01,85.15,118.9,2,203.39
2026-01-27 03:00,Sul,SU-02,69.94,96.4,3,208.86
2026-01-27 04:00,Centro-Oeste,CE-01,58.18,89.27,2,157.21
2026-01-27 04:00,Centro-Oeste,CE-02,72.35,129.15,2,145.25
2026-01-27 04:00,Nordeste,NO-01,72.89,108.4,1,190.62
2026-01-27 04:00,Nordeste,NO-02,67.64,109.71,3,140.7
2026-01-27 04:00,Norte,NO-01,74.3,120.31,5,153.99
2026-01-27 04:00,Norte,NO-02,55.13,87.14,1,177.0
2026-01-27 04:00,Sudeste,SU-01,61.08,89.92,5,183.85
2026-01-27 04:00,Sudeste,SU-02,69.78,105.04,2,186.07
2026-01-27 04:00,Sul,SU-01,85.38,121.32,2,199.19
2026-01-27 04:00,Sul,SU-02,70.06,92.63,3,226.93
2026-01-27 05:00,Centro-Oeste,CE-01,54.56,92.77,2,142.31
2026-01-27 05:00,Centro-Oeste,CE-02,70.29,126.39,2,141.35
2026-01-27 05:00,Nordeste,NO-01,70.98,109.14,1,179.09
2026-01-27 05:00,Nordeste,NO-02,68.38,110.76,3,152.3
2026-01-27 05:00,Norte,NO-01,75.41,120.89,5,160.46
2026-01-27 05:00,Norte,NO-02,51.85,93.1,1,152.25
2026-01-27 05:00,Sudeste,SU-01,57.87,92.18,5,172.82
2026-01-27 05:00,Sudeste,SU-02,73.63,103.92,2,194.37
2026-01-27 05:00,Sul,SU-01,80.7,121.01,2,176.08
2026-01-27 05:00,Sul,SU-02,62.78,95.86,3,163.45
2026-01-27 06:00,Centro-Oeste,CE-01,52.73,92.27,2,139.25
2026-01-27 06:00,Centro-Oeste,CE-02,67.5,121.86,2,149.45
2026-01-27 06:00,Nordeste,NO-01,65.99,110.44,1,142.39
2026-01-27 06:00,Nordeste,NO-02,61.93,113.91,3,142.02
2026-01-27 06:00,Norte,NO-01,74.64,124.28,5,135.94
2026-01-27 06:00,Norte,NO-02,52.13,94.24,1,142.3
2026-01-27 06:00,Sudeste,SU-01,59.19,89.44,5,175.7
2026-01-27 06:00,Sudeste,SU-02,71.71,107.33,2,187.31
2026-01-27 06:00,Sul,SU-01,79.45,123.67,2,162.38
2026-01-27 06:00,Sul,SU-02,66.11,97.04,3,187.22
2026-01-27 07:00,Centro-Oeste,CE-01,50.81,96.03,2,150.77
2026-01-27 07:00,Centro-Oeste,CE-02,60.36,130.84,2,158.03
2026-01-27 07:00,Nordeste,NO-01,65.44,112.94,1,143.89
2026-01-27 07:00,Nordeste,NO-02,63.9,117.4,3,155.45
2026-01-27 07:00,Norte,NO-01,74.94,129.88,5,148.92
2026-01-27 07:00,Norte,NO-02,53.67,95.48,1,149.78
2026-01-27 07:00,Sudeste,SU-01,62.1,96.7,5,165.15
2026-01-27 07:00,Sudeste,SU-02,72.13,108.81,2,186.97
2026-01-27 07:00,Sul,SU-01,74.54,129.26,2,155.13
2026-01-27 07:00,Sul,SU-02,61.93,96.13,3,171.28
2026-01-27 08:00,Centro-Oeste,CE-01,49.63,97.97,2,157.12
2026-01-27 08:00,Centro-Oeste,CE-02,63.57,131.2,2,140.69
2026-01-27 08:00,Nordeste,NO-01,68.94,112.42,1,161.32
2026-01-27 08:00,Nordeste,NO-02,63.11,118.24,3,160.95
2026-01-27 08:00,Norte,NO-01,74.99,127.97,5,149.87
2026-01-27 08:00,Norte,NO-02,55.29,95.44,1,154.73
2026-01-27 08:00,Sudeste,SU-01,59.75,96.98,5,148.29
2026-01-27 08:00,Sudeste,SU-02,71.31,110.95,2,177.08
2026-01-27 08:00,Sul,SU-01,77.04,127.36,2,156.91
2026-01-27 08:00,Sul,SU-02,61.4,98.52,3,160.4
2026-01-27 09:00,Centro-Oeste,CE-01,52.38,95.88,2,157.37
2026-01-27 09:00,Centro-Oeste,CE-02,62.94,131.45,2,154.41
2026-01-27 09:00,Nordeste,NO-01,65.55,116.89,1,154.29
2026-01-27 09:00,Nordeste,NO-02,65.94,120.57,3,157.23
2026-01-27 09:00,Norte,NO-01,77.04,128.15,5,150.13
2026-01-27 09:00,Norte,NO-02,52.17,95.46,1,159.91
2026-01-27 09:00,Sudeste,SU-01,62.39,96.89,5,157.49
2026-01-27 09:00,Sudeste,SU-02,76.13,109.28,2,206.32
2026-01-27 09:00,Sul,SU-01,75.9,129.33,2,151.12
2026-01-27 09:00,Sul,SU-02,59.12,99.82,3,142.71
2026-01-27 10:00,Centro-Oeste,CE-01,53.8,96.97,2,154.69
2026-01-27 10:00,Centro-Oeste,CE-02,65.53,132.3,2,156.35
2026-01-27 10:00,Nordeste,NO-01,69.21,118.92,1,142.09
2026-01-27 10:00,Nordeste,NO-02,66.28,116.17,3,151.06
2026-01-27 10:00,Norte,NO-01,79.26,127.28,5,164.24
2026-01-27 10:00,Norte,NO-02,57.37,96.45,1,164.72
2026-01-27 10:00,Sudeste,SU-01,67.33,100.28,5,193.24
2026-01-27 10:00,Sudeste,SU-02,77.04,114.26,2,195.39
2026-01-27 10:00,Sul,SU-01,78.2,127.83,2,154.81
2026-01-27 10:00,Sul,SU-02,63.1,101.73,3,173.7
2026-01-27 11:00,Centro-Oeste,CE-01,53.02,96.43,2,151.52
2026-01-27 11:00,Centro-Oeste,CE-02,66.37,134.51,2,149.3
2026-01-27 11:00,Nordeste,NO-01,76.03,117.46,1,172.49
2026-01-27 11:00,Nordeste,NO-02,65.56,119.83,3,144.99
2026-01-27 11:00,Norte,NO-01,81.6,132.97,5,156.85
2026-01-27 11:00,Norte,NO-02,58.41,102.32,1,151.08
2026-01-27 11:00,Sudeste,SU-01,68.36,101.08,5,175.05
2026-01-27 11:00,Sudeste,SU-02,81.04,115.71,2,196.61
2026-01-27 11:00,Sul,SU-01,79.52,131.01,2,143.16
2026-01-27 11:00,Sul,SU-02,63.23,100.9,3,155.0
2026-01-27 12:00,Centro-Oeste,CE-01,61.42,96.31,2,160.37
2026-01-27 12:00,Centro-Oeste,CE-02,71.34,132.23,2,149.25
2026-01-27 12:00,Nordeste,NO-01,79.29,116.05,1,177.76
2026-01-27 12:00,Nordeste,NO-02,75.25,115.47,3,174.38
2026-01-27 12:00,Norte,NO-01,85.57,132.59,5,172.44
2026-01-27 12:00,Norte,NO-02,59.4,101.92,1,164.36
2026-01-27 12:00,Sudeste,SU-01,76.71,101.33,5,219.78
2026-01-27 12:00,Sudeste,SU-02,87.09,117.82,2,222.64
2026-01-27 12:00,Sul,SU-01,78.89,136.46,2,152.1
2026-01-27 12:00,Sul,SU-02,64.38,103.17,3,174.7
2026-01-27 13:00,Centro-Oeste,CE-01,60.03,100.29,2,132.52
2026-01-27 13:00,Centro-Oeste,CE-02,74.8,132.23,2,154.57
2026-01-27 13:00,Nordeste,NO-01,77.31,120.32,1,172.21
2026-01-27 13:00,Nordeste,NO-02,75.02,121.14,3,138.34
2026-01-27 13:00,Norte,NO-01,91.2,132.69,5,192.28
2026-01-27 13:00,Norte,NO-02,67.25,97.17,1,195.55
2026-01-27 13:00,Sudeste,SU-01,80.91,102.35,5,257.25
2026-01-27 13:00,Sudeste,SU-02,92.57,115.02,2,245.76
2026-01-27 13:00,Sul,SU-01,84.3,131.32,2,175.44
2026-01-27 13:00,Sul,SU-02,70.7,102.01,3,198.11
2026-01-27 14:00,Centro-Oeste,CE-01,70.25,94.61,2,218.08
2026-01-27 14:00,Centro-Oeste,CE-02,83.38,134.73,2,163.74
2026-01-27 14:00,Nordeste,NO-01,82.62,112.15,1,212.95
2026-01-27 14:00,Nordeste,NO-02,75.58,117.79,3,178.24
2026-01-27 14:00,Norte,NO-01,95.85,128.0,5,213.13
2026-01-27 14:00,Norte,NO-02,64.67,98.3,1,171.04
2026-01-27 14:00,Sudeste,SU-01,80.08,98.92,5,257.97
2026-01-27 14:00,Sudeste,SU-02,94.51,113.41,2,287.75
2026-01-27 14:00,Sul,SU-01,92.73,128.77,2,216.27
2026-01-27 14:00,Sul,SU-02,72.19,105.91,3,195.29
2026-01-27 15:00,Centro-Oeste,CE-01,71.58,93.04,2,250.1
2026-01-27 15:00,Centro-Oeste,CE-02,88.43,130.66,2,182.69
2026-01-27 15:00,Nordeste,NO-01,91.64,111.21,1,245.43
2026-01-27 15:00,Nordeste,NO-02,82.51,118.31,3,206.16
2026-01-27 15:00,Norte,NO-01,101.66,130.3,5,234.28
2026-01-27 15:00,Norte,NO-02,71.9,99.89,1,199.69
2026-01-27 15:00,Sudeste,SU-01,87.15,99.6,5,292.07
2026-01-27 15:00,Sudeste,SU-02,95.56,113.68,2,261.55
2026-01-27 15:00,Sul,SU-01,99.05,131.94,2,215.41
2026-01-27 15:00,Sul,SU-02,77.49,102.93,3,221.45
2026-01-27 16:00,Centro-Oeste,CE-01,74.29,97.18,2,232.99
2026-01-27 16:00,Centro-Oeste,CE-02,89.84,131.1,2,201.43
2026-01-27 16:00,Nordeste,NO-01,82.76,112.91,1,208.1
2026-01-27 16:00,Nordeste,NO-02,84.91,117.5,3,231.88
2026-01-27 16:00,Norte,NO-01,106.81,132.1,5,251.34
2026-01-27 16:00,Norte,NO-02,73.13,98.26,1,217.92
2026-01-27 16:00,Sudeste,SU-01,86.27,98.89,5,289.16
2026-01-27 16:00,Sudeste,SU-02,101.47,111.83,2,319.48
2026-01-27 16:00,Sul,SU-01,101.41,128.48,2,226.68
2026-01-27 16:00,Sul,SU-02,76.32,98.92,3,245.31
2026-01-27 17:00,Centro-Oeste,CE-01,74.58,93.73,2,259.07
2026-01-27 17:00,Centro-Oeste,CE-02,95.7,123.69,2,247.18
2026-01-27 17:00,Nordeste,NO-01,88.69,115.0,1,226.19
2026-01-27 17:00,Nordeste,NO-02,82.45,117.81,3,218.05
2026-01-27 17:00,Norte,NO-01,105.43,123.58,5,281.95
2026-01-27 17:00,Norte,NO-02,74.6,94.99,1,246.43
2026-01-27 17:00,Sudeste,SU-01,91.73,96.17,5,335.08
2026-01-27 17:00,Sudeste,SU-02,100.81,111.17,2,308.18
2026-01-27 17:00,Sul,SU-01,107.2,127.66,2,266.34
2026-01-27 17:00,Sul,SU-02,80.1,103.18,3,249.8
2026-01-27 18:00,Centro-Oeste,CE-01,81.07,93.13,2,281.42
2026-01-27 18:00,Centro-Oeste,CE-02,92.48,128.36,2,201.65
2026-01-27 18:00,Nordeste,NO-01,88.38,110.25,1,243.6
2026-01-27 18:00,Nordeste,NO-02,87.19,114.73,3,239.8
2026-01-27 18:00,Norte,NO-01,108.41,125.15,5,287.96
2026-01-27 18:00,Norte,NO-02,75.3,94.96,1,246.25
2026-01-27 18:00,Sudeste,SU-01,89.52,97.07,5,302.91
2026-01-27 18:00,Sudeste,SU-02,105.11,106.65,2,346.92
2026-01-27 18:00,Sul,SU-01,102.45,126.31,2,264.78
2026-01-27 18:00,Sul,SU-02,84.03,97.02,3,281.48
2026-01-27 19:00,Centro-Oeste,CE-01,77.43,88.78,2,301.27
2026-01-27 19:00,Centro-Oeste,CE-02,99.21,122.6,2,251.6
2026-01-27 19:00,Nordeste,NO-01,92.31,106.56,1,289.7
2026-01-27 19:00,Nordeste,NO-02,85.41,111.25,3,236.32
2026-01-27 19:00,Norte,NO-01,103.62,123.79,5,268.58
2026-01-27 19:00,Norte,NO-02,77.32,92.97,1,269.09
2026-01-27 19:00,Sudeste,SU-01,91.54,94.25,5,323.22
2026-01-27 19:00,Sudeste,SU-02,100.33,107.27,2,312.44
2026-01-27 19:00,Sul,SU-01,104.14,120.43,2,285.35
2026-01-27 19:00,Sul,SU-02,90.92,94.89,3,327.43
2026-01-27 20:00,Centro-Oeste,CE-01,75.94,89.18,2,271.37
2026-01-27 20:00,Centro-Oeste,CE-02,98.97,125.0,2,244.22
2026-01-27 20:00,Nordeste,NO-01,95.58,110.16,1,285.75
2026-01-27 20:00,Nordeste,NO-02,85.2,111.95,3,228.17
2026-01-27 20:00,Norte,NO-01,103.04,127.43,5,265.19
2026-01-27 20:00,Norte,NO-02,75.4,89.89,1,275.4
2026-01-27 20:00,Sudeste,SU-01,92.08,87.49,5,372.79
2026-01-27 20:00,Sudeste,SU-02,103.02,103.19,2,357.28
2026-01-27 20:00,Sul,SU-01,103.98,122.18,2,261.35
2026-01-27 20:00,Sul,SU-02,78.88,94.47,3,266.34
2026-01-27 21:00,Centro-Oeste,CE-01,80.85,91.73,2,294.66
2026-01-27 21:00,Centro-Oeste,CE-02,104.0,123.57,2,276.74
2026-01-27 21:00,Nordeste,NO-01,88.46,105.49,1,258.91
2026-01-27 21:00,Nordeste,NO-02,85.68,106.16,3,255.17
2026-01-27 21:00,Norte,NO-01,101.51,113.27,5,296.66
2026-01-27 21:00,Norte,NO-02,74.49,90.89,1,260.49
2026-01-27 21:00,Sudeste,SU-01,87.75,88.83,5,334.96
2026-01-27 21:00,Sudeste,SU-02,94.48,103.6,2,294.96
2026-01-27 21:00,Sul,SU-01,100.27,121.78,2,270.63
2026-01-27 21:00,Sul,SU-02,83.27,93.18,3,298.48
2026-01-27 22:00,Centro-Oeste,CE-01,75.79,87.82,2,274.65
2026-01-27 22:00,Centro-Oeste,CE-02,93.93,125.53,2,212.27
2026-01-27 22:00,Nordeste,NO-01,87.39,104.91,1,272.14
2026-01-27 22:00,Nordeste,NO-02,82.59,108.41,3,232.67
2026-01-27 22:00,Norte,NO-01,98.15,119.47,5,258.88
2026-01-27 22:00,Norte,NO-02,69.93,89.89,1,221.58
2026-01-27 22:00,Sudeste,SU-01,82.05,91.71,5,302.75
2026-01-27 22:00,Sudeste,SU-02,93.07,99.56,2,309.65
2026-01-27 22:00,Sul,SU-01,103.72,123.29,2,273.54
2026-01-27 22:00,Sul,SU-02,83.45,90.9,3,316.8
2026-01-27 23:00,Centro-Oeste,CE-01,73.94,91.48,2,255.56
2026-01-27 23:00,Centro-Oeste,CE-02,98.56,119.68,2,259.25
2026-01-27 23:00,Nordeste,NO-01,85.5,109.34,1,224.05
2026-01-27 23:00,Nordeste,NO-02,79.75,110.32,3,202.75
2026-01-27 23:00,Norte,NO-01,101.44,118.0,5,284.25
2026-01-27 23:00,Norte,NO-02,66.78,83.86,1,248.64
2026-01-27 23:00,Sudeste,SU-01,80.71,88.43,5,310.32
2026-01-27 23:00,Sudeste,SU-02,91.93,100.45,2,306.41
2026-01-27 23:00,Sul,SU-01,102.21,119.31,2,289.95
2026-01-27 23:00,Sul,SU-02,78.03,88.09,3,292.67
2026-01-28 00:00,Centro-Oeste,CE-01,72.26,89.81,2,237.7
2026-01-28 00:00,Centro-Oeste,CE-02,86.25,119.98,2,205.16
2026-01-28 00:00,Nordeste,NO-01,83.14,102.34,1,258.68
2026-01-28 00:00,Nordeste,NO-02,79.6,104.39,3,230.17
2026-01-28 00:00,Norte,NO-01,91.94,116.67,5,240.39
2026-01-28 00:00,Norte,NO-02,63.55,87.52,1,224.52
2026-01-28 00:00,Sudeste,SU-01,75.31,89.45,5,265.97
2026-01-28 00:00,Sudeste,SU-02,89.15,99.72,2,288.86
2026-01-28 00:00,Sul,SU-01,95.7,121.32,2,232.95
2026-01-28 00:00,Sul,SU-02,77.72,91.99,3,266.66
2026-01-28 01:00,Centro-Oeste,CE-01,67.5,85.09,2,245.9
2026-01-28 01:00,Centro-Oeste,CE-02,79.88,114.6,2,200.67
2026-01-28 01:00,Nordeste,NO-01,79.53,105.0,1,212.43
2026-01-28 01:00,Nordeste,NO-02,78.46,105.92,3,216.84
2026-01-28 01:00,Norte,NO-01,87.76,116.26,5,231.31
2026-01-28 01:00,Norte,NO-02,62.14,87.29,1,214.55
2026-01-28 01:00,Sudeste,SU-01,70.37,89.36,5,230.66
2026-01-28 01:00,Sudeste,SU-02,83.53,103.84,2,244.95
2026-01-28 01:00,Sul,SU-01,90.77,116.0,2,220.53
2026-01-28 01:00,Sul,SU-02,76.57,90.2,3,280.88
2026-01-28 02:00,Centro-Oeste,CE-01,66.87,90.03,2,207.72
2026-01-28 02:00,Centro-Oeste,CE-02,83.07,116.97,2,198.71
2026-01-28 02:00,Nordeste,NO-01,78.83,102.82,1,230.51
2026-01-28 02:00,Nordeste,NO-02,72.55,110.83,3,172.99
2026-01-28 02:00,Norte,NO-01,79.55,119.03,5,169.24
2026-01-28 02:00,Norte,NO-02,56.4,86.79,1,176.16
2026-01-28 02:00,Sudeste,SU-01,68.27,90.72,5,233.63
2026-01-28 02:00,Sudeste,SU-02,81.72,104.75,2,252.79
2026-01-28 02:00,Sul,SU-01,93.05,117.14,2,236.57
2026-01-28 02:00,Sul,SU-02,72.29,90.67,3,244.46
2026-01-28 03:00,Centro-Oeste,CE-01,64.78,90.53,2,214.1
2026-01-28 03:00,Centro-Oeste,CE-02,78.63,120.64,2,182.62
2026-01-28 03:00,Nordeste,NO-01,77.4,103.36,1,218.46
2026-01-28 03:00,Nordeste,NO-02,69.31,105.73,3,174.19
2026-01-28 03:00,Norte,NO-01,73.84,117.01,5,157.82
2026-01-28 03:00,Norte,NO-02,54.83,89.26,1,160.0
2026-01-28 03:00,Sudeste,SU-01,64.86,88.76,5,209.33
2026-01-28 03:00,Sudeste,SU-02,79.3,103.26,2,239.05
2026-01-28 03:00,Sul,SU-01,88.39,119.08,2,229.6
2026-01-28 03:00,Sul,SU-02,71.53,95.82,3,230.69
2026-01-28 04:00,Centro-Oeste,CE-01,59.59,91.67,2,174.42
2026-01-28 04:00,Centro-Oeste,CE-02,70.21,122.14,2,154.87
2026-01-28 04:00,Nordeste,NO-01,73.67,110.39,1,178.51
2026-01-28 04:00,Nordeste,NO-02,65.67,111.13,3,150.15
2026-01-28 04:00,Norte,NO-01,74.93,123.73,5,175.37
2026-01-28 04:00,Norte,NO-02,53.07,95.91,1,159.86
2026-01-28 04:00,Sudeste,SU-01,62.15,91.89,5,189.23
2026-01-28 04:00,Sudeste,SU-02,70.94,106.7,2,193.66
2026-01-28 04:00,Sul,SU-01,86.52,122.93,2,203.9
2026-01-28 04:00,Sul,SU-02,64.6,90.61,3,202.04
2026-01-28 05:00,Centro-Oeste,CE-01,55.24,90.69,2,159.41
2026-01-28 05:00,Centro-Oeste,CE-02,66.07,123.51,2,154.43
2026-01-28 05:00,Nordeste,NO-01,70.26,109.07,1,163.83
2026-01-28 05:00,Nordeste,NO-02,63.61,108.55,3,160.64
2026-01-28 05:00,Norte,NO-01,73.88,125.93,5,155.32
2026-01-28 05:00,Norte,NO-02,52.58,92.42,1,162.89
2026-01-28 05:00,Sudeste,SU-01,61.63,92.86,5,175.23
2026-01-28 05:00,Sudeste,SU-02,66.53,107.46,2,156.23
2026-01-28 05:00,Sul,SU-01,81.01,123.58,2,169.61
2026-01-28 05:00,Sul,SU-02,64.23,97.96,3,179.79
2026-01-28 06:00,Centro-Oeste,CE-01,52.56,94.13,2,142.36
2026-01-28 06:00,Centro-Oeste,CE-02,65.51,130.52,2,137.7
2026-01-28 06:00,Nordeste,NO-01,65.95,106.56,1,161.14
2026-01-28 06:00,Nordeste,NO-02,63.7,113.73,3,149.57
2026-01-28 06:00,Norte,NO-01,71.08,122.68,5,143.66
2026-01-28 06:00,Norte,NO-02,53.17,95.9,1,129.63
2026-01-28 06:00,Sudeste,SU-01,60.38,95.13,5,174.67
2026-01-28 06:00,Sudeste,SU-02,70.64,110.78,2,180.89
2026-01-28 06:00,Sul,SU-01,74.58,122.49,2,140.74
2026-01-28 06:00,Sul,SU-02,61.57,96.42,3,169.33
2026-01-28 07:00,Centro-Oeste,CE-01,53.98,93.01,2,127.61
2026-01-28 07:00,Centro-Oeste,CE-02,61.04,128.99,2,154.55
2026-01-28 07:00,Nordeste,NO-01,66.52,112.79,1,127.45
2026-01-28 07:00,Nordeste,NO-02,64.87,115.55,3,155.99
2026-01-28 07:00,Norte,NO-01,72.02,129.12,5,142.06
2026-01-28 07:00,Norte,NO-02,51.74,96.71,1,154.66
2026-01-28 07:00,Sudeste,SU-01,63.94,95.17,5,187.81
2026-01-28 07:00,Sudeste,SU-02,71.9,111.59,2,191.55
2026-01-28 07:00,Sul,SU-01,75.44,125.46,2,143.29
2026-01-28 07:00,Sul,SU-02,64.96,98.94,3,177.75
2026-01-28 08:00,Centro-Oeste,CE-01,47.86,95.4,2,164.37
2026-01-28 08:00,Centro-Oeste,CE-02,63.22,129.03,2,149.29
2026-01-28 08:00,Nordeste,NO-01,69.11,111.96,1,159.96
2026-01-28 08:00,Nordeste,NO-02,62.12,115.05,3,153.6
2026-01-28 08:00,Norte,NO-01,75.58,129.14,5,149.37
2026-01-28 08:00,Norte,NO-02,54.99,94.85,1,133.8
2026-01-28 08:00,Sudeste,SU-01,61.42,99.54,5,157.82
2026-01-28 08:00,Sudeste,SU-02,72.72,115.71,2,175.37
2026-01-28 08:00,Sul,SU-01,78.68,130.69,2,145.71
2026-01-28 08:00,Sul,SU-02,63.19,99.74,3,155.43
2026-01-28 09:00,Centro-Oeste,CE-01,51.37,98.26,2,142.69
2026-01-28 09:00,Centro-Oeste,CE-02,61.17,133.46,2,141.28
2026-01-28 09:00,Nordeste,NO-01,69.16,112.8,1,148.92
2026-01-28 09:00,Nordeste,NO-02,67.65,115.68,3,159.62
2026-01-28 09:00,Norte,NO-01,76.66,129.35,5,155.62
2026-01-28 09:00,Norte,NO-02,56.8,98.77,1,137.72
2026-01-28 09:00,Sudeste,SU-01,62.3,99.54,5,163.57
2026-01-28 09:00,Sudeste,SU-02,79.11,113.4,2,191.47
2026-01-28 09:00,Sul,SU-01,77.04,127.51,2,161.11
2026-01-28 09:00,Sul,SU-02,59.65,101.1,3,156.75
2026-01-28 10:00,Centro-Oeste,CE-01,53.1,96.96,2,150.09
2026-01-28 10:00,Centro-Oeste,CE-02,64.54,134.62,2,168.51
2026-01-28 10:00,Nordeste,NO-01,70.01,116.53,1,156.1
2026-01-28 10:00,Nordeste,NO-02,65.02,119.02,3,154.58
2026-01-28 10:00,Norte,NO-01,82.05,135.13,5,154.9
2026-01-28 10:00,Norte,NO-02,56.15,99.03,1,145.69
2026-01-28 10:00,Sudeste,SU-01,68.44,101.51,5,201.09
2026-01-28 10:00,Sudeste,SU-02,81.03,113.79,2,193.86
2026-01-28 10:00,Sul,SU-01,75.82,132.2,2,147.24
2026-01-28 10:00,Sul,SU-02,64.64,103.55,3,166.53
2026-01-28 11:00,Centro-Oeste,CE-01,58.09,98.54,2,146.24
2026-01-28 11:00,Centro-Oeste,CE-02,69.11,136.79,2,150.33
2026-01-28 11:00,Nordeste,NO-01,76.99,119.61,1,174.85
2026-01-28 11:00,Nordeste,NO-02,68.06,116.52,3,154.02
2026-01-28 11:00,Norte,NO-01,84.19,135.76,5,180.53
2026-01-28 11:00,Norte,NO-02,64.88,99.56,1,177.86
2026-01-28 11:00,Sudeste,SU-01,67.88,101.38,5,178.52
2026-01-28 11:00,Sudeste,SU-02,79.02,109.4,2,204.11
2026-01-28 11:00,Sul,SU-01,81.59,132.72,2,161.6
2026-01-28 11:00,Sul,SU-02,62.67,105.51,3,160.53
2026-01-28 12:00,Centro-Oeste,CE-01,57.46,99.78,2,162.75
2026-01-28 12:00,Centro-Oeste,CE-02,69.4,137.24,2,151.52
2026-01-28 12:00,Nordeste,NO-01,75.73,120.07,1,180.12
2026-01-28 12:00,Nordeste,NO-02,72.23,118.32,3,144.61
2026-01-28 12:00,Norte,NO-01,86.29,134.42,5,182.77
2026-01-28 12:00,Norte,NO-02,60.36,96.0,1,175.24
2026-01-28 12:00,Sudeste,SU-01,77.1,102.91,5,232.04
2026-01-28 12:00,Sudeste,SU-02,85.96,116.52,2,199.67
2026-01-28 12:00,Sul,SU-01,84.97,135.08,2,160.81
2026-01-28 12:00,Sul,SU-02,65.51,103.81,3,175.47
2026-01-28 13:00,Centro-Oeste,CE-01,64.6,97.97,2,173.79
2026-01-28 13:00,Centro-Oeste,CE-02,75.2,134.41,2,143.25
2026-01-28 13:00,Nordeste,NO-01,76.89,116.73,1,180.26
2026-01-28 13:00,Nordeste,NO-02,77.79,118.57,3,176.67
2026-01-28 13:00,Norte,NO-01,90.36,134.96,5,194.34
2026-01-28 13:00,Norte,NO-02,65.52,99.8,1,172.42
2026-01-28 13:00,Sudeste,SU-01,77.84,101.96,5,227.74
2026-01-28 13:00,Sudeste,SU-02,95.15,117.61,2,254.44
2026-01-28 13:00,Sul,SU-01,84.69,130.58,2,171.25
2026-01-28 13:00,Sul,SU-02,69.91,104.2,3,185.15
2026-01-28 14:00,Centro-Oeste,CE-01,64.68,97.55,2,166.51
2026-01-28 14:00,Centro-Oeste,CE-02,81.32,133.47,2,154.69
2026-01-28 14:00,Nordeste,NO-01,82.7,117.4,1,189.21
2026-01-28 14:00,Nordeste,NO-02,75.12,121.43,3,159.78
2026-01-28 14:00,Norte,NO-01,98.78,136.58,5,198.21
2026-01-28 14:00,Norte,NO-02,65.07,97.8,1,188.3
2026-01-28 14:00,Sudeste,SU-01,84.15,101.76,5,259.84
2026-01-28 14:00,Sudeste,SU-02,92.52,112.84,2,256.77
2026-01-28 14:00,Sul,SU-01,90.12,132.05,2,201.54
2026-01-28 14:00,Sul,SU-02,73.46,99.87,3,206.68
2026-01-28 15:00,Centro-Oeste,CE-01,71.26,96.75,2,226.45
2026-01-28 15:00,Centro-Oeste,CE-02,82.24,133.05,2,153.21
2026-01-28 15:00,Nordeste,NO-01,88.16,114.51,1,236.76
2026-01-28 15:00,Nordeste,NO-02,81.93,120.97,3,191.09
2026-01-28 15:00,Norte,NO-01,98.05,136.74,5,215.83
2026-01-28 15:00,Norte,NO-02,73.83,96.72,1,232.78
2026-01-28 15:00,Sudeste,SU-01,84.42,98.07,5,278.65
2026-01-28 15:00,Sudeste,SU-02,98.35,112.61,2,283.06
2026-01-28 15:00,Sul,SU-01,95.63,132.91,2,193.52
2026-01-28 15:00,Sul,SU-02,76.41,103.01,3,222.09
2026-01-28 16:00,Centro-Oeste,CE-01,71.75,95.89,2,221.18
2026-01-28 16:00,Centro-Oeste,CE-02,86.81,133.89,2,167.1
2026-01-28 16:00,Nordeste,NO-01,88.6,115.34,1,231.5
2026-01-28 16:00,Nordeste,NO-02,80.94,113.63,3,208.61
2026-01-28 16:00,Norte,NO-01,103.17,134.73,5,217.22
2026-01-28 16:00,Norte,NO-02,70.43,98.47,1,211.36
2026-01-28 16:00,Sudeste,SU-01,87.43,100.81,5,281.53
2026-01-28 16:00,Sudeste,SU-02,103.09,116.41,2,291.78
2026-01-28 16:00,Sul,SU-01,97.01,127.7,2,234.79
2026-01-28 16:00,Sul,SU-02,76.41,100.37,3,238.07
2026-01-28 17:00,Centro-Oeste,CE-01,80.35,97.49,2,266.92
2026-01-28 17:00,Centro-Oeste,CE-02,91.85,129.07,2,216.79
2026-01-28 17:00,Nordeste,NO-01,87.77,115.78,1,223.36
2026-01-28 17:00,Nordeste,NO-02,81.5,119.0,3,190.05
2026-01-28 17:00,Norte,NO-01,106.33,128.71,5,264.64
2026-01-28 17:00,Norte,NO-02,70.56,94.41,1,216.1
2026-01-28 17:00,Sudeste,SU-01,84.28,96.77,5,279.5
2026-01-28 17:00,Sudeste,SU-02,104.84,108.51,2,330.56
2026-01-28 17:00,Sul,SU-01,101.34,124.12,2,264.24
2026-01-28 17:00,Sul,SU-02,77.94,101.74,3,233.07
2026-01-28 18:00,Centro-Oeste,CE-01,78.19,95.74,2,266.98
2026-01-28 18:00,Centro-Oeste,CE-02,96.36,130.46,2,212.11
2026-01-28 18:00,Nordeste,NO-01,87.99,110.57,1,254.38
2026-01-28 18:00,Nordeste,NO-02,85.32,116.69,3,215.09
2026-01-28 18:00,Norte,NO-01,97.42,127.23,5,223.56
2026-01-28 18:00,Norte,NO-02,73.32,95.01,1,229.24
2026-01-28 18:00,Sudeste,SU-01,91.32,99.26,5,310.83
2026-01-28 18:00,Sudeste,SU-02,107.24,107.89,2,354.38
2026-01-28 18:00,Sul,SU-01,101.08,124.83,2,254.33
2026-01-28 18:00,Sul,SU-02,82.39,96.22,3,269.6
2026-01-28 19:00,Centro-Oeste,CE-01,79.47,96.11,2,265.27
2026-01-28 19:00,Centro-Oeste,CE-02,92.19,124.92,2,217.7
2026-01-28 19:00,Nordeste,NO-01,91.97,109.03,1,273.24
2026-01-28 19:00,Nordeste,NO-02,90.81,109.44,3,260.4
2026-01-28 19:00,Norte,NO-01,104.78,125.73,5,275.26
2026-01-28 19:00,Norte,NO-02,74.51,93.99,1,238.14
2026-01-28 19:00,Sudeste,SU-01,85.25,95.07,5,293.42
2026-01-28 19:00,Sudeste,SU-02,99.56,107.18,2,305.33
2026-01-28 19:00,Sul,SU-01,104.55,117.44,2,286.28
2026-01-28 19:00,Sul,SU-02,81.15,96.52,3,271.01
2026-01-28 20:00,Centro-Oeste,CE-01,85.56,90.67,2,300.83
2026-01-28 20:00,Centro-Oeste,CE-02,99.34,124.14,2,256.18
2026-01-28 20:00,Nordeste,NO-01,94.32,107.63,1,280.03
2026-01-28 20:00,Nordeste,NO-02,91.66,110.64,3,278.79
2026-01-28 20:00,Norte,NO-01,96.64,124.62,5,237.23
2026-01-28 20:00,Norte,NO-02,73.32,91.28,1,240.37
2026-01-28 20:00,Sudeste,SU-01,90.01,93.45,5,323.21
2026-01-28 20:00,Sudeste,SU-02,99.54,106.18,2,325.22
2026-01-28 20:00,Sul,SU-01,102.16,123.11,2,264.85
2026-01-28 20:00,Sul,SU-02,82.51,95.77,3,268.7
2026-01-28 21:00,Centro-Oeste,CE-01,80.4,86.04,2,318.95
2026-01-28 21:00,Centro-Oeste,CE-02,97.08,122.53,2,237.7
2026-01-28 21:00,Nordeste,NO-01,93.14,107.44,1,275.41
2026-01-28 21:00,Nordeste,NO-02,84.59,108.14,3,243.32
2026-01-28 21:00,Norte,NO-01,96.5,121.57,5,250.53
2026-01-28 21:00,Norte,NO-02,71.3,88.63,1,244.31
2026-01-28 21:00,Sudeste,SU-01,86.93,92.38,5,318.87
2026-01-28 21:00,Sudeste,SU-02,99.27,103.57,2,333.49
2026-01-28 21:00,Sul,SU-01,103.27,121.38,2,266.14
2026-01-28 21:00,Sul,SU-02,82.79,94.94,3,286.41
2026-01-28 22:00,Centro-Oeste,CE-01,77.15,87.3,2,290.53
2026-01-28 22:00,Centro-Oeste,CE-02,95.27,121.45,2,248.26
2026-01-28 22:00,Nordeste,NO-01,87.17,101.75,1,288.37
2026-01-28 22:00,Nordeste,NO-02,83.81,105.54,3,256.35
2026-01-28 22:00,Norte,NO-01,100.58,118.9,5,275.24
2026-01-28 22:00,Norte,NO-02,66.09,87.23,1,224.88
2026-01-28 22:00,Sudeste,SU-01,83.87,88.43,5,312.93
2026-01-28 22:00,Sudeste,SU-02,96.59,101.93,2,328.18
2026-01-28 22:00,Sul,SU-01,100.93,116.79,2,273.36
2026-01-28 22:00,Sul,SU-02,82.57,93.25,3,289.76
2026-01-28 23:00,Centro-Oeste,CE-01,75.67,85.61,2,305.54
2026-01-28 23:00,Centro-Oeste,CE-02,95.44,121.79,2,252.95
2026-01-28 23:00,Nordeste,NO-01,88.24,105.01,1,253.81
2026-01-28 23:00,Nordeste,NO-02,78.31,105.62,3,214.11
2026-01-28 23:00,Norte,NO-01,97.89,119.36,5,268.7
2026-01-28 23:00,Norte,NO-02,69.32,87.3,1,250.52
2026-01-28 23:00,Sudeste,SU-01,78.48,88.99,5,291.68
2026-01-28 23:00,Sudeste,SU-02,93.74,101.11,2,313.21
2026-01-28 23:00,Sul,SU-01,99.5,118.45,2,275.62
2026-01-28 23:00,Sul,SU-02,78.57,91.39,3,278.36
2026-01-29 00:00,Centro-Oeste,CE-01,72.1,86.62,2,262.52
2026-01-29 00:00,Centro-Oeste,CE-02,88.11,121.99,2,205.43
2026-01-29 00:00,Nordeste,NO-01,83.11,106.4,1,229.23
2026-01-29 00:00,Nordeste,NO-02,71.04,108.31,3,178.08
2026-01-29 00:00,Norte,NO-01,89.7,117.69,5,233.17
2026-01-29 00:00,Norte,NO-02,64.67,89.8,1,194.85
2026-01-29 00:00,Sudeste,SU-01,71.84,90.53,5,251.31
2026-01-29 00:00,Sudeste,SU-02,85.52,103.01,2,277.58
2026-01-29 00:00,Sul,SU-01,96.79,117.25,2,277.35
2026-01-29 00:00,Sul,SU-02,76.5,91.43,3,268.08
2026-01-29 01:00,Centro-Oeste,CE-01,74.11,84.66,2,278.86
2026-01-29 01:00,Centro-Oeste,CE-02,84.0,120.16,2,212.29
2026-01-29 01:00,Nordeste,NO-01,80.84,104.78,1,233.02
2026-01-29 01:00,Nordeste,NO-02,72.88,108.83,3,190.52
2026-01-29 01:00,Norte,NO-01,85.24,120.18,5,210.95
2026-01-29 01:00,Norte,NO-02,60.67,88.83,1,187.43
2026-01-29 01:00,Sudeste,SU-01,69.15,88.83,5,242.18
2026-01-29 01:00,Sudeste,SU-02,84.47,101.9,2,262.39
2026-01-29 01:00,Sul,SU-01,93.32,116.33,2,265.85
2026-01-29 01:00,Sul,SU-02,74.99,89.3,3,276.67
2026-01-29 02:00,Centro-Oeste,CE-01,65.15,87.71,2,203.21
2026-01-29 02:00,Centro-Oeste,CE-02,81.69,121.48,2,191.54
2026-01-29 02:00,Nordeste,NO-01,77.66,80.36,1,346.96
2026-01-29 02:00,Nordeste,NO-02,75.06,80.05,3,319.68
2026-01-29 02:00,Norte,NO-01,80.09,121.37,5,189.17
2026-01-29 02:00,Norte,NO-02,57.91,85.64,1,163.77
2026-01-29 02:00,Sudeste,SU-01,64.7,90.72,5,217.43
2026-01-29 02:00,Sudeste,SU-02,80.28,105.51,2,236.49
2026-01-29 02:00,Sul,SU-01,91.04,120.98,2,222.37
2026-01-29 02:00,Sul,SU-02,76.07,95.26,3,240.7
2026-01-29 03:00,Centro-Oeste,CE-01,62.76,90.11,2,195.92
2026-01-29 03:00,Centro-Oeste,CE-02,76.28,120.08,2,155.45
2026-01-29 03:00,Nordeste,NO-01,71.73,79.9,1,301.43
2026-01-29 03:00,Nordeste,NO-02,65.47,85.28,3,226.88
2026-01-29 03:00,Norte,NO-01,77.94,116.83,5,187.98
2026-01-29 03:00,Norte,NO-02,53.03,90.25,1,157.32
2026-01-29 03:00,Sudeste,SU-01,64.06,88.99,5,220.65
2026-01-29 03:00,Sudeste,SU-02,79.18,101.47,2,247.13
2026-01-29 03:00,Sul,SU-01,87.91,119.63,2,206.37
2026-01-29 03:00,Sul,SU-02,70.77,97.91,3,216.48
2026-01-29 04:00,Centro-Oeste,CE-01,59.13,90.42,2,165.43
2026-01-29 04:00,Centro-Oeste,CE-02,71.69,126.22,2,157.32
2026-01-29 04:00,Nordeste,NO-01,69.59,83.1,1,274.11
2026-01-29 04:00,Nordeste,NO-02,66.32,82.93,3,248.0
2026-01-29 04:00,Norte,NO-01,74.22,125.44,5,144.83
2026-01-29 04:00,Norte,NO-02,52.27,91.26,1,138.32
2026-01-29 04:00,Sudeste,SU-01,61.1,92.4,5,181.74
2026-01-29 04:00,Sudeste,SU-02,74.12,106.33,2,192.57
2026-01-29 04:00,Sul,SU-01,85.86,123.31,2,210.9
2026-01-29 04:00,Sul,SU-02,66.24,95.12,3,194.78
2026-01-29 05:00,Centro-Oeste,CE-01,56.06,94.1,2,161.84
2026-01-29 05:00,Centro-Oeste,CE-02,69.19,122.45,2,148.12
2026-01-29 05:00,Nordeste,NO-01,70.68,81.52,1,282.41
2026-01-29 05:00,Nordeste,NO-02,64.99,85.53,3,228.44
2026-01-29 05:00,Norte,NO-01,77.04,125.46,5,165.26
2026-01-29 05:00,Norte,NO-02,50.17,91.06,1,150.42
2026-01-29 05:00,Sudeste,SU-01,60.76,94.64,5,175.4
2026-01-29 05:00,Sudeste,SU-02,70.38,105.79,2,194.34
2026-01-29 05:00,Sul,SU-01,83.26,119.73,2,187.41
2026-01-29 05:00,Sul,SU-02,70.12,96.37,3,206.63
2026-01-29 06:00,Centro-Oeste,CE-01,50.7,95.05,2,163.07
2026-01-29 06:00,Centro-Oeste,CE-02,64.55,124.46,2,157.85
2026-01-29 06:00,Nordeste,NO-01,68.88,83.6,1,253.32
2026-01-29 06:00,Nordeste,NO-02,64.88,88.25,3,218.43
2026-01-29 06:00,Norte,NO-01,70.8,127.01,5,140.37
2026-01-29 06:00,Norte,NO-02,51.65,96.23,1,147.63
2026-01-29 06:00,Sudeste,SU-01,60.41,93.09,5,171.91
2026-01-29 06:00,Sudeste,SU-02,70.12,108.61,2,173.0
2026-01-29 06:00,Sul,SU-01,80.5,120.68,2,197.25
2026-01-29 06:00,Sul,SU-02,60.56,100.88,3,147.38
2026-01-29 07:00,Centro-Oeste,CE-01,50.5,95.35,2,144.17
2026-01-29 07:00,Centro-Oeste,CE-02,65.72,127.26,2,137.72
2026-01-29 07:00,Nordeste,NO-01,65.18,80.55,1,268.68
2026-01-29 07:00,Nordeste,NO-02,61.03,84.24,3,213.9
2026-01-29 07:00,Norte,NO-01,72.98,126.13,5,163.64
2026-01-29 07:00,Norte,NO-02,52.35,94.67,1,159.83
2026-01-29 07:00,Sudeste,SU-01,60.77,98.03,5,167.58
2026-01-29 07:00,Sudeste,SU-02,71.27,103.86,2,193.36
2026-01-29 07:00,Sul,SU-01,77.74,124.62,2,156.53
2026-01-29 07:00,Sul,SU-02,59.71,93.74,3,164.9
2026-01-29 08:00,Centro-Oeste,CE-01,50.63,97.67,2,155.24
2026-01-29 08:00,Centro-Oeste,CE-02,63.68,131.71,2,147.77
2026-01-29 08:00,Nordeste,NO-01,66.04,112.63,1,142.93
2026-01-29 08:00,Nordeste,NO-02,61.68,113.25,3,148.9
2026-01-29 08:00,Norte,NO-01,77.95,128.89,5,143.94
2026-01-29 08:00,Norte,NO-02,52.87,97.2,1,147.15
2026-01-29 08:00,Sudeste,SU-01,60.39,97.25,5,174.51
2026-01-29 08:00,Sudeste,SU-02,74.18,112.22,2,172.04
2026-01-29 08:00,Sul,SU-01,73.1,126.71,2,147.6
2026-01-29 08:00,Sul,SU-02,63.92,97.39,3,184.5
2026-01-29 09:00,Centro-Oeste,CE-01,52.07,97.29,2,149.93
2026-01-29 09:00,Centro-Oeste,CE-02,60.56,131.79,2,143.7
2026-01-29 09:00,Nordeste,NO-01,67.54,115.39,1,157.36
2026-01-29 09:00,Nordeste,NO-02,63.61,114.97,3,143.67
2026-01-29 09:00,Norte,NO-01,74.88,129.99,5,159.7
2026-01-29 09:00,Norte,NO-02,55.66,98.47,1,145.4
2026-01-29 09:00,Sudeste,SU-01,62.6,99.78,5,167.18
2026-01-29 09:00,Sudeste,SU-02,71.49,115.42,2,156.6
2026-01-29 09:00,Sul,SU-01,75.76,124.02,2,152.45
2026-01-29 09:00,Sul,SU-02,62.51,104.66,3,145.67
2026-01-29 10:00,Centro-Oeste,CE-01,54.08,98.68,2,142.61
2026-01-29 10:00,Centro-Oeste,CE-02,66.64,131.73,2,141.83
2026-01-29 10:00,Nordeste,NO-01,70.97,115.81,1,149.88
2026-01-29 10:00,Nordeste,NO-02,64.34,122.53,3,147.33
2026-01-29 10:00,Norte,NO-01,78.23,133.3,5,142.2
2026-01-29 10:00,Norte,NO-02,55.37,98.55,1,132.86
2026-01-29 10:00,Sudeste,SU-01,70.66,97.81,5,211.04
2026-01-29 10:00,Sudeste,SU-02,76.07,113.31,2,187.52
2026-01-29 10:00,Sul,SU-01,79.89,133.13,2,147.05
2026-01-29 10:00,Sul,SU-02,61.81,101.46,3,140.1
2026-01-29 11:00,Centro-Oeste,CE-01,56.91,98.52,2,155.26
2026-01-29 11:00,Centro-Oeste,CE-02,69.94,139.93,2,137.25
2026-01-29 11:00,Nordeste,NO-01,72.55,118.17,1,154.24
2026-01-29 11:00,Nordeste,NO-02,70.38,120.42,3,152.77
2026-01-29 11:00,Norte,NO-01,86.68,133.76,5,179.86
2026-01-29 11:00,Norte,NO-02,61.39,99.9,1,164.97
2026-01-29 11:00,Sudeste,SU-01,70.03,101.38,5,200.62
2026-01-29 11:00,Sudeste,SU-02,80.1,116.26,2,199.51
2026-01-29 11:00,Sul,SU-01,82.05,134.93,2,148.14
2026-01-29 11:00,Sul,SU-02,63.24,105.88,3,139.85
2026-01-29 12:00,Centro-Oeste,CE-01,57.63,98.62,2,153.53
2026-01-29 12:00,Centro-Oeste,CE-02,71.91,135.46,2,157.48
2026-01-29 12:00,Nordeste,NO-01,73.92,117.92,1,151.62
2026-01-29 12:00,Nordeste,NO-02,69.18,118.73,3,154.95
2026-01-29 12:00,Norte,NO-01,89.91,136.86,5,178.87
2026-01-29 12:00,Norte,NO-02,63.37,99.41,1,166.7
2026-01-29 12:00,Sudeste,SU-01,76.04,100.64,5,241.38
2026-01-29 12:00,Sudeste,SU-02,84.25,115.65,2,206.71
2026-01-29 12:00,Sul,SU-01,84.7,131.57,2,176.84
2026-01-29 12:00,Sul,SU-02,63.92,102.81,3,168.38
2026-01-29 13:00,Centro-Oeste,CE-01,63.86,96.58,2,180.08
2026-01-29 13:00,Centro-Oeste,CE-02,76.94,138.03,2,158.34
2026-01-29 13:00,Nordeste,NO-01,81.95,117.03,1,197.26
2026-01-29 13:00,Nordeste,NO-02,76.78,121.9,3,153.61
2026-01-29 13:00,Norte,NO-01,97.72,136.91,5,199.31
2026-01-29 13:00,Norte,NO-02,64.17,98.54,1,166.37
2026-01-29 13:00,Sudeste,SU-01,77.16,99.79,5,226.42
2026-01-29 13:00,Sudeste,SU-02,96.51,112.88,2,267.1
2026-01-29 13:00,Sul,SU-01,88.85,128.38,2,200.38
2026-01-29 13:00,Sul,SU-02,68.4,108.49,3,161.71
2026-01-29 14:00,Centro-Oeste,CE-01,65.94,95.81,2,195.69
2026-01-29 14:00,Centro-Oeste,CE-02,80.18,133.01,2,144.81
2026-01-29 14:00,Nordeste,NO-01,88.04,115.97,1,233.93
2026-01-29 14:00,Nordeste,NO-02,75.99,119.51,3,157.16
2026-01-29 14:00,Norte,NO-01,93.39,137.94,5,184.27
2026-01-29 14:00,Norte,NO-02,69.39,98.29,1,213.32
2026-01-29 14:00,Sudeste,SU-01,86.65,101.77,5,281.96
2026-01-29 14:00,Sudeste,SU-02,95.05,110.43,2,284.51
2026-01-29 14:00,Sul,SU-01,89.5,135.3,2,180.54
2026-01-29 14:00,Sul,SU-02,68.44,102.74,3,182.36
2026-01-29 15:00,Centro-Oeste,CE-01,72.08,98.2,2,220.35
2026-01-29 15:00,Centro-Oeste,CE-02,80.3,135.24,2,143.91
2026-01-29 15:00,Nordeste,NO-01,86.12,110.83,1,228.66
2026-01-29 15:00,Nordeste,NO-02,80.05,116.05,3,183.33
2026-01-29 15:00,Norte,NO-01,102.27,128.36,5,241.74
2026-01-29 15:00,Norte,NO-02,71.34,95.94,1,225.54
2026-01-29 15:00,Sudeste,SU-01,82.89,101.51,5,264.65
2026-01-29 15:00,Sudeste,SU-02,97.85,113.09,2,268.77
2026-01-29 15:00,Sul,SU-01,94.26,131.75,2,192.26
2026-01-29 15:00,Sul,SU-02,74.23,101.08,3,211.81
2026-01-29 16:00,Centro-Oeste,CE-01,73.87,97.24,2,222.41
2026-01-29 16:00,Centro-Oeste,CE-02,86.49,128.64,2,181.86
2026-01-29 16:00,Nordeste,NO-01,88.59,115.19,1,230.4
2026-01-29 16:00,Nordeste,NO-02,85.95,115.8,3,224.24
2026-01-29 16:00,Norte,NO-01,97.87,132.26,5,224.0
2026-01-29 16:00,Norte,NO-02,71.93,97.95,1,228.33
2026-01-29 16:00,Sudeste,SU-01,88.22,97.32,5,312.21
2026-01-29 16:00,Sudeste,SU-02,101.16,111.79,2,309.96
2026-01-29 16:00,Sul,SU-01,99.17,127.72,2,241.54
2026-01-29 16:00,Sul,SU-02,78.67,99.71,3,252.53
2026-01-29 17:00,Centro-Oeste,CE-01,73.2,91.85,2,242.38
2026-01-29 17:00,Centro-Oeste,CE-02,95.36,126.64,2,226.43
2026-01-29 17:00,Nordeste,NO-01,91.28,111.2,1,265.14
2026-01-29 17:00,Nordeste,NO-02,85.07,112.83,3,224.28
2026-01-29 17:00,Norte,NO-01,101.93,128.44,5,254.77
2026-01-29 17:00,Norte,NO-02,70.26,96.1,1,203.75
2026-01-29 17:00,Sudeste,SU-01,89.99,98.46,5,305.73
2026-01-29 17:00,Sudeste,SU-02,104.73,107.66,2,328.67
2026-01-29 17:00,Sul,SU-01,103.02,127.81,2,258.47
2026-01-29 17:00,Sul,SU-02,78.98,102.59,3,233.94
2026-01-29 18:00,Centro-Oeste,CE-01,77.16,94.52,2,250.58
2026-01-29 18:00,Centro-Oeste,CE-02,99.42,125.16,2,236.18
2026-01-29 18:00,Nordeste,NO-01,89.99,110.37,1,242.17
2026-01-29 18:00,Nordeste,NO-02,88.64,114.95,3,229.22
2026-01-29 18:00,Norte,NO-01,103.04,122.52,5,274.07
2026-01-29 18:00,Norte,NO-02,75.7,94.5,1,252.89
2026-01-29 18:00,Sudeste,SU-01,89.91,97.54,5,321.18
2026-01-29 18:00,Sudeste,SU-02,104.85,105.45,2,345.12
2026-01-29 18:00,Sul,SU-01,101.16,128.8,2,239.96
2026-01-29 18:00,Sul,SU-02,81.96,97.0,3,268.79
2026-01-29 19:00,Centro-Oeste,CE-01,81.14,94.15,2,271.3
2026-01-29 19:00,Centro-Oeste,CE-02,94.75,125.73,2,230.65
2026-01-29 19:00,Nordeste,NO-01,95.4,109.75,1,297.72
2026-01-29 19:00,Nordeste,NO-02,88.26,113.24,3,242.47
2026-01-29 19:00,Norte,NO-01,106.74,129.34,5,250.93
2026-01-29 19:00,Norte,NO-02,72.42,91.68,1,241.17
2026-01-29 19:00,Sudeste,SU-01,87.34,90.71,5,337.51
2026-01-29 19:00,Sudeste,SU-02,101.21,106.51,2,340.26
2026-01-29 19:00,Sul,SU-01,112.98,122.96,2,315.05
2026-01-29 19:00,Sul,SU-02,85.71,96.76,3,290.55
2026-01-29 20:00,Centro-Oeste,CE-01,79.83,91.4,2,291.39
2026-01-29 20:00,Centro-Oeste,CE-02,103.11,127.43,2,258.14
2026-01-29 20:00,Nordeste,NO-01,88.77,109.92,1,268.1
2026-01-29 20:00,Nordeste,NO-02,86.83,110.36,3,239.23
2026-01-29 20:00,Norte,NO-01,98.17,119.62,5,263.37
2026-01-29 20:00,Norte,NO-02,73.32,89.14,1,260.19
2026-01-29 20:00,Sudeste,SU-01,89.37,90.55,5,348.54
2026-01-29 20:00,Sudeste,SU-02,103.27,105.56,2,336.13
2026-01-29 20:00,Sul,SU-01,101.85,118.74,2,275.77
2026-01-29 20:00,Sul,SU-02,83.02,95.23,3,277.63
2026-01-29 21:00,Centro-Oeste,CE-01,80.53,90.3,2,312.65
2026-01-29 21:00,Centro-Oeste,CE-02,97.5,124.12,2,240.56
2026-01-29 21:00,Nordeste,NO-01,90.43,105.77,1,271.25
2026-01-29 21:00,Nordeste,NO-02,83.75,105.98,3,243.73
2026-01-29 21:00,Norte,NO-01,98.12,123.9,5,250.38
2026-01-29 21:00,Norte,NO-02,76.37,92.38,1,274.29
2026-01-29 21:00,Sudeste,SU-01,85.97,92.34,5,308.46
2026-01-29 21:00,Sudeste,SU-02,98.68,105.24,2,324.03
2026-01-29 21:00,Sul,SU-01,103.85,121.42,2,281.89
2026-01-29 21:00,Sul,SU-02,86.08,95.19,3,308.34
2026-01-29 22:00,Centro-Oeste,CE-01,80.23,86.5,2,316.38
2026-01-29 22:00,Centro-Oeste,CE-02,95.15,120.63,2,230.72
2026-01-29 22:00,Nordeste,NO-01,88.37,103.57,1,281.38
2026-01-29 22:00,Nordeste,NO-02,84.21,106.96,3,259.11
2026-01-29 22:00,Norte,NO-01,93.24,122.16,5,229.33
2026-01-29 22:00,Norte,NO-02,68.11,89.87,1,230.61
2026-01-29 22:00,Sudeste,SU-01,78.39,90.8,5,285.45
2026-01-29 22:00,Sudeste,SU-02,96.4,99.53,2,321.99
2026-01-29 22:00,Sul,SU-01,100.29,119.9,2,275.56
2026-01-29 22:00,Sul,SU-02,85.65,93.06,3,307.48
2026-01-29 23:00,Centro-Oeste,CE-01,74.34,88.89,2,266.11
2026-01-29 23:00,Centro-Oeste,CE-02,92.66,118.05,2,239.46
2026-01-29 23:00,Nordeste,NO-01,84.74,104.71,1,252.42
2026-01-29 23:00,Nordeste,NO-02,82.46,106.91,3,220.01
2026-01-29 23:00,Norte,NO-01,95.73,119.17,5,248.36
2026-01-29 23:00,Norte,NO-02,66.42,86.4,1,240.37
2026-01-29 23:00,Sudeste,SU-01,79.41,89.72,5,291.85
2026-01-29 23:00,Sudeste,SU-02,95.59,101.88,2,311.71
2026-01-29 23:00,Sul,SU-01,99.12,120.57,2,266.79
2026-01-29 23:00,Sul,SU-02,84.39,91.35,3,316.97
2026-01-30 00:00,Centro-Oeste,CE-01,76.89,87.0,2,288.23
2026-01-30 00:00,Centro-Oeste,CE-02,90.13,122.32,2,221.04
2026-01-30 00:00,Nordeste,NO-01,82.7,103.34,1,248.94
2026-01-30 00:00,Nordeste,NO-02,77.5,103.3,3,216.7
2026-01-30 00:00,Norte,NO-01,87.52,119.31,5,204.07
2026-01-30 00:00,Norte,NO-02,62.91,87.87,1,219.89
2026-01-30 00:00,Sudeste,SU-01,72.37,85.16,5,272.6
2026-01-30 00:00,Sudeste,SU-02,84.74,102.34,2,264.89
2026-01-30 00:00,Sul,SU-01,98.17,118.35,2,255.14
2026-01-30 00:00,Sul,SU-02,77.15,91.09,3,261.23
2026-01-30 01:00,Centro-Oeste,CE-01,69.65,86.94,2,245.58
2026-01-30 01:00,Centro-Oeste,CE-02,83.77,113.45,2,222.81
2026-01-30 01:00,Nordeste,NO-01,78.6,103.12,1,223.49
2026-01-30 01:00,Nordeste,NO-02,77.13,105.08,3,224.18
2026-01-30 01:00,Norte,NO-01,83.87,122.98,5,189.94
2026-01-30 01:00,Norte,NO-02,57.92,87.16,1,179.11
2026-01-30 01:00,Sudeste,SU-01,68.84,88.54,5,249.46
2026-01-30 01:00,Sudeste,SU-02,79.18,104.35,2,230.18
2026-01-30 01:00,Sul,SU-01,96.86,119.06,2,262.32
2026-01-30 01:00,Sul,SU-02,76.99,91.67,3,277.04
2026-01-30 02:00,Centro-Oeste,CE-01,61.27,86.08,2,207.22
2026-01-30 02:00,Centro-Oeste,CE-02,82.3,121.7,2,186.74
2026-01-30 02:00,Nordeste,NO-01,72.88,105.58,1,196.97
2026-01-30 02:00,Nordeste,NO-02,69.36,110.22,3,176.2
2026-01-30 02:00,Norte,NO-01,82.55,121.65,5,178.3
2026-01-30 02:00,Norte,NO-02,58.59,90.16,1,178.01
2026-01-30 02:00,Sudeste,SU-01,69.39,86.01,5,257.08
2026-01-30 02:00,Sudeste,SU-02,79.66,97.83,2,274.35
2026-01-30 02:00,Sul,SU-01,90.54,120.41,2,227.1
2026-01-30 02:00,Sul,SU-02,72.25,90.57,3,258.94
2026-01-30 03:00,Centro-Oeste,CE-01,63.43,89.65,2,195.61
2026-01-30 03:00,Centro-Oeste,CE-02,76.63,128.01,2,154.96
2026-01-30 03:00,Nordeste,NO-01,76.26,105.75,1,211.92
2026-01-30 03:00,Nordeste,NO-02,72.04,108.57,3,178.96
2026-01-30 03:00,Norte,NO-01,76.83,118.66,5,153.19
2026-01-30 03:00,Norte,NO-02,56.3,89.92,1,176.51
2026-01-30 03:00,Sudeste,SU-01,62.68,89.77,5,220.37
2026-01-30 03:00,Sudeste,SU-02,67.11,107.72,2,162.89
2026-01-30 03:00,Sul,SU-01,92.82,119.03,2,234.42
2026-01-30 03:00,Sul,SU-02,69.81,91.88,3,236.81
2026-01-30 04:00,Centro-Oeste,CE-01,56.42,91.94,2,166.37
2026-01-30 04:00,Centro-Oeste,CE-02,69.48,122.45,2,155.55
2026-01-30 04:00,Nordeste,NO-01,75.38,107.06,1,211.1
2026-01-30 04:00,Nordeste,NO-02,67.09,109.83,3,172.01
2026-01-30 04:00,Norte,NO-01,76.64,121.68,5,176.46
2026-01-30 04:00,Norte,NO-02,52.81,89.36,1,160.31
2026-01-30 04:00,Sudeste,SU-01,57.96,70.23,5,265.6
2026-01-30 04:00,Sudeste,SU-02,70.56,78.08,2,298.2
2026-01-30 04:00,Sul,SU-01,84.93,120.09,2,203.07
2026-01-30 04:00,Sul,SU-02,64.17,95.31,3,190.79
2026-01-30 05:00,Centro-Oeste,CE-01,54.7,94.5,2,155.26
2026-01-30 05:00,Centro-Oeste,CE-02,69.04,125.12,2,146.35
2026-01-30 05:00,Nordeste,NO-01,69.06,108.54,1,163.88
2026-01-30 05:00,Nordeste,NO-02,67.63,107.29,3,174.39
2026-01-30 05:00,Norte,NO-01,78.54,127.65,5,175.41
2026-01-30 05:00,Norte,NO-02,51.55,92.56,1,138.5
2026-01-30 05:00,Sudeste,SU-01,60.84,70.96,5,283.24
2026-01-30 05:00,Sudeste,SU-02,67.87,80.3,2,268.06
2026-01-30 05:00,Sul,SU-01,81.09,117.1,2,173.68
2026-01-30 05:00,Sul,SU-02,67.13,93.82,3,205.97
2026-01-30 06:00,Centro-Oeste,CE-01,57.11,95.23,2,153.14
2026-01-30 06:00,Centro-Oeste,CE-02,63.58,127.98,2,164.79
2026-01-30 06:00,Nordeste,NO-01,66.3,110.15,1,151.31
2026-01-30 06:00,Nordeste,NO-02,62.35,112.17,3,144.22
2026-01-30 06:00,Norte,NO-01,75.22,128.36,5,152.94
2026-01-30 06:00,Norte,NO-02,50.15,93.74,1,147.3
2026-01-30 06:00,Sudeste,SU-01,59.11,73.69,5,248.22
2026-01-30 06:00,Sudeste,SU-02,69.92,79.76,2,282.98
2026-01-30 06:00,Sul,SU-01,78.5,124.83,2,156.95
2026-01-30 06:00,Sul,SU-02,63.71,98.64,3,180.78
2026-01-30 07:00,Centro-Oeste,CE-01,52.62,93.61,2,148.8
2026-01-30 07:00,Centro-Oeste,CE-02,62.3,127.59,2,140.7
2026-01-30 07:00,Nordeste,NO-01,67.08,108.4,1,142.8
2026-01-30 07:00,Nordeste,NO-02,62.95,117.28,3,149.62
2026-01-30 07:00,Norte,NO-01,74.49,125.78,5,162.29
2026-01-30 07:00,Norte,NO-02,52.49,96.32,1,147.39
2026-01-30 07:00,Sudeste,SU-01,57.75,72.41,5,238.46
2026-01-30 07:00,Sudeste,SU-02,70.96,83.59,2,277.73
2026-01-30 07:00,Sul,SU-01,77.25,129.68,2,152.77
2026-01-30 07:00,Sul,SU-02,61.26,96.94,3,171.42
2026-01-30 08:00,Centro-Oeste,CE-01,49.77,95.31,2,150.37
2026-01-30 08:00,Centro-Oeste,CE-02,63.17,129.35,2,139.44
2026-01-30 08:00,Nordeste,NO-01,65.53,115.62,1,147.7
2026-01-30 08:00,Nordeste,NO-02,63.28,116.58,3,151.85
2026-01-30 08:00,Norte,NO-01,74.62,127.75,5,154.91
2026-01-30 08:00,Norte,NO-02,54.05,96.36,1,140.57
2026-01-30 08:00,Sudeste,SU-01,60.76,75.14,5,258.76
2026-01-30 08:00,Sudeste,SU-02,70.71,82.9,2,270.68
2026-01-30 08:00,Sul,SU-01,75.19,130.02,2,142.86
2026-01-30 08:00,Sul,SU-02,60.14,99.26,3,152.64
2026-01-30 09:00,Centro-Oeste,CE-01,50.33,96.72,2,145.75
2026-01-30 09:00,Centro-Oeste,CE-02,66.62,130.96,2,151.28
2026-01-30 09:00,Nordeste,NO-01,69.4,114.31,1,164.55
2026-01-30 09:00,Nordeste,NO-02,61.39,118.82,3,161.75
2026-01-30 09:00,Norte,NO-01,79.36,132.27,5,155.2
2026-01-30 09:00,Norte,NO-02,56.87,95.55,1,150.01
2026-01-30 09:00,Sudeste,SU-01,61.5,73.86,5,261.97
2026-01-30 09:00,Sudeste,SU-02,73.98,84.07,2,285.7
2026-01-30 09:00,Sul,SU-01,83.89,127.14,2,186.48
2026-01-30 09:00,Sul,SU-02,60.35,104.14,3,160.28
2026-01-30 10:00,Centro-Oeste,CE-01,54.19,97.09,2,150.54
2026-01-30 10:00,Centro-Oeste,CE-02,65.41,135.33,2,164.82
2026-01-30 10:00,Nordeste,NO-01,69.12,115.42,1,134.64
2026-01-30 10:00,Nordeste,NO-02,67.79,117.41,3,149.62
2026-01-30 10:00,Norte,NO-01,78.14,132.68,5,153.07
2026-01-30 10:00,Norte,NO-02,57.96,97.72,1,148.09
2026-01-30 10:00,Sudeste,SU-01,67.05,97.15,5,208.6
2026-01-30 10:00,Sudeste,SU-02,75.05,110.4,2,196.99
2026-01-30 10:00,Sul,SU-01,81.0,131.89,2,159.55
2026-01-30 10:00,Sul,SU-02,64.01,98.71,3,174.83
2026-01-30 11:00,Centro-Oeste,CE-01,55.77,98.51,2,154.34
2026-01-30 11:00,Centro-Oeste,CE-02,68.01,131.39,2,149.39
2026-01-30 11:00,Nordeste,NO-01,74.26,120.13,1,174.34
2026-01-30 11:00,Nordeste,NO-02,73.16,116.23,3,145.15
2026-01-30 11:00,Norte,NO-01,84.22,130.2,5,171.32
2026-01-30 11:00,Norte,NO-02,63.83,96.62,1,182.06
2026-01-30 11:00,Sudeste,SU-01,71.15,96.59,5,221.43
2026-01-30 11:00,Sudeste,SU-02,83.55,115.86,2,215.54
2026-01-30 11:00,Sul,SU-01,84.83,130.06,2,163.44
2026-01-30 11:00,Sul,SU-02,62.14,102.09,3,145.49
2026-01-30 12:00,Centro-Oeste,CE-01,58.23,99.0,2,141.4
2026-01-30 12:00,Centro-Oeste,CE-02,73.56,134.57,2,145.92
2026-01-30 12:00,Nordeste,NO-01,75.61,115.22,1,192.36
2026-01-30 12:00,Nordeste,NO-02,71.77,118.98,3,137.36
2026-01-30 12:00,Norte,NO-01,90.38,135.51,5,194.45
2026-01-30 12:00,Norte,NO-02,65.23,100.07,1,173.82
2026-01-30 12:00,Sudeste,SU-01,74.04,98.0,5,221.22
2026-01-30 12:00,Sudeste,SU-02,89.5,112.58,2,261.18
2026-01-30 12:00,Sul,SU-01,86.62,129.84,2,188.93
2026-01-30 12:00,Sul,SU-02,69.75,101.91,3,203.16
2026-01-30 13:00,Centro-Oeste,CE-01,61.16,99.1,2,158.01
2026-01-30 13:00,Centro-Oeste,CE-02,76.91,136.13,2,146.51
2026-01-30 13:00,Nordeste,NO-01,77.23,118.7,1,185.66
2026-01-30 13:00,Nordeste,NO-02,74.1,120.89,3,163.6
2026-01-30 13:00,Norte,NO-01,97.37,132.85,5,218.84
2026-01-30 13:00,Norte,NO-02,62.14,100.51,1,165.96
2026-01-30 13:00,Sudeste,SU-01,76.93,102.14,5,217.61
2026-01-30 13:00,Sudeste,SU-02,90.88,115.28,2,247.73
2026-01-30 13:00,Sul,SU-01,91.51,129.86,2,203.82
2026-01-30 13:00,Sul,SU-02,66.25,104.86,3,161.81
2026-01-30 14:00,Centro-Oeste,CE-01,63.44,97.54,2,180.05
2026-01-30 14:00,Centro-Oeste,CE-02,81.22,133.45,2,152.46
2026-01-30 14:00,Nordeste,NO-01,78.57,119.08,1,187.35
2026-01-30 14:00,Nordeste,NO-02,79.83,118.79,3,193.79
2026-01-30 14:00,Norte,NO-01,93.15,133.11,5,209.57
2026-01-30 14:00,Norte,NO-02,70.32,94.51,1,225.74
2026-01-30 14:00,Sudeste,SU-01,83.16,102.41,5,260.56
2026-01-30 14:00,Sudeste,SU-02,88.5,113.38,2,236.35
2026-01-30 14:00,Sul,SU-01,94.68,133.04,2,200.11
2026-01-30 14:00,Sul,SU-02,71.51,101.72,3,224.92
2026-01-30 15:00,Centro-Oeste,CE-01,72.88,98.2,2,215.57
2026-01-30 15:00,Centro-Oeste,CE-02,82.69,130.74,2,164.18
2026-01-30 15:00,Nordeste,NO-01,87.54,119.37,1,220.32
2026-01-30 15:00,Nordeste,NO-02,81.2,120.04,3,191.77
2026-01-30 15:00,Norte,NO-01,96.81,132.93,5,230.97
2026-01-30 15:00,Norte,NO-02,71.53,98.74,1,207.85
2026-01-30 15:00,Sudeste,SU-01,82.0,98.23,5,257.77
2026-01-30 15:00,Sudeste,SU-02,96.88,112.6,2,282.29
2026-01-30 15:00,Sul,SU-01,98.22,127.92,2,248.66
2026-01-30 15:00,Sul,SU-02,76.49,100.58,3,239.36
2026-01-30 16:00,Centro-Oeste,CE-01,69.94,96.06,2,216.68
2026-01-30 16:00,Centro-Oeste,CE-02,92.03,128.81,2,210.99
2026-01-30 16:00,Nordeste,NO-01,88.88,117.18,1,224.68
2026-01-30 16:00,Nordeste,NO-02,82.76,115.53,3,199.02
2026-01-30 16:00,Norte,NO-01,107.16,106.17,5,368.94
2026-01-30 16:00,Norte,NO-02,69.51,79.61,1,287.45
2026-01-30 16:00,Sudeste,SU-01,88.3,100.65,5,282.23
2026-01-30 16:00,Sudeste,SU-02,105.62,109.64,2,332.43
2026-01-30 16:00,Sul,SU-01,97.51,129.52,2,219.96
2026-01-30 16:00,Sul,SU-02,76.43,98.91,3,232.99
2026-01-30 17:00,Centro-Oeste,CE-01,77.66,95.88,2,256.7
2026-01-30 17:00,Centro-Oeste,CE-02,95.98,129.44,2,221.89
2026-01-30 17:00,Nordeste,NO-01,85.43,111.06,1,238.07
2026-01-30 17:00,Nordeste,NO-02,85.46,115.94,3,215.68
2026-01-30 17:00,Norte,NO-01,105.49,105.95,5,361.13
2026-01-30 17:00,Norte,NO-02,74.98,75.4,1,343.19
2026-01-30 17:00,Sudeste,SU-01,91.75,96.26,5,328.77
2026-01-30 17:00,Sudeste,SU-02,106.14,109.41,2,333.8
2026-01-30 17:00,Sul,SU-01,98.37,125.05,2,266.84
2026-01-30 17:00,Sul,SU-02,78.31,98.87,3,237.25
2026-01-30 18:00,Centro-Oeste,CE-01,75.05,95.41,2,243.15
2026-01-30 18:00,Centro-Oeste,CE-02,94.59,123.88,2,232.35
2026-01-30 18:00,Nordeste,NO-01,96.56,108.45,1,281.39
2026-01-30 18:00,Nordeste,NO-02,81.85,111.21,3,217.43
2026-01-30 18:00,Norte,NO-01,106.61,99.72,5,390.77
2026-01-30 18:00,Norte,NO-02,75.09,75.9,1,342.12
2026-01-30 18:00,Sudeste,SU-01,93.62,93.99,5,335.14
2026-01-30 18:00,Sudeste,SU-02,101.51,105.29,2,330.81
2026-01-30 18:00,Sul,SU-01,105.93,126.02,2,259.34
2026-01-30 18:00,Sul,SU-02,79.73,94.01,3,275.13
2026-01-30 19:00,Centro-Oeste,CE-01,85.03,91.19,2,319.24
2026-01-30 19:00,Centro-Oeste,CE-02,96.05,121.28,2,239.06
2026-01-30 19:00,Nordeste,NO-01,95.24,110.87,1,276.23
2026-01-30 19:00,Nordeste,NO-02,89.25,114.18,3,234.3
2026-01-30 19:00,Norte,NO-01,105.99,103.98,5,367.5
2026-01-30 19:00,Norte,NO-02,72.86,73.1,1,342.64
2026-01-30 19:00,Sudeste,SU-01,89.88,94.33,5,314.73
2026-01-30 19:00,Sudeste,SU-02,105.44,104.64,2,360.95
2026-01-30 19:00,Sul,SU-01,106.9,122.67,2,288.06
2026-01-30 19:00,Sul,SU-02,84.7,93.47,3,308.95
2026-01-30 20:00,Centro-Oeste,CE-01,83.75,91.67,2,304.02
2026-01-30 20:00,Centro-Oeste,CE-02,98.57,123.73,2,242.58
2026-01-30 20:00,Nordeste,NO-01,91.71,107.47,1,274.15
2026-01-30 20:00,Nordeste,NO-02,87.57,115.37,3,213.9
2026-01-30 20:00,Norte,NO-01,106.15,122.18,5,277.53
2026-01-30 20:00,Norte,NO-02,70.76,91.4,1,224.33
2026-01-30 20:00,Sudeste,SU-01,88.54,92.08,5,335.64
2026-01-30 20:00,Sudeste,SU-02,104.31,109.02,2,336.73
2026-01-30 20:00,Sul,SU-01,103.49,121.39,2,279.32
2026-01-30 20:00,Sul,SU-02,84.2,95.22,3,304.98
2026-01-30 21:00,Centro-Oeste,CE-01,77.0,90.93,2,267.92
2026-01-30 21:00,Centro-Oeste,CE-02,96.67,121.86,2,242.81
2026-01-30 21:00,Nordeste,NO-01,90.48,102.77,1,284.37
2026-01-30 21:00,Nordeste,NO-02,81.87,107.53,3,242.75
2026-01-30 21:00,Norte,NO-01,96.29,122.24,5,249.85
2026-01-30 21:00,Norte,NO-02,72.92,90.5,1,245.72
2026-01-30 21:00,Sudeste,SU-01,90.75,90.36,5,358.53
2026-01-30 21:00,Sudeste,SU-02,99.43,104.13,2,324.1
2026-01-30 21:00,Sul,SU-01,106.17,117.64,2,305.55
2026-01-30 21:00,Sul,SU-02,83.61,92.39,3,292.73
2026-01-30 22:00,Centro-Oeste,CE-01,75.8,85.65,2,299.44
2026-01-30 22:00,Centro-Oeste,CE-02,97.91,119.85,2,256.53
2026-01-30 22:00,Nordeste,NO-01,87.04,102.68,1,278.59
2026-01-30 22:00,Nordeste,NO-02,80.95,108.82,3,207.38
2026-01-30 22:00,Norte,NO-01,93.85,122.94,5,225.17
2026-01-30 22:00,Norte,NO-02,68.49,86.42,1,235.84
2026-01-30 22:00,Sudeste,SU-01,85.2,90.65,5,322.1
2026-01-30 22:00,Sudeste,SU-02,93.25,105.67,2,282.4
2026-01-30 22:00,Sul,SU-01,106.18,119.74,2,302.77
2026-01-30 22:00,Sul,SU-02,79.98,90.52,3,296.5
2026-01-30 23:00,Centro-Oeste,CE-01,72.48,90.04,2,250.4
2026-01-30 23:00,Centro-Oeste,CE-02,88.15,121.0,2,204.81
2026-01-30 23:00,Nordeste,NO-01,85.89,107.78,1,245.0
2026-01-30 23:00,Nordeste,NO-02,82.0,105.05,3,238.45
2026-01-30 23:00,Norte,NO-01,94.28,117.14,5,250.79
2026-01-30 23:00,Norte,NO-02,66.89,86.26,1,232.16
2026-01-30 23:00,Sudeste,SU-01,73.28,93.93,5,235.05
2026-01-30 23:00,Sudeste,SU-02,89.93,103.19,2,284.39
2026-01-30 23:00,Sul,SU-01,108.25,120.13,2,294.31
2026-01-30 23:00,Sul,SU-02,82.14,88.73,3,313.94
